Rental_state;Start;End;Revenue;Distance;duration_minute;revenue_minute;revenue_km;car_id;accum_distance;battery_left;reset_flag;segment;running_duration;running_revenue;profitable_minutes;Incentive20;Incentive15;Incentive10;Incentive5
RED;19:04,3;39:20,4;4,57;4;20,2686;0,225471912;1,1425;1;4;98;0;1000000;20,2686;4,57;0;-20;-15;-10;-5
RED;45:17,9;06:59,7;4,44;7;21,69556667;0,204650105;0,634285714;1;11;94,5;0;1000000;41,96416667;9,01;0;-20;-15;-10;-5
RED;01:34,3;14:07,9;2,62;6;12,56041667;0,208591806;0,436666667;1;17;91,5;0;1000000;54,52458333;11,63;0;-20;-15;-10;-5
RED;00:22,7;09:30,2;1,82;1;9,12515;0,199448776;1,82;1;18;91;0;1000000;63,64973333;13,45;0;-20;-15;-10;-5
RED;31:38,0;40:57,7;2,57;2;9,3276;0,275526395;1,285;1;20;90;0;1000000;72,97733333;16,02;0;-20;-15;-10;-5
RED;41:57,2;53:25,5;2,42;4;11,47086667;0,210969238;0,605;1;24;88;0;1000000;84,4482;18,44;0;-20;-15;-10;-5
RED;33:13,8;47:24,7;2,82;5;14,18318333;0,198827015;0,564;1;29;85,5;0;1000000;98,63138333;21,26;0;-20;-15;-10;-5
RED;01:36,3;49:18,2;9,48;34;47,69873333;0,198747416;0,278823529;1;63;68,5;0;1000000;146,3301167;30,74;0;-20;-15;-10;-5
RED;22:18,0;32:53,0;2,02;4;10,58296667;0,190872755;0,505;1;67;66,5;0;1000000;156,9130833;32,76;0;-20;-15;-10;-5
RED;44:26,1;03:12,6;3,71;6;18,77481667;0,197605125;0,618333333;1;73;63,5;0;1000000;175,6879;36,47;0;-20;-15;-10;-5
RED;05:40,4;21:55,6;3,23;11;16,25328333;0,198729077;0,293636364;1;84;58;0;1000000;191,9411833;39,7;0;-20;-15;-10;-5
RED;11:58,8;26:46,8;2,94;5;14,79991667;0,198649767;0,588;1;89;55,5;0;1000000;206,7411;42,64;0;-20;-15;-10;-5
RED;31:17,4;38:38,4;2;3;7,349866667;0,27211378;0,666666667;1;92;54;0;1000000;214,0909667;44,64;0;-20;-15;-10;-5
RED;44:34,8;10:46,6;5,12;8;26,19731667;0,195439864;0,64;1;100;50;0;1000000;240,2882833;49,76;0;-20;-15;-10;-5
RED;14:54,3;28:50,3;2,46;3;13,93458333;0,176539186;0,82;1;103;48,5;0;1000000;254,2228667;52,22;0;-20;-15;-10;-5
RED;30:17,1;53:28,8;4,67;7;23,19621667;0,201325935;0,667142857;1;110;45;0;1000000;277,4190833;56,89;0;-20;-15;-10;-5
RED;28:57,2;43:19,1;3,03;5;14,36643333;0,210908298;0,606;1;115;42,5;0;1000000;291,7855167;59,92;0;-20;-15;-10;-5
RED;06:50,8;14:28,1;46,41;46;247,6216333;0,187423043;1,008913043;1;46;77;1;1000001;247,6216333;46,41;0;-20;-15;-10;-5
RED;48:05,9;07:19,7;5,34;7;19,23006667;0,277690145;0,762857143;1;53;73,5;0;1000001;266,8517;51,75;0;-20;-15;-10;-5
RED;16:11,5;27:07,8;2,22;4;10,93833333;0,202955965;0,555;1;57;71,5;0;1000001;277,7900333;53,97;0;-20;-15;-10;-5
RED;33:10,5;52:30,8;4,03;18;19,33883333;0,208388993;0,223888889;1;75;62,5;0;1000001;297,1288667;58;0;-20;-15;-10;-5
RED;53:23,7;01:01,9;1,61;2;7,636716667;0,210823587;0,805;1;77;61,5;0;1000001;304,7655833;59,61;0;-20;-15;-10;-5
RED;13:25,9;34:14,8;4,24;6;20,81516667;0,203697624;0,706666667;1;83;58,5;0;1000001;325,58075;63,85;0;-20;-15;-10;-5
RED;40:28,2;50:54,8;2,02;2;10,44393333;0,19341372;1,01;1;85;57,5;0;1000001;336,0246833;65,87;0;-20;-15;-10;-5
RED;58:04,9;09:46,3;2,34;2;11,68905;0,200187355;1,17;1;87;56,5;0;1000001;347,7137333;68,21;0;-20;-15;-10;-5
RED;09:19,5;21:44,4;2,42;5;12,41621667;0,194906393;0,484;1;92;54;0;1000001;360,12995;70,63;0;-20;-15;-10;-5
RED;35:11,5;54:21,0;3,95;5;19,15728333;0,206187899;0,79;1;97;51,5;0;1000001;379,2872333;74,58;0;-20;-15;-10;-5
RED;10:48,5;35:34,1;5,04;11;24,76053333;0,203549735;0,458181818;1;108;46;0;1000001;404,0477667;79,62;0;-20;-15;-10;-5
RED;41:00,0;53:20,2;2,62;3;12,33798333;0,21235237;0,873333333;1;111;44,5;0;1000001;416,38575;82,24;0;-20;-15;-10;-5
RED;04:51,9;13:28,6;1,82;4;8,611716667;0,211339977;0,455;1;115;42,5;0;1000001;424,9974667;84,06;0;-20;-15;-10;-5
RED;16:32,1;25:12,1;1,61;3;8,665883333;0,185786023;0,536666667;1;118;41;0;1000001;433,66335;85,67;0;-20;-15;-10;-5
RED;00:31,8;18:46,8;4,89;10;18,2489;0,267961357;0,489;1;128;36;0;1000001;451,91225;90,56;0;-20;-15;-10;-5
RED;21:42,6;41:22,1;3,62;3;19,65845;0,184144732;1,206666667;1;131;34,5;0;1000001;471,5707;94,18;0;-20;-15;-10;-5
RED;44:03,4;51:22,8;1,61;4;7,323716667;0,219833737;0,4025;1;135;32,5;0;1000001;478,8944167;95,79;0;-20;-15;-10;-5
RED;15:58,8;20:15,8;1,14;1;4,28375;0,266121973;1,14;1;136;32;0;1000001;483,1781667;96,93;0;-20;-15;-10;-5
RED;44:57,1;06:08,5;4,24;11;21,19101667;0,200084784;0,385454545;1;147;26,5;0;1000001;504,3691833;101,17;0;-20;-15;-10;-5
RED;07:48,5;25:11,2;3,63;8;17,37766667;0,208888804;0,45375;1;155;22,5;0;1000001;521,74685;104,8;0;-20;-15;-10;-5
RED;27:38,0;44:07,4;3,43;8;16,49006667;0,20800401;0,42875;1;8;96;1;1000002;16,49006667;3,43;0;-20;-15;-10;-5
RED;52:49,0;18:46,7;15,91;18;85,96118333;0,185083539;0,883888889;1;26;87;0;1000002;102,45125;19,34;0;-20;-15;-10;-5
RED;49:26,1;02:47,2;4;4;13,35133333;0,299595546;1;1;30;85;0;1000002;115,8025833;23,34;0;-20;-15;-10;-5
RED;40:30,1;08:57,1;5,65;15;28,4511;0,198586346;0,376666667;1;45;77,5;0;1000002;144,2536833;28,99;0;-20;-15;-10;-5
RED;12:42,5;30:56,2;3,51;5;18,22836667;0,192557022;0,702;1;50;75;0;1000002;162,48205;32,5;0;-20;-15;-10;-5
RED;57:41,3;12:49,8;3,03;6;15,14225;0,200102363;0,505;1;56;72;0;1000002;177,6243;35,53;0;-20;-15;-10;-5
RED;13:39,8;29:42,2;3,23;7;16,03978333;0,201374291;0,461428571;1;63;68,5;0;1000002;193,6640833;38,76;0;-20;-15;-10;-5
RED;23:24,2;32:06,8;1,82;4;8,710283333;0,208948427;0,455;1;67;66,5;0;1000002;202,3743667;40,58;0;-20;-15;-10;-5
RED;48:28,0;03:13,5;2,9;1;14,75878333;0,196493162;2,9;1;68;66;0;1000002;217,13315;43,48;0;-20;-15;-10;-5
RED;03:18,9;09:43,7;1,21;0;6,413333333;0,188669439;inf;1;68;66;0;1000002;223,5464833;44,69;0;-20;-15;-10;-5
RED;11:08,3;26:39,0;4,17;5;15,5117;0,268829335;0,834;1;73;63,5;0;1000002;239,0581833;48,86;0;-20;-15;-10;-5
RED;28:23,9;52:31,1;4,54;3;24,11921667;0,188231652;1,513333333;1;76;62;0;1000002;263,1774;53,4;0;-20;-15;-10;-5
RED;55:36,0;10:48,0;3,03;4;15,20076667;0,199332051;0,7575;1;80;60;0;1000002;278,3781667;56,43;0;-20;-15;-10;-5
RED;13:43,7;51:13,2;7,03;6;37,49266667;0,187503334;1,171666667;1;86;57;0;1000002;315,8708333;63,46;0;-20;-15;-10;-5
RED;57:17,0;20:23,3;4,64;8;23,10531667;0,20081958;0,58;1;94;53;0;1000002;338,97615;68,1;0;-20;-15;-10;-5
RED;39:09,8;56:05,4;3,43;9;16,92643333;0,202641628;0,381111111;1;103;48,5;0;1000002;355,9025833;71,53;0;-20;-15;-10;-5
RED;21:15,3;31:29,4;2,02;3;10,2349;0,197363921;0,673333333;1;106;47;0;1000002;366,1374833;73,55;0;-20;-15;-10;-5
RED;07:33,6;23:40,8;3,23;7;16,11916667;0,200382567;0,461428571;1;113;43,5;0;1000002;382,25665;76,78;0;-20;-15;-10;-5
RED;49:21,6;58:13,9;1,82;3;8,871783333;0,205144775;0,606666667;1;116;42;0;1000002;391,1284333;78,6;0;-20;-15;-10;-5
RED;59:59,6;13:00,7;2,62;5;13,01946667;0,201237122;0,524;1;121;39,5;0;1000002;404,1479;81,22;0;-20;-15;-10;-5
RED;13:11,5;27:49,2;2,82;4;14,62736667;0,192789315;0,705;1;125;37,5;0;1000002;418,7752667;84,04;0;-20;-15;-10;-5
RED;17:23,8;34:11,5;4,43;8;16,79458333;0,263775523;0,55375;1;133;33,5;0;1000002;435,56985;88,47;0;-20;-15;-10;-5
RED;46:42,0;55:12,2;1,82;3;8,503716667;0,214024064;0,606666667;1;136;32;0;1000002;444,0735667;90,29;0;-20;-15;-10;-5
RED;04:03,1;24:04,4;3,95;4;20,02135;0,197289394;0,9875;1;140;30;0;1000002;464,0949167;94,24;0;-20;-15;-10;-5
RED;40:43,4;53:13,6;2,42;5;12,50335;0,193548129;0,484;1;145;27,5;0;1000002;476,5982667;96,66;0;-20;-15;-10;-5
RED;00:41,0;18:03,3;3,93;4;17,37058333;0,226244561;0,9825;1;149;25,5;0;1000002;493,96885;100,59;0;-20;-15;-10;-5
RED;30:28,4;49:48,0;4,03;8;19,32748333;0,208511369;0,50375;1;157;21,5;0;1000002;513,2963333;104,62;0;-20;-15;-10;-5
RED;36:03,2;46:32,9;22,97;43;130,49505;0,176022002;0,534186047;1;43;78,5;1;1000003;130,49505;22,97;0;-20;-15;-10;-5
RED;40:57,3;13:03,1;6,25;23;32,09626667;0,194726697;0,27173913;1;66;67;0;1000003;162,5913167;29,22;0;-20;-15;-10;-5
RED;32:03,3;46:51,4;16,88;23;74,8021;0,225662114;0,733913043;1;89;55,5;0;1000003;237,3934167;46,1;0;-20;-15;-10;-5
RED;51:57,8;24:29,5;9,43;14;32,52915;0,289893834;0,673571429;1;103;48,5;0;1000003;269,9225667;55,53;0;-20;-15;-10;-5
RED;24:58,0;09:27,3;25,74;41;104,4883833;0,246343174;0,627804878;1;144;28;0;1000003;374,41095;81,27;0;-20;-15;-10;-5
RED;54:48,7;08:25,4;2,62;4;13,61193333;0,192478169;0,655;1;148;26;0;1000003;388,0228833;83,89;0;-20;-15;-10;-5
RED;09:06,0;19:13,6;2,02;2;10,12561667;0,199494023;1,01;1;150;25;0;1000003;398,1485;85,91;0;-20;-15;-10;-5
RED;39:29,4;50:01,9;2,61;2;10,54276667;0,2475631;1,305;1;152;24;0;1000003;408,6912667;88,52;0;-20;-15;-10;-5
RED;06:19,6;13:34,4;1,41;2;7,247016667;0,19456282;0,705;1;154;23;0;1000003;415,9382833;89,93;0;-20;-15;-10;-5
RED;29:45,5;32:01,2;0,4;0;2,261733333;0,176855509;inf;1;154;23;0;1000003;418,2000167;90,33;0;-20;-15;-10;-5
RED;34:51,7;49:12,5;2,82;5;14,34636667;0,196565449;0,564;1;159;20,5;0;1000003;432,5463833;93,15;0;-20;-15;-10;-5
RED;31:29,7;53:37,4;6,29;7;22,12825;0,284252031;0,898571429;1;7;96,5;1;1000004;22,12825;6,29;0;-20;-15;-10;-5
RED;04:53,2;20:08,8;3,97;8;15,25911667;0,260172334;0,49625;1;15;92,5;0;1000004;37,38736667;10,26;0;-20;-15;-10;-5
RED;50:34,0;00:09,2;1,82;3;9,587133333;0,189837769;0,606666667;1;18;91;0;1000004;46,9745;12,08;0;-20;-15;-10;-5
RED;02:54,8;29:39,0;5,45;11;26,73605;0,203844622;0,495454545;1;29;85,5;0;1000004;73,71055;17,53;0;-20;-15;-10;-5
RED;49:21,8;14:34,8;6,51;12;25,21676667;0,258161567;0,5425;1;41;79,5;0;1000004;98,92731667;24,04;0;-20;-15;-10;-5
RED;22:47,7;32:33,5;2,02;5;9,7631;0,206901496;0,404;1;46;77;0;1000004;108,6904167;26,06;0;-20;-15;-10;-5
RED;35:04,2;43:35,9;2,34;5;8,526983333;0,274422959;0,468;1;51;74,5;0;1000004;117,2174;28,4;0;-20;-15;-10;-5
RED;40:27,1;48:41,4;2,34;3;8,23855;0,284030564;0,78;1;54;73;0;1000004;125,45595;30,74;0;-20;-15;-10;-5
RED;15:44,9;26:07,1;2,22;5;10,37015;0,214075978;0,444;1;59;70,5;0;1000004;135,8261;32,96;0;-20;-15;-10;-5
RED;30:23,8;42:03,8;33,29;76;191,6652833;0,17368821;0,438026316;1;135;32,5;0;1000004;327,4913833;66,25;0;-20;-15;-10;-5
RED;04:44,3;16:41,8;2,25;2;11,95711667;0,188172455;1,125;1;137;31,5;0;1000004;339,4485;68,5;0;-20;-15;-10;-5
RED;30:52,5;45:04,3;2,82;6;14,19708333;0,198632348;0,47;1;143;28,5;0;1000004;353,6455833;71,32;0;-20;-15;-10;-5
RED;48:24,8;10:11,5;4,44;9;21,77735;0,203881556;0,493333333;1;152;24;0;1000004;375,4229333;75,76;0;-20;-15;-10;-5
RED;16:08,5;39:07,1;4,64;10;22,97778333;0,201934187;0,464;1;10;95;1;1000005;22,97778333;4,64;0;-20;-15;-10;-5
RED;45:31,0;15:35,4;6,05;11;30,07343333;0,201174237;0,55;1;21;89,5;0;1000005;53,05121667;10,69;0;-20;-15;-10;-5
RED;40:27,4;00:24,9;5,21;4;19,9583;0,261044277;1,3025;1;25;87,5;0;1000005;73,00951667;15,9;0;-20;-15;-10;-5
RED;31:43,3;01:40,7;6,05;12;29,95673333;0,201957935;0,504166667;1;37;81,5;0;1000005;102,96625;21,95;0;-20;-15;-10;-5
RED;26:54,5;44:49,8;3,51;7;17,92203333;0,195848313;0,501428571;1;44;78;0;1000005;120,8882833;25,46;0;-20;-15;-10;-5
RED;01:11,7;19:03,4;3,63;5;17,86085;0,203237808;0,726;1;49;75,5;0;1000005;138,7491333;29,09;0;-20;-15;-10;-5
RED;32:12,6;45:41,8;2,82;5;13,48598333;0,209105998;0,564;1;54;73;0;1000005;152,2351167;31,91;0;-20;-15;-10;-5
RED;54:27,2;20:36,2;4,87;6;26,1495;0,186236831;0,811666667;1;60;70;0;1000005;178,3846167;36,78;0;-20;-15;-10;-5
RED;21:35,8;28:55,7;1,61;2;7,330166667;0,219640299;0,805;1;62;69;0;1000005;185,7147833;38,39;0;-20;-15;-10;-5
RED;40:37,6;07:45,7;5,45;17;27,13515;0,200846504;0,320588235;1;79;60,5;0;1000005;212,8499333;43,84;0;-20;-15;-10;-5
RED;21:14,5;45:10,4;6,25;5;23,93086667;0,261168978;1,25;1;84;58;0;1000005;236,7808;50,09;0;-20;-15;-10;-5
RED;02:31,4;15:13,7;3,19;3;12,7049;0,251084227;1,063333333;1;87;56,5;0;1000005;249,4857;53,28;0;-20;-15;-10;-5
RED;18:06,0;27:47,3;2,86;2;9,688066667;0,295208538;1,43;1;89;55,5;0;1000005;259,1737667;56,14;0;-20;-15;-10;-5
RED;28:10,6;47:25,6;4,95;11;19,25038333;0,257137737;0,45;1;100;50;0;1000005;278,42415;61,09;0;-20;-15;-10;-5
RED;20:23,1;27:37,4;1,82;2;7,238916667;0,251418836;0,91;1;102;49;0;1000005;285,6630667;62,91;0;-20;-15;-10;-5
RED;00:15,0;10:17,3;2,02;4;10,03818333;0,201231631;0,505;1;106;47;0;1000005;295,70125;64,93;0;-20;-15;-10;-5
RED;36:19,3;10:51,2;7,06;19;34,53196667;0,204448246;0,371578947;1;125;37,5;0;1000005;330,2332167;71,99;0;-20;-15;-10;-5
RED;13:17,1;42:06,2;5,85;9;28,81856667;0,202994135;0,65;1;134;33;0;1000005;359,0517833;77,84;0;-20;-15;-10;-5
RED;20:00,7;38:21,2;4,95;5;18,34166667;0,269877328;0,99;1;139;30,5;0;1000005;377,39345;82,79;0;-20;-15;-10;-5
RED;39:26,8;49:08,3;2,02;3;9,692333333;0,208412147;0,673333333;1;142;29;0;1000005;387,0857833;84,81;0;-20;-15;-10;-5
RED;08:12,3;18:24,8;2,02;4;10,20931667;0,197858492;0,505;1;146;27;0;1000005;397,2951;86,83;0;-20;-15;-10;-5
RED;21:45,3;34:21,9;2,62;3;12,6096;0,207778201;0,873333333;1;149;25,5;0;1000005;409,9047;89,45;0;-20;-15;-10;-5
RED;53:32,8;03:36,0;1,89;2;10,05303333;0,188002958;0,945;1;151;24,5;0;1000005;419,9577333;91,34;0;-20;-15;-10;-5
RED;06:52,3;24:00,7;3,43;6;17,13888333;0,200129725;0,571666667;1;157;21,5;0;1000005;437,0966167;94,77;0;-20;-15;-10;-5
RED;51:25,5;58:49,4;1,41;2;7,3989;0,190568868;0,705;1;159;20,5;0;1000005;444,4955167;96,18;0;-20;-15;-10;-5
RED;06:50,8;25:05,2;3,63;5;18,24111667;0,199000975;0,726;1;5;97,5;1;1000006;18,24111667;3,63;0;-20;-15;-10;-5
RED;49:59,9;55:27,3;1,13;1;5,456633333;0,207087398;1,13;1;6;97;0;1000006;23,69775;4,76;0;-20;-15;-10;-5
RED;04:11,2;23:16,0;3,75;6;19,08046667;0,196536074;0,625;1;12;94;0;1000006;42,77821667;8,51;0;-20;-15;-10;-5
RED;25:35,3;45:01,6;3,95;6;19,43773333;0,203212995;0,658333333;1;18;91;0;1000006;62,21595;12,46;0;-20;-15;-10;-5
RED;21:28,4;42:44,5;3,65;3;21,2677;0,171621755;1,216666667;1;21;89,5;0;1000006;83,48365;16,11;0;-20;-15;-10;-5
RED;24:46,7;37:40,1;2,62;5;12,89006667;0,203257289;0,524;1;26;87;0;1000006;96,37371667;18,73;0;-20;-15;-10;-5
RED;49:07,9;58:39,4;1,82;2;9,52605;0,191055054;0,91;1;28;86;0;1000006;105,8997667;20,55;0;-20;-15;-10;-5
RED;59:19,5;16:58,8;3,55;5;17,65615;0,201063086;0,71;1;33;83,5;0;1000006;123,5559167;24,1;0;-20;-15;-10;-5
RED;18:45,7;28:25,6;1,82;4;9,6659;0,188290795;0,455;1;37;81,5;0;1000006;133,2218167;25,92;0;-20;-15;-10;-5
RED;07:04,4;14:14,3;1,82;2;7,164833333;0,25401847;0,91;1;39;80,5;0;1000006;140,38665;27,74;0;-20;-15;-10;-5
RED;18:40,5;29:38,1;2,22;4;10,95906667;0,202571995;0,555;1;43;78,5;0;1000006;151,3457167;29,96;0;-20;-15;-10;-5
RED;36:45,1;39:42,7;0,61;1;2,960483333;0,206047436;0,61;1;44;78;0;1000006;154,3062;30,57;0;-20;-15;-10;-5
RED;09:11,8;18:50,1;2,02;3;9,638533333;0,209575454;0,673333333;1;47;76,5;0;1000006;163,9447333;32,59;0;-20;-15;-10;-5
RED;35:01,6;51:34,8;3,23;6;16,55228333;0,195139241;0,538333333;1;53;73,5;0;1000006;180,4970167;35,82;0;-20;-15;-10;-5
RED;51:46,6;17:23,3;5,24;11;25,61131667;0,204597056;0,476363636;1;64;68;0;1000006;206,1083333;41,06;0;-20;-15;-10;-5
RED;23:51,0;43:33,6;3,91;6;19,70953333;0,198381156;0,651666667;1;70;65;0;1000006;225,8178667;44,97;0;-20;-15;-10;-5
RED;47:19,3;55:27,9;1,61;3;8,141966667;0,197740923;0,536666667;1;73;63,5;0;1000006;233,9598333;46,58;0;-20;-15;-10;-5
RED;56:12,9;03:30,9;1,41;2;7,298833333;0,193181559;0,705;1;75;62,5;0;1000006;241,2586667;47,99;0;-20;-15;-10;-5
RED;07:12,4;20:39,8;3,39;5;13,45698333;0,251913814;0,678;1;80;60;0;1000006;254,71565;51,38;0;-20;-15;-10;-5
RED;52:48,9;59:04,9;1,21;2;6,26765;0,193054813;0,605;1;82;59;0;1000006;260,9833;52,59;0;-20;-15;-10;-5
RED;42:52,9;49:26,8;1,41;2;6,565583333;0,214756242;0,705;1;84;58;0;1000006;267,5488833;54;0;-20;-15;-10;-5
RED;51:40,7;05:57,2;2,82;5;14,2757;0,197538474;0,564;1;89;55,5;0;1000006;281,8245833;56,82;0;-20;-15;-10;-5
RED;08:22,6;23:03,0;4,29;5;14,67398333;0,292354155;0,858;1;94;53;0;1000006;296,4985667;61,11;0;-20;-15;-10;-5
RED;36:13,6;43:24,8;1,41;3;7,18765;0,196169819;0,47;1;97;51,5;0;1000006;303,6862167;62,52;0;-20;-15;-10;-5
RED;18:28,2;32:21,5;2,82;5;13,88766667;0,203057869;0,564;1;102;49;0;1000006;317,5738833;65,34;0;-20;-15;-10;-5
RED;01:12,4;14:43,7;2,62;4;13,52153333;0,193765007;0,655;1;106;47;0;1000006;331,0954167;67,96;0;-20;-15;-10;-5
RED;33:26,9;12:51,7;7,87;20;39,41381667;0,199676171;0,3935;1;126;37;0;1000006;370,5092333;75,83;0;-20;-15;-10;-5
RED;37:39,3;02:48,7;5,16;8;25,15673333;0,205114072;0,645;1;134;33;0;1000006;395,6659667;80,99;0;-20;-15;-10;-5
RED;09:49,3;29:52,2;4,11;6;20,04933333;0,204994347;0,685;1;140;30;0;1000006;415,7153;85,1;0;-20;-15;-10;-5
RED;41:22,5;57:11,9;4,17;5;15,82361667;0,263530145;0,834;1;145;27,5;0;1000006;431,5389167;89,27;0;-20;-15;-10;-5
RED;35:53,5;06:56,3;6,25;10;31,0483;0,201299266;0,625;1;155;22,5;0;1000006;462,5872167;95,52;0;-20;-15;-10;-5
RED;09:05,0;11:25,0;0,4;0;2,3324;0,17149717;inf;1;155;22,5;0;1000006;464,9196167;95,92;0;-20;-15;-10;-5
RED;11:45,5;25:45,3;2,82;6;13,99541667;0,201494537;0,47;1;6;97;1;1000007;13,99541667;2,82;0;-20;-15;-10;-5
RED;50:45,8;04:45,6;2,82;6;13,99651667;0,201478701;0,47;1;12;94;0;1000007;27,99193333;5,64;0;-20;-15;-10;-5
RED;05:10,7;25:05,4;3,87;10;19,91165;0,194358579;0,387;1;22;89;0;1000007;47,90358333;9,51;0;-20;-15;-10;-5
RED;36:24,6;54:56,4;3,42;4;18,52983333;0,184567229;0,855;1;26;87;0;1000007;66,43341667;12,93;0;-20;-15;-10;-5
RED;58:46,0;14:27,4;3,23;5;15,69078333;0,20585333;0,646;1;31;84,5;0;1000007;82,1242;16,16;0;-20;-15;-10;-5
RED;56:45,2;35:11,2;9,05;11;38,43285;0,235475641;0,822727273;1;42;79;0;1000007;120,55705;25,21;0;-20;-15;-10;-5
RED;38:45,9;54:31,8;3,14;8;15,76476667;0,199178337;0,3925;1;50;75;0;1000007;136,3218167;28,35;0;-20;-15;-10;-5
RED;01:12,7;44:09,5;7,01;3;42,94591667;0,163228557;2,336666667;1;53;73,5;0;1000007;179,2677333;35,36;0;-20;-15;-10;-5
RED;45:08,4;09:04,5;4,84;10;23,93543333;0,20221067;0,484;1;63;68,5;0;1000007;203,2031667;40,2;0;-20;-15;-10;-5
RED;09:08,5;29:58,8;4,07;5;20,83855;0,195311094;0,814;1;68;66;0;1000007;224,0417167;44,27;0;-20;-15;-10;-5
RED;14:10,0;22:36,6;2,03;2;8,4429;0,240438712;1,015;1;70;65;0;1000007;232,4846167;46,3;0;-20;-15;-10;-5
RED;29:31,5;59:47,7;7,41;11;30,26858333;0,244808286;0,673636364;1;81;59,5;0;1000007;262,7532;53,71;0;-20;-15;-10;-5
RED;13:43,2;23:47,4;1,89;2;10,07103333;0,187666939;0,945;1;83;58,5;0;1000007;272,8242333;55,6;0;-20;-15;-10;-5
RED;26:57,4;35:40,3;1,82;3;8,714183333;0,208854913;0,606666667;1;86;57;0;1000007;281,5384167;57,42;0;-20;-15;-10;-5
RED;16:19,0;29:31,2;3,39;7;13,20276667;0,256764365;0,484285714;1;93;53,5;0;1000007;294,7411833;60,81;0;-20;-15;-10;-5
RED;35:13,4;06:32,4;9,14;19;31,31638333;0,291860012;0,481052632;1;112;44;0;1000007;326,0575667;69,95;0;-20;-15;-10;-5
RED;22:37,3;51:06,8;5,65;18;28,4914;0,198305454;0,313888889;1;130;35;0;1000007;354,5489667;75,6;0;-20;-15;-10;-5
RED;51:45,8;00:07,4;1,82;6;8,358816667;0,217734169;0,303333333;1;136;32;0;1000007;362,9077833;77,42;0;-20;-15;-10;-5
RED;03:07,1;11:15,7;1,61;2;8,1432;0,197710974;0,805;1;138;31;0;1000007;371,0509833;79,03;0;-20;-15;-10;-5
RED;59:41,0;09:11,1;1,82;2;9,502416667;0,191530225;0,91;1;140;30;0;1000007;380,5534;80,85;0;-20;-15;-10;-5
RED;13:44,1;19:44,6;1,21;2;6,008766667;0,201372439;0,605;1;142;29;0;1000007;386,5621667;82,06;0;-20;-15;-10;-5
RED;28:27,4;39:23,6;2,22;4;10,93616667;0,202996175;0,555;1;146;27;0;1000007;397,4983333;84,28;0;-20;-15;-10;-5
RED;28:21,4;50:05,3;4,44;8;21,73196667;0,204307326;0,555;1;154;23;0;1000007;419,2303;88,72;0;-20;-15;-10;-5
RED;18:08,2;32:29,3;2,82;8;14,35205;0,19648761;0,3525;1;8;96;1;1000008;14,35205;2,82;0;-20;-15;-10;-5
RED;16:14,1;40:37,3;4,84;9;24,38781667;0,19845975;0,537777778;1;17;91,5;0;1000008;38,73986667;7,66;0;-20;-15;-10;-5
RED;22:08,9;42:01,3;4,03;12;19,87355;0,20278209;0,335833333;1;29;85,5;0;1000008;58,61341667;11,69;0;-20;-15;-10;-5
RED;42:30,7;52:31,0;2,02;1;10,00495;0,201900059;2,02;1;30;85;0;1000008;68,61836667;13,71;0;-20;-15;-10;-5
RED;23:45,6;43:01,4;3,62;5;19,2624;0,187930891;0,724;1;35;82,5;0;1000008;87,88076667;17,33;0;-20;-15;-10;-5
RED;59:18,1;15:08,4;2,89;2;15,83835;0,182468502;1,445;1;37;81,5;0;1000008;103,7191167;20,22;0;-20;-15;-10;-5
RED;01:26,4;51:55,5;12,48;11;50,48568333;0,247198793;1,134545455;1;48;76;0;1000008;154,2048;32,7;0;-20;-15;-10;-5
RED;44:53,8;07:13,1;4,44;8;22,32138333;0,198912403;0,555;1;56;72;0;1000008;176,5261833;37,14;0;-20;-15;-10;-5
RED;53:24,0;19:40,5;6,77;8;26,27405;0,257668688;0,84625;1;64;68;0;1000008;202,8002333;43,91;0;-20;-15;-10;-5
RED;20:34,9;32:13,0;2,42;3;11,6346;0,208000275;0,806666667;1;67;66,5;0;1000008;214,4348333;46,33;0;-20;-15;-10;-5
RED;33:35,2;39:43,1;1,21;2;6,130666667;0,197368421;0,605;1;69;65,5;0;1000008;220,5655;47,54;0;-20;-15;-10;-5
RED;41:35,8;29:18,8;12,71;20;47,71585;0,266368513;0,6355;1;89;55,5;0;1000008;268,28135;60,25;0;-20;-15;-10;-5
RED;07:24,1;19:14,9;2,42;3;11,84681667;0,204274285;0,806666667;1;92;54;0;1000008;280,1281667;62,67;0;-20;-15;-10;-5
RED;20:27,1;30:57,4;2,02;4;10,50588333;0,192273218;0,505;1;96;52;0;1000008;290,63405;64,69;0;-20;-15;-10;-5
RED;58:03,4;34:32,4;7,46;12;36,48273333;0,204480293;0,621666667;1;108;46;0;1000008;327,1167833;72,15;0;-20;-15;-10;-5
RED;36:15,5;54:08,5;3,63;9;17,88396667;0,202975104;0,403333333;1;117;41,5;0;1000008;345,00075;75,78;0;-20;-15;-10;-5
RED;22:04,1;38:20,8;4,57;7;16,279;0,280729775;0,652857143;1;124;38;0;1000008;361,27975;80,35;0;-20;-15;-10;-5
RED;19:08,4;22:25,9;0,86;0;3,293233333;0,261141533;inf;1;124;38;0;1000008;364,5729833;81,21;0;-20;-15;-10;-5
RED;38:35,2;44:05,6;1,01;1;5,50695;0,183404607;1,01;1;125;37,5;0;1000008;370,0799333;82,22;0;-20;-15;-10;-5
RED;45:44,7;02:57,8;4,69;7;17,21868333;0,27237855;0,67;1;132;34;0;1000008;387,2986167;86,91;0;-20;-15;-10;-5
RED;08:42,8;25:33,5;3,22;4;16,84513333;0,191153132;0,805;1;136;32;0;1000008;404,14375;90,13;0;-20;-15;-10;-5
RED;17:42,3;33:53,4;3,23;8;16,18531667;0,199563596;0,40375;1;144;28;0;1000008;420,3290667;93,36;0;-20;-15;-10;-5
RED;37:40,1;45:55,1;1,61;3;8,2499;0,195153881;0,536666667;1;147;26,5;0;1000008;428,5789667;94,97;0;-20;-15;-10;-5
RED;03:46,4;29:38,9;5,36;9;25,87526667;0,207147624;0,595555556;1;156;22;0;1000008;454,4542333;100,33;0;-20;-15;-10;-5
RED;54:20,8;15:35,6;13,94;5;81,2456;0,171578522;2,788;1;5;97,5;1;1000009;81,2456;13,94;0;-20;-15;-10;-5
RED;16:07,3;20:51,4;1,3;1;4,735283333;0,274534787;1,3;1;6;97;0;1000009;85,98088333;15,24;0;-20;-15;-10;-5
RED;29:49,9;49:39,3;4,03;6;19,8221;0,203308428;0,671666667;1;12;94;0;1000009;105,8029833;19,27;0;-20;-15;-10;-5
RED;52:02,3;57:16,8;1,21;0;5,241483333;0,230850682;inf;1;12;94;0;1000009;111,0444667;20,48;0;-20;-15;-10;-5
RED;10:27,3;49:59,4;9,36;17;39,53386667;0,236759032;0,550588235;1;29;85,5;0;1000009;150,5783333;29,84;0;-20;-15;-10;-5
RED;55:36,4;16:28,7;4,24;10;20,87126667;0,203150104;0,424;1;39;80,5;0;1000009;171,4496;34,08;0;-20;-15;-10;-5
RED;23:43,2;34:52,0;2,22;4;11,14631667;0,199168933;0,555;1;43;78,5;0;1000009;182,5959167;36,3;0;-20;-15;-10;-5
RED;37:31,7;45:13,4;1,53;1;7,694033333;0,19885539;1,53;1;44;78;0;1000009;190,28995;37,83;0;-20;-15;-10;-5
RED;06:59,7;14:59,6;2,08;2;7,9992;0,260026003;1,04;1;46;77;0;1000009;198,28915;39,91;0;-20;-15;-10;-5
RED;27:01,3;56:05,2;5,85;10;29,06446667;0,201276702;0,585;1;56;72;0;1000009;227,3536167;45,76;0;-20;-15;-10;-5
RED;58:15,0;18:36,5;6;4;20,35776667;0,294727811;1,5;1;60;70;0;1000009;247,7113833;51,76;0;-20;-15;-10;-5
RED;19:42,1;27:12,9;1,61;3;7,514033333;0,214265752;0,536666667;1;63;68,5;0;1000009;255,2254167;53,37;0;-20;-15;-10;-5
RED;40:53,3;55:07,6;2,82;5;14,2371;0,198074046;0,564;1;68;66;0;1000009;269,4625167;56,19;0;-20;-15;-10;-5
RED;41:57,1;48:36,0;1,21;3;6,647733333;0,182016928;0,403333333;1;71;64,5;0;1000009;276,11025;57,4;0;-20;-15;-10;-5
RED;08:21,9;19:13,8;1,97;1;10,86463333;0,181322272;1,97;1;72;64;0;1000009;286,9748833;59,37;0;-20;-15;-10;-5
RED;17:33,4;31:36,6;2,82;6;14,05256667;0,200675084;0,47;1;78;61;0;1000009;301,02745;62,19;0;-20;-15;-10;-5
RED;32:08,8;50:47,8;3,83;6;18,65013333;0,205360462;0,638333333;1;84;58;0;1000009;319,6775833;66,02;0;-20;-15;-10;-5
RED;52:23,3;05:26,4;2,62;3;13,05153333;0,200742697;0,873333333;1;87;56,5;0;1000009;332,7291167;68,64;0;-20;-15;-10;-5
RED;36:48,4;58:51,5;4,44;11;22,0515;0,201346847;0,403636364;1;98;51;0;1000009;354,7806167;73,08;0;-20;-15;-10;-5
RED;08:18,4;36:12,7;5,23;7;27,90586667;0,187415788;0,747142857;1;105;47,5;0;1000009;382,6864833;78,31;0;-20;-15;-10;-5
RED;37:03,5;48:29,7;2,42;5;11,43666667;0,211600117;0,484;1;110;45;0;1000009;394,12315;80,73;0;-20;-15;-10;-5
RED;24:18,8;35:09,7;2,22;3;10,8483;0,204640358;0,74;1;113;43,5;0;1000009;404,97145;82,95;0;-20;-15;-10;-5
RED;44:07,0;00:57,5;3,43;14;16,84141667;0,203664577;0,245;1;127;36,5;0;1000009;421,8128667;86,38;0;-20;-15;-10;-5
RED;02:08,7;07:18,3;1,3;1;5,160933333;0,251892423;1,3;1;128;36;0;1000009;426,9738;87,68;0;-20;-15;-10;-5
RED;10:11,4;52:15,9;11,37;12;42,07406667;0,270237724;0,9475;1;140;30;0;1000009;469,0478667;99,05;0;-20;-15;-10;-5
RED;15:05,0;56:08,2;8,27;14;41,05431667;0,201440449;0,590714286;1;154;23;0;1000009;510,1021833;107,32;0;-20;-15;-10;-5
RED;03:22,5;28:36,7;4,96;8;25,2368;0,196538388;0,62;1;8;96;1;1000010;25,2368;4,96;0;-20;-15;-10;-5
RED;45:44,2;01:37,2;3,23;8;15,88218333;0,203372542;0,40375;1;16;92;0;1000010;41,11898333;8,19;0;-20;-15;-10;-5
RED;34:43,7;50:14,1;3,03;12;15,50675;0,195398778;0,2525;1;28;86;0;1000010;56,62573333;11,22;0;-20;-15;-10;-5
RED;52:19,3;23:31,3;7,77;18;31,19931667;0,249043916;0,431666667;1;46;77;0;1000010;87,82505;18,99;0;-20;-15;-10;-5
RED;52:06,3;08:25,6;3,23;8;16,3217;0,197896052;0,40375;1;54;73;0;1000010;104,14675;22,22;0;-20;-15;-10;-5
RED;08:30,8;54:13,6;7,86;4;45,71365;0,171939891;1,965;1;58;71;0;1000010;149,8604;30,08;0;-20;-15;-10;-5
RED;08:28,4;34:54,3;5,36;8;26,43256667;0,202780156;0,67;1;66;67;0;1000010;176,2929667;35,44;0;-20;-15;-10;-5
RED;50:15,8;02:02,2;3,13;4;11,77343333;0,265852782;0,7825;1;70;65;0;1000010;188,0664;38,57;0;-20;-15;-10;-5
RED;03:53,7;12:03,2;1,61;2;8,156883333;0,197379309;0,805;1;72;64;0;1000010;196,2232833;40,18;0;-20;-15;-10;-5
RED;12:10,0;18:08,3;1,21;2;5,97085;0,202651214;0,605;1;74;63;0;1000010;202,1941333;41,39;0;-20;-15;-10;-5
RED;27:14,4;45:08,7;3,63;6;17,90545;0,202731571;0,605;1;80;60;0;1000010;220,0995833;45,02;0;-20;-15;-10;-5
RED;48:19,1;53:58,7;1,21;2;5,6593;0,213807361;0,605;1;82;59;0;1000010;225,7588833;46,23;0;-20;-15;-10;-5
RED;55:23,3;18:19,1;4,64;12;22,9298;0,202356758;0,386666667;1;94;53;0;1000010;248,6886833;50,87;0;-20;-15;-10;-5
RED;23:44,1;29:50,9;1,21;1;6,11445;0,197891879;1,21;1;95;52,5;0;1000010;254,8031333;52,08;0;-20;-15;-10;-5
RED;49:16,7;42:22,2;13,56;34;53,0923;0,255404268;0,398823529;1;129;35,5;0;1000010;307,8954333;65,64;0;-20;-15;-10;-5
RED;52:38,6;01:46,6;1,82;2;9,13415;0,199252257;0,91;1;131;34,5;0;1000010;317,0295833;67,46;0;-20;-15;-10;-5
RED;49:10,8;57:12,8;1,61;2;8,033783333;0,200403712;0,805;1;133;33,5;0;1000010;325,0633667;69,07;0;-20;-15;-10;-5
RED;52:55,1;11:21,2;3,63;5;18,43411667;0,196917491;0,726;1;138;31;0;1000010;343,4974833;72,7;0;-20;-15;-10;-5
RED;24:49,1;35:04,6;2,02;3;10,25796667;0,196920117;0,673333333;1;141;29,5;0;1000010;353,75545;74,72;0;-20;-15;-10;-5
RED;40:07,4;55:58,0;3,23;6;15,84466667;0,203854083;0,538333333;1;147;26,5;0;1000010;369,6001167;77,95;0;-20;-15;-10;-5
RED;10:26,8;20:22,9;2,02;2;9,93535;0,203314428;1,01;1;149;25,5;0;1000010;379,5354667;79,97;0;-20;-15;-10;-5
RED;23:29,7;46:00,3;5,59;7;22,511;0,248323042;0,798571429;1;156;22;0;1000010;402,0464667;85,56;0;-20;-15;-10;-5
RED;57:50,0;03:11,7;1,21;0;5,361083333;0,225700651;inf;1;156;22;0;1000010;407,40755;86,77;0;-20;-15;-10;-5
RED;14:21,6;24:51,1;2,02;2;10,49251667;0,19251816;1,01;1;158;21;0;1000010;417,9000667;88,79;0;-20;-15;-10;-5
RED;25:44,1;35:50,5;2,22;4;10,10713333;0,21964685;0,555;1;4;98;1;1000011;10,10713333;2,22;0;-20;-15;-10;-5
RED;03:18,6;16:48,0;2,82;8;13,48985;0,209046061;0,3525;1;12;94;0;1000011;23,59698333;5,04;0;-20;-15;-10;-5
RED;34:53,5;45:53,3;2,14;3;10,996;0,194616224;0,713333333;1;15;92,5;0;1000011;34,59298333;7,18;0;-20;-15;-10;-5
RED;31:06,0;52:15,4;4,24;10;21,1563;0,200413116;0,424;1;25;87,5;0;1000011;55,74928333;11,42;0;-20;-15;-10;-5
RED;32:55,6;39:45,5;1,41;4;6,832466667;0,206367637;0,3525;1;29;85,5;0;1000011;62,58175;12,83;0;-20;-15;-10;-5
RED;40:22,5;25:55,9;7,69;3;45,55605;0,168803046;2,563333333;1;32;84;0;1000011;108,1378;20,52;0;-20;-15;-10;-5
RED;12:20,8;42:53,2;7,87;14;30,54031667;0,257692154;0,562142857;1;46;77;0;1000011;138,6781167;28,39;0;-20;-15;-10;-5
RED;30:01,3;00:05,5;5,88;13;30,06976667;0,195545249;0,452307692;1;59;70,5;0;1000011;168,7478833;34,27;0;-20;-15;-10;-5
RED;14:53,9;31:47,6;4,86;6;16,89508333;0,287657652;0,81;1;65;67,5;0;1000011;185,6429667;39,13;0;-20;-15;-10;-5
RED;54:04,0;03:52,2;1,89;2;9,80465;0,192765678;0,945;1;67;66,5;0;1000011;195,4476167;41,02;0;-20;-15;-10;-5
RED;05:00,8;21:28,2;4,43;6;16,45626667;0,26919836;0,738333333;1;73;63,5;0;1000011;211,9038833;45,45;0;-20;-15;-10;-5
RED;00:23,8;32:50,6;7,59;9;32,44668333;0,233922214;0,843333333;1;82;59;0;1000011;244,3505667;53,04;0;-20;-15;-10;-5
RED;04:29,5;09:48,3;1,01;1;5,31345;0,190083656;1,01;1;83;58,5;0;1000011;249,6640167;54,05;0;-20;-15;-10;-5
RED;19:57,0;12:33,1;10,78;8;52,60118333;0,204938355;1,3475;1;91;54,5;0;1000011;302,2652;64,83;0;-20;-15;-10;-5
RED;48:32,0;14:27,1;5,24;14;25,91868333;0,202170764;0,374285714;1;105;47,5;0;1000011;328,1838833;70,07;0;-20;-15;-10;-5
RED;24:30,3;45:52,2;5,73;8;21,36508333;0,268194601;0,71625;1;113;43,5;0;1000011;349,5489667;75,8;0;-20;-15;-10;-5
RED;25:06,3;47:24,7;4,44;10;22,3066;0,199044229;0,444;1;123;38,5;0;1000011;371,8555667;80,24;0;-20;-15;-10;-5
RED;01:57,5;14:38,6;2,62;6;12,68423333;0,206555645;0,436666667;1;129;35,5;0;1000011;384,5398;82,86;0;-20;-15;-10;-5
RED;24:31,5;36:15,6;2,42;4;11,73408333;0,206236817;0,605;1;133;33,5;0;1000011;396,2738833;85,28;0;-20;-15;-10;-5
RED;06:44,7;25:24,8;4,95;9;18,66895;0,265146138;0,55;1;142;29;0;1000011;414,9428333;90,23;0;-20;-15;-10;-5
RED;40:41,1;16:59,9;6,98;16;36,31343333;0,192215369;0,43625;1;158;21;0;1000011;451,2562667;97,21;0;-20;-15;-10;-5
RED;18:07,7;27:45,8;2,02;3;9,635633333;0,209638529;0,673333333;1;3;98,5;1;1000012;9,635633333;2,02;0;-20;-15;-10;-5
RED;28:26,6;36:12,1;1,61;2;7,758666667;0,207509881;0,805;1;5;97,5;0;1000012;17,3943;3,63;0;-20;-15;-10;-5
RED;40:57,5;08:53,7;5,65;33;27,93648333;0,202244496;0,171212121;1;38;81;0;1000012;45,33078333;9,28;0;-20;-15;-10;-5
RED;46:18,9;55:43,6;2,86;4;9,41155;0,303881932;0,715;1;42;79;0;1000012;54,74233333;12,14;0;-20;-15;-10;-5
RED;35:42,4;38:24,2;0,61;1;2,696266667;0,22623875;0,61;1;43;78,5;0;1000012;57,4386;12,75;0;-20;-15;-10;-5
RED;57:45,4;05:58,2;1,61;3;8,213766667;0,196012386;0,536666667;1;46;77;0;1000012;65,65236667;14,36;0;-20;-15;-10;-5
RED;58:42,6;15:31,2;3,43;11;16,80971667;0,20404865;0,311818182;1;57;71,5;0;1000012;82,46208333;17,79;0;-20;-15;-10;-5
RED;16:06,7;21:03,1;1,01;1;4,939716667;0,204465168;1,01;1;58;71;0;1000012;87,4018;18,8;0;-20;-15;-10;-5
RED;48:15,9;03:28,9;3,03;6;15,21608333;0,199131402;0,505;1;64;68;0;1000012;102,6178833;21,83;0;-20;-15;-10;-5
RED;10:14,4;21:28,9;2,22;3;11,24168333;0,197479322;0,74;1;67;66,5;0;1000012;113,8595667;24,05;0;-20;-15;-10;-5
RED;29:14,6;40:18,3;2,22;3;11,0611;0,200703366;0,74;1;70;65;0;1000012;124,9206667;26,27;0;-20;-15;-10;-5
RED;40:58,1;22:58,6;7,83;9;42,0084;0,186391293;0,87;1;79;60,5;0;1000012;166,9290667;34,1;0;-20;-15;-10;-5
RED;25:51,7;45:09,0;3,83;8;19,2881;0,198568029;0,47875;1;87;56,5;0;1000012;186,2171667;37,93;0;-20;-15;-10;-5
RED;46:56,0;27:49,3;7,22;4;40,88715;0,176583597;1,805;1;91;54,5;0;1000012;227,1043167;45,15;0;-20;-15;-10;-5
RED;40:00,8;56:40,3;3,35;4;16,65883333;0,201094514;0,8375;1;95;52,5;0;1000012;243,76315;48,5;0;-20;-15;-10;-5
RED;41:24,1;54:07,0;2,62;4;12,71376667;0,206075829;0,655;1;99;50,5;0;1000012;256,4769167;51,12;0;-20;-15;-10;-5
RED;14:44,4;25:18,4;2,22;3;10,56725;0,21008304;0,74;1;102;49;0;1000012;267,0441667;53,34;0;-20;-15;-10;-5
RED;54:05,8;03:23,0;1,82;4;9,286766667;0,195977789;0,455;1;106;47;0;1000012;276,3309333;55,16;0;-20;-15;-10;-5
RED;06:26,7;33:12,8;5,45;8;26,76821667;0,203599667;0,68125;1;114;43;0;1000012;303,09915;60,61;0;-20;-15;-10;-5
RED;34:07,3;09:41,1;6,81;8;35,5639;0,191486311;0,85125;1;122;39;0;1000012;338,66305;67,42;0;-20;-15;-10;-5
RED;15:05,9;40:03,5;6,51;17;24,96003333;0,260816959;0,382941176;1;139;30,5;0;1000012;363,6230833;73,93;0;-20;-15;-10;-5
RED;59:23,6;20:20,2;5,47;8;20,94358333;0,261177847;0,68375;1;147;26,5;0;1000012;384,5666667;79,4;0;-20;-15;-10;-5
RED;23:18,3;31:46,6;1,82;3;8,471183333;0,214846017;0,606666667;1;150;25;0;1000012;393,03785;81,22;0;-20;-15;-10;-5
RED;49:01,8;05:39,9;3,14;3;16,63578333;0,188749753;1,046666667;1;153;23,5;0;1000012;409,6736333;84,36;0;-20;-15;-10;-5
RED;07:06,9;27:58,7;5,75;6;20,86326667;0,275604012;0,958333333;1;159;20,5;0;1000012;430,5369;90,11;0;-20;-15;-10;-5
RED;31:08,9;44:09,8;2,62;5;13,01511667;0,201304381;0,524;1;5;97,5;1;1000013;13,01511667;2,62;0;-20;-15;-10;-5
RED;55:10,1;03:19,4;1,61;4;8,15415;0,197445473;0,4025;1;9;95,5;0;1000013;21,16926667;4,23;0;-20;-15;-10;-5
RED;06:33,1;16:48,5;2,02;4;10,25586667;0,196960439;0,505;1;13;93,5;0;1000013;31,42513333;6,25;0;-20;-15;-10;-5
RED;17:05,4;38:05,7;4,15;8;21,00585;0,197564012;0,51875;1;21;89,5;0;1000013;52,43098333;10,4;0;-20;-15;-10;-5
RED;38:59,1;10:30,6;6,17;10;31,52466667;0,195719754;0,617;1;31;84,5;0;1000013;83,95565;16,57;0;-20;-15;-10;-5
RED;38:37,8;45:25,8;1,82;3;6,800216667;0,267638531;0,606666667;1;34;83;0;1000013;90,75586667;18,39;0;-20;-15;-10;-5
RED;02:16,8;15:02,1;2,62;5;12,7555;0,205401591;0,524;1;39;80,5;0;1000013;103,5113667;21,01;0;-20;-15;-10;-5
RED;42:27,6;00:05,1;3,63;5;17,62348333;0,205975171;0,726;1;44;78;0;1000013;121,13485;24,64;0;-20;-15;-10;-5
RED;48:51,0;58:58,6;2,02;2;10,12691667;0,199468413;1,01;1;46;77;0;1000013;131,2617667;26,66;0;-20;-15;-10;-5
RED;06:12,6;21:40,5;3,23;4;15,46465;0,20886344;0,8075;1;50;75;0;1000013;146,7264167;29,89;0;-20;-15;-10;-5
RED;36:20,8;53:50,6;24,18;14;137,4969667;0,175858425;1,727142857;1;64;68;0;1000013;284,2233833;54,07;0;-20;-15;-10;-5
RED;03:47,9;18:58,3;3,03;5;15,17205;0,199709334;0,606;1;69;65,5;0;1000013;299,3954333;57,1;0;-20;-15;-10;-5
RED;51:03,1;12:58,4;4,44;6;21,92276667;0,202529182;0,74;1;75;62,5;0;1000013;321,3182;61,54;0;-20;-15;-10;-5
RED;16:04,9;24:45,4;1,82;2;8,675916667;0,209776104;0,91;1;77;61,5;0;1000013;329,9941167;63,36;0;-20;-15;-10;-5
RED;25:58,5;49:18,3;4,64;12;23,32998333;0,198885697;0,386666667;1;89;55,5;0;1000013;353,3241;68;0;-20;-15;-10;-5
RED;59:13,1;28:12,2;7,55;21;28,9847;0,260482254;0,35952381;1;110;45;0;1000013;382,3088;75,55;0;-20;-15;-10;-5
RED;01:19,5;03:10,2;14,6;16;61,84346667;0,236079909;0,9125;1;126;37;0;1000013;444,1522667;90,15;0;-20;-15;-10;-5
RED;24:22,2;33:58,7;2,61;3;9,60815;0,271644385;0,87;1;129;35,5;0;1000013;453,7604167;92,76;0;-20;-15;-10;-5
RED;50:05,5;58:47,2;2,57;2;8,695383333;0,295559138;1,285;1;131;34,5;0;1000013;462,4558;95,33;0;-20;-15;-10;-5
RED;12:05,3;39:57,1;5,56;6;27,86345;0,199544565;0,926666667;1;137;31,5;0;1000013;490,31925;100,89;0;-20;-15;-10;-5
RED;53:10,2;05:19,5;2,21;2;12,15476667;0,181821672;1,105;1;139;30,5;0;1000013;502,4740167;103,1;0;-20;-15;-10;-5
RED;15:46,5;30:13,7;2,74;3;14,45276667;0,189583079;0,913333333;1;142;29;0;1000013;516,9267833;105,84;0;-20;-15;-10;-5
RED;38:04,8;55:56,0;3,55;2;17,85295;0,198846689;1,775;1;144;28;0;1000013;534,7797333;109,39;0;-20;-15;-10;-5
RED;14:13,3;16:06,7;0,4;1;1,88945;0,211701818;0,4;1;145;27,5;0;1000013;536,6691833;109,79;0;-20;-15;-10;-5
RED;24:40,0;37:15,6;2,62;7;12,59401667;0,208035297;0,374285714;1;152;24;0;1000013;549,2632;112,41;9,2632;-10,7368;-5,7368;-0,7368;4,2632
RED;41:25,8;48:33,1;1,41;4;7,12275;0,19795725;0,3525;1;156;22;0;1000013;556,38595;113,82;16,38595;-3,61405;1,38595;6,38595;11,38595
RED;08:55,2;15:54,7;1,41;2;6,991;0,201687884;0,705;1;158;21;0;1000013;563,37695;115,23;23,37695;3,37695;8,37695;13,37695;18,37695
RED;32:51,6;44:07,9;2,09;3;11,27198333;0,185415462;0,696666667;1;3;98,5;1;1000014;11,27198333;2,09;0;-20;-15;-10;-5
RED;08:16,8;33:02,2;7,14;8;24,75665;0,288407357;0,8925;1;11;94,5;0;1000014;36,02863333;9,23;0;-20;-15;-10;-5
RED;46:22,5;04:42,6;3,63;7;18,33573333;0,197974083;0,518571429;1;18;91;0;1000014;54,36436667;12,86;0;-20;-15;-10;-5
RED;50:06,4;00:41,1;2,22;3;10,5784;0,209861605;0,74;1;21;89,5;0;1000014;64,94276667;15,08;0;-20;-15;-10;-5
RED;04:40,9;12:35,4;2,08;1;7,908233333;0,263017024;2,08;1;22;89;0;1000014;72,851;17,16;0;-20;-15;-10;-5
RED;13:16,7;34:11,5;4,24;9;20,91268333;0,202747774;0,471111111;1;31;84,5;0;1000014;93,76368333;21,4;0;-20;-15;-10;-5
RED;40:34,4;05:40,5;4,79;7;25,10241667;0,190818281;0,684285714;1;38;81;0;1000014;118,8661;26,19;0;-20;-15;-10;-5
RED;32:12,3;46:44,0;2,82;5;14,52893333;0,19409546;0,564;1;43;78,5;0;1000014;133,3950333;29,01;0;-20;-15;-10;-5
RED;09:01,8;20:43,0;3,43;4;11,68671667;0,293495607;0,8575;1;47;76,5;0;1000014;145,08175;32,44;0;-20;-15;-10;-5
RED;31:41,0;30:45,3;13,65;20;59,07108333;0,231077529;0,6825;1;67;66,5;0;1000014;204,1528333;46,09;0;-20;-15;-10;-5
RED;37:02,9;46:19,3;1,82;3;9,272333333;0,196282849;0,606666667;1;70;65;0;1000014;213,4251667;47,91;0;-20;-15;-10;-5
RED;50:59,1;58:35,4;1,61;2;7,605116667;0,211699579;0,805;1;72;64;0;1000014;221,0302833;49,52;0;-20;-15;-10;-5
RED;52:30,6;03:27,0;2,22;3;10,93988333;0,20292721;0,74;1;75;62,5;0;1000014;231,9701667;51,74;0;-20;-15;-10;-5
RED;34:04,5;39:20,9;1,01;2;5,273233333;0,191533341;0,505;1;77;61,5;0;1000014;237,2434;52,75;0;-20;-15;-10;-5
RED;43:30,2;00:46,9;3,43;8;17,2781;0,198517198;0,42875;1;85;57,5;0;1000014;254,5215;56,18;0;-20;-15;-10;-5
RED;01:25,8;21:48,0;4,24;11;20,37135;0,208135445;0,385454545;1;96;52;0;1000014;274,89285;60,42;0;-20;-15;-10;-5
RED;26:44,5;55:12,9;5,85;15;28,47356667;0,205453713;0,39;1;111;44,5;0;1000014;303,3664167;66,27;0;-20;-15;-10;-5
RED;55:26,2;00:17,7;1,01;1;4,85855;0,207880952;1,01;1;112;44;0;1000014;308,2249667;67,28;0;-20;-15;-10;-5
RED;29:42,7;40:48,9;2,22;5;11,1022;0,199960368;0,444;1;117;41,5;0;1000014;319,3271667;69,5;0;-20;-15;-10;-5
RED;01:55,7;18:00,9;3,1;5;16,08735;0,192697989;0,62;1;122;39;0;1000014;335,4145167;72,6;0;-20;-15;-10;-5
RED;22:08,3;50:44,4;5,85;11;28,60208333;0,204530556;0,531818182;1;133;33,5;0;1000014;364,0166;78,45;0;-20;-15;-10;-5
RED;51:56,3;10:47,9;3,83;8;18,85936667;0,203082111;0,47875;1;141;29,5;0;1000014;382,8759667;82,28;0;-20;-15;-10;-5
RED;47:10,8;03:48,9;15,66;8;76,63613333;0,204342251;1,9575;1;149;25,5;0;1000014;459,5121;97,94;0;-20;-15;-10;-5
RED;07:18,6;19:30,8;2,42;2;12,20338333;0,198305661;1,21;1;151;24,5;0;1000014;471,7154833;100,36;0;-20;-15;-10;-5
RED;00:16,1;10:08,8;1,85;1;9,8781;0,18728298;1,85;1;152;24;0;1000014;481,5935833;102,21;0;-20;-15;-10;-5
RED;15:50,0;29:01,4;2,62;5;13,18943333;0,198643864;0,524;1;157;21,5;0;1000014;494,7830167;104,83;0;-20;-15;-10;-5
RED;29:57,1;34:44,5;12,02;16;64,79035;0,185521455;0,75125;1;16;92;1;1000015;64,79035;12,02;0;-20;-15;-10;-5
RED;35:10,9;49:30,5;3,03;6;14,32606667;0,211502576;0,505;1;22;89;0;1000015;79,11641667;15,05;0;-20;-15;-10;-5
RED;08:26,9;21:18,0;2,62;5;12,85053333;0,203882589;0,524;1;27;86,5;0;1000015;91,96695;17,67;0;-20;-15;-10;-5
RED;30:52,2;56:39,7;7,43;15;25,792;0,288073821;0,495333333;1;42;79;0;1000015;117,75895;25,1;0;-20;-15;-10;-5
RED;58:37,0;19:54,5;4,44;11;21,29166667;0,20853229;0,403636364;1;53;73,5;0;1000015;139,0506167;29,54;0;-20;-15;-10;-5
RED;16:24,0;20:50,1;1,01;1;4,436333333;0,22766549;1,01;1;54;73;0;1000015;143,48695;30,55;0;-20;-15;-10;-5
RED;28:59,4;39:53,2;2,87;4;10,89628333;0,263392564;0,7175;1;58;71;0;1000015;154,3832333;33,42;0;-20;-15;-10;-5
RED;45:05,7;00:00,0;3,03;7;14,90491667;0,203288624;0,432857143;1;65;67,5;0;1000015;169,28815;36,45;0;-20;-15;-10;-5
RED;01:19,9;07:08,9;1,21;2;5,816733333;0,208020538;0,605;1;67;66,5;0;1000015;175,1048833;37,66;0;-20;-15;-10;-5
RED;12:19,2;05:29,9;10,68;8;53,17933333;0,200829896;1,335;1;75;62,5;0;1000015;228,2842167;48,34;0;-20;-15;-10;-5
RED;08:06,2;32:10,2;4,84;12;24,06755;0,201100652;0,403333333;1;87;56,5;0;1000015;252,3517667;53,18;0;-20;-15;-10;-5
RED;50:30,8;57:34,9;1,41;2;7,067983333;0,199491133;0,705;1;89;55,5;0;1000015;259,41975;54,59;0;-20;-15;-10;-5
RED;03:31,8;11:05,1;1,61;3;7,5544;0,21312083;0,536666667;1;92;54;0;1000015;266,97415;56,2;0;-20;-15;-10;-5
RED;50:23,8;03:01,1;2,42;5;12,62268333;0,191718348;0,484;1;97;51,5;0;1000015;279,5968333;58,62;0;-20;-15;-10;-5
RED;08:43,1;19:12,7;2,02;4;10,49226667;0,192522747;0,505;1;101;49,5;0;1000015;290,0891;60,64;0;-20;-15;-10;-5
RED;38:51,7;48:35,6;2,02;2;9,73085;0,20758721;1,01;1;103;48,5;0;1000015;299,81995;62,66;0;-20;-15;-10;-5
RED;14:54,2;21:01,4;1,21;1;6,120733333;0,19768873;1,21;1;104;48;0;1000015;305,9406833;63,87;0;-20;-15;-10;-5
RED;21:09,7;36:10,8;3,03;5;15,01981667;0,201733488;0,606;1;109;45,5;0;1000015;320,9605;66,9;0;-20;-15;-10;-5
RED;47:28,7;04:23,2;3,43;5;16,90865;0,202854752;0,686;1;114;43;0;1000015;337,86915;70,33;0;-20;-15;-10;-5
RED;08:50,2;17:30,9;1,82;2;8,677866667;0,209728966;0,91;1;116;42;0;1000015;346,5470167;72,15;0;-20;-15;-10;-5
RED;30:51,1;41:06,5;2,22;2;10,25755;0,21642595;1,11;1;118;41;0;1000015;356,8045667;74,37;0;-20;-15;-10;-5
RED;59:06,3;29:00,9;5,68;5;29,91031667;0,189901032;1,136;1;123;38,5;0;1000015;386,7148833;80,05;0;-20;-15;-10;-5
RED;51:52,7;05:26,3;2,82;4;13,56001667;0,207964346;0,705;1;127;36,5;0;1000015;400,2749;82,87;0;-20;-15;-10;-5
RED;15:45,5;34:12,4;5,14;5;18,44886667;0,2786079;1,028;1;132;34;0;1000015;418,7237667;88,01;0;-20;-15;-10;-5
RED;52:08,2;49:17,3;59,4;7;357,1516;0,166315929;8,485714286;1;139;30,5;0;1000015;775,8753667;147,41;235,8753667;215,8753667;220,8753667;225,8753667;230,8753667
RED;56:10,2;22:30,6;5,24;9;26,34076667;0,198931188;0,582222222;1;148;26;0;1000015;802,2161333;152,65;262,2161333;242,2161333;247,2161333;252,2161333;257,2161333
RED;27:02,0;35:36,5;1,82;6;8,575616667;0,212229636;0,303333333;1;154;23;0;1000015;810,79175;154,47;270,79175;250,79175;255,79175;260,79175;265,79175
RED;01:30,2;19:38,1;4,69;6;18,1322;0,258655872;0,781666667;1;6;97;1;1000016;18,1322;4,69;0;-20;-15;-10;-5
RED;13:36,6;24:20,4;2,22;6;10,7305;0,206886911;0,37;1;12;94;0;1000016;28,8627;6,91;0;-20;-15;-10;-5
RED;55:05,8;14:56,1;4,03;10;19,83733333;0,203152305;0,403;1;22;89;0;1000016;48,70003333;10,94;0;-20;-15;-10;-5
RED;47:30,0;00:38,5;2,74;6;13,14208333;0,208490536;0,456666667;1;28;86;0;1000016;61,84211667;13,68;0;-20;-15;-10;-5
RED;01:42,9;29:46,0;7,25;7;28,0522;0,258446753;1,035714286;1;35;82,5;0;1000016;89,89431667;20,93;0;-20;-15;-10;-5
RED;30:44,6;45:34,7;3,03;4;14,8358;0,2042357;0,7575;1;39;80,5;0;1000016;104,7301167;23,96;0;-20;-15;-10;-5
RED;49:06,3;58:37,4;2,57;3;9,518366667;0,270004307;0,856666667;1;42;79;0;1000016;114,2484833;26,53;0;-20;-15;-10;-5
RED;13:39,2;23:31,8;2,02;4;9,875883333;0,204538666;0,505;1;46;77;0;1000016;124,1243667;28,55;0;-20;-15;-10;-5
RED;51:21,0;08:00,6;3,43;7;16,66085;0,205871849;0,49;1;53;73,5;0;1000016;140,7852167;31,98;0;-20;-15;-10;-5
RED;04:02,8;11:16,9;1,41;5;7,233716667;0,194920546;0,282;1;58;71;0;1000016;148,0189333;33,39;0;-20;-15;-10;-5
RED;43:54,4;53:12,4;2,34;3;9,299483333;0,251626882;0,78;1;61;69,5;0;1000016;157,3184167;35,73;0;-20;-15;-10;-5
RED;21:15,1;32:24,4;2,22;2;11,15463333;0,199020437;1,11;1;63;68,5;0;1000016;168,47305;37,95;0;-20;-15;-10;-5
RED;03:26,5;12:50,9;2,86;3;9,407616667;0,304008986;0,953333333;1;66;67;0;1000016;177,8806667;40,81;0;-20;-15;-10;-5
RED;18:56,3;32:43,6;2,82;6;13,7869;0,204541993;0,47;1;72;64;0;1000016;191,6675667;43,63;0;-20;-15;-10;-5
RED;42:35,2;54:01,3;2,42;3;11,43416667;0,211646381;0,806666667;1;75;62,5;0;1000016;203,1017333;46,05;0;-20;-15;-10;-5
RED;56:13,0;05:54,0;2,02;2;9,68335;0,208605493;1,01;1;77;61,5;0;1000016;212,7850833;48,07;0;-20;-15;-10;-5
RED;30:19,3;42:01,4;3,13;3;11,70128333;0,267492027;1,043333333;1;80;60;0;1000016;224,4863667;51,2;0;-20;-15;-10;-5
RED;49:19,6;07:12,4;3,63;8;17,8799;0,20302127;0,45375;1;88;56;0;1000016;242,3662667;54,83;0;-20;-15;-10;-5
RED;57:49,0;20:23,0;4,31;5;22,56701667;0,190986698;0,862;1;93;53,5;0;1000016;264,9332833;59,14;0;-20;-15;-10;-5
RED;21:14,3;46:48,5;6,77;8;25,57046667;0,264758563;0,84625;1;101;49,5;0;1000016;290,50375;65,91;0;-20;-15;-10;-5
RED;48:36,5;21:53,3;6,77;11;33,28056667;0,203422017;0,615454545;1;112;44;0;1000016;323,7843167;72,68;0;-20;-15;-10;-5
RED;40:32,7;46:48,4;1,41;2;6,2617;0,225178466;0,705;1;114;43;0;1000016;330,0460167;74,09;0;-20;-15;-10;-5
RED;04:07,3;12:00,2;1,61;2;7,88115;0,204284908;0,805;1;116;42;0;1000016;337,9271667;75,7;0;-20;-15;-10;-5
RED;32:31,1;41:38,2;1,82;5;9,11715;0,199623786;0,364;1;121;39,5;0;1000016;347,0443167;77,52;0;-20;-15;-10;-5
RED;51:53,1;10:49,0;3,83;10;18,93113333;0,202312241;0,383;1;131;34,5;0;1000016;365,97545;81,35;0;-20;-15;-10;-5
RED;08:21,0;14:27,5;1,21;1;6,10795;0,198102473;1,21;1;132;34;0;1000016;372,0834;82,56;0;-20;-15;-10;-5
RED;17:40,4;25:14,8;2,08;2;7,572233333;0,274687785;1,04;1;134;33;0;1000016;379,6556333;84,64;0;-20;-15;-10;-5
RED;16:33,4;45:59,9;6,05;10;29,44176667;0,205490386;0,605;1;144;28;0;1000016;409,0974;90,69;0;-20;-15;-10;-5
RED;02:27,4;06:36,4;0,81;1;4,15025;0,195168966;0,81;1;145;27,5;0;1000016;413,24765;91,5;0;-20;-15;-10;-5
RED;18:02,2;28:08,7;2,02;3;10,10878333;0,199826224;0,673333333;1;148;26;0;1000016;423,3564333;93,52;0;-20;-15;-10;-5
RED;57:56,0;20:29,8;4,64;6;22,56433333;0,205634261;0,773333333;1;154;23;0;1000016;445,9207667;98,16;0;-20;-15;-10;-5
RED;47:06,0;10:08,8;4,64;9;23,04606667;0,201335875;0,515555556;1;9;95,5;1;1000017;23,04606667;4,64;0;-20;-15;-10;-5
RED;06:18,9;19:12,1;2,62;9;12,88605;0,203320645;0,291111111;1;18;91;0;1000017;35,93211667;7,26;0;-20;-15;-10;-5
RED;28:17,0;31:37,2;0,61;1;3,33705;0,182796182;0,61;1;19;90,5;0;1000017;39,26916667;7,87;0;-20;-15;-10;-5
RED;34:42,6;46:26,3;3,43;3;11,72796667;0,292463314;1,143333333;1;22;89;0;1000017;50,99713333;11,3;0;-20;-15;-10;-5
RED;09:55,2;21:53,2;2,42;5;11,96721667;0,202219118;0,484;1;27;86,5;0;1000017;62,96435;13,72;0;-20;-15;-10;-5
RED;34:10,3;16:45,8;9,48;7;42,59196667;0,222577184;1,354285714;1;34;83;0;1000017;105,5563167;23,2;0;-20;-15;-10;-5
RED;19:06,6;29:28,1;13,44;33;70,35813333;0,191022692;0,407272727;1;67;66,5;0;1000017;175,91445;36,64;0;-20;-15;-10;-5
RED;07:07,5;24:16,9;3,43;3;17,15618333;0,199927917;1,143333333;1;70;65;0;1000017;193,0706333;40,07;0;-20;-15;-10;-5
RED;32:22,7;46:15,7;2,82;5;13,88278333;0,203129296;0,564;1;75;62,5;0;1000017;206,9534167;42,89;0;-20;-15;-10;-5
RED;31:26,4;42:52,4;3,43;4;11,43305;0,300007435;0,8575;1;79;60,5;0;1000017;218,3864667;46,32;0;-20;-15;-10;-5
RED;45:18,1;18:14,1;6,77;9;32,93465;0,205558583;0,752222222;1;88;56;0;1000017;251,3211167;53,09;0;-20;-15;-10;-5
RED;20:50,0;46:19,2;5,24;8;25,4864;0,205599849;0,655;1;96;52;0;1000017;276,8075167;58,33;0;-20;-15;-10;-5
RED;00:32,9;31:26,1;6,25;11;30,88623333;0,202355526;0,568181818;1;107;46,5;0;1000017;307,69375;64,58;0;-20;-15;-10;-5
RED;39:34,2;19:09,6;7,98;18;39,58946667;0,201568767;0,443333333;1;125;37,5;0;1000017;347,2832167;72,56;0;-20;-15;-10;-5
RED;22:46,7;51:06,7;7,29;6;28,33438333;0,257284583;1,215;1;131;34,5;0;1000017;375,6176;79,85;0;-20;-15;-10;-5
RED;51:39,9;08:44,8;3,43;6;17,08098333;0,200808111;0,571666667;1;137;31,5;0;1000017;392,6985833;83,28;0;-20;-15;-10;-5
RED;26:56,1;35:16,0;1,82;4;8,330983333;0,218461606;0,455;1;141;29,5;0;1000017;401,0295667;85,1;0;-20;-15;-10;-5
RED;33:37,0;48:17,3;3,51;2;14,67178333;0,239234722;1,755;1;143;28,5;0;1000017;415,70135;88,61;0;-20;-15;-10;-5
RED;57:04,4;08:03,8;3,14;4;10,9905;0,285701287;0,785;1;147;26,5;0;1000017;426,69185;91,75;0;-20;-15;-10;-5
RED;11:55,2;16:31,4;0,81;1;4,6038;0,175941613;0,81;1;148;26;0;1000017;431,29565;92,56;0;-20;-15;-10;-5
RED;33:16,8;45:59,6;2,42;5;12,71236667;0,190365812;0,484;1;153;23,5;0;1000017;444,0080167;94,98;0;-20;-15;-10;-5
RED;26:04,1;59:06,6;8,55;7;33,04046667;0,258773585;1,221428571;1;7;96,5;1;1000018;33,04046667;8,55;0;-20;-15;-10;-5
RED;05:18,8;29:07,6;4,84;16;23,81425;0,203239657;0,3025;1;23;88,5;0;1000018;56,85471667;13,39;0;-20;-15;-10;-5
RED;31:53,7;44:14,4;3,13;7;12,34525;0,25353881;0,447142857;1;30;85;0;1000018;69,19996667;16,52;0;-20;-15;-10;-5
RED;09:51,0;26:38,9;4,86;6;16,7984;0,289313268;0,81;1;36;82;0;1000018;85,99836667;21,38;0;-20;-15;-10;-5
RED;17:43,1;30:05,6;2,42;5;12,37543333;0,195548708;0,484;1;41;79,5;0;1000018;98,3738;23,8;0;-20;-15;-10;-5
RED;57:47,8;03:28,6;1,21;2;5,68075;0,213000044;0,605;1;43;78,5;0;1000018;104,05455;25,01;0;-20;-15;-10;-5
RED;27:44,3;48:14,3;4,03;12;20,49946667;0,19659048;0,335833333;1;55;72,5;0;1000018;124,5540167;29,04;0;-20;-15;-10;-5
RED;43:31,1;52:02,2;1,53;0;8,517483333;0,179630525;inf;1;55;72,5;0;1000018;133,0715;30,57;0;-20;-15;-10;-5
RED;56:38,9;04:53,1;1,61;3;8,237666667;0,195443694;0,536666667;1;58;71;0;1000018;141,3091667;32,18;0;-20;-15;-10;-5
RED;09:33,2;28:49,5;5,01;6;19,27026667;0,259986023;0,835;1;64;68;0;1000018;160,5794333;37,19;0;-20;-15;-10;-5
RED;34:53,0;44:03,6;1,82;3;9,175966667;0,198344225;0,606666667;1;67;66,5;0;1000018;169,7554;39,01;0;-20;-15;-10;-5
RED;24:30,6;37:44,6;2,62;4;13,23326667;0,197985884;0,655;1;71;64,5;0;1000018;182,9886667;41,63;0;-20;-15;-10;-5
RED;50:46,3;15:56,7;7,18;12;25,17335;0,285222269;0,598333333;1;83;58,5;0;1000018;208,1620167;48,81;0;-20;-15;-10;-5
RED;09:26,8;20:31,5;2,22;4;11,07758333;0,200404721;0,555;1;87;56,5;0;1000018;219,2396;51,03;0;-20;-15;-10;-5
RED;29:26,7;56:21,4;7,09;8;26,91183333;0,26345288;0,88625;1;95;52,5;0;1000018;246,1514333;58,12;0;-20;-15;-10;-5
RED;22:00,0;37:04,9;3,14;6;15,08263333;0,208186457;0,523333333;1;101;49,5;0;1000018;261,2340667;61,26;0;-20;-15;-10;-5
RED;29:26,0;48:00,4;3,63;13;18,57326667;0,195442195;0,279230769;1;114;43;0;1000018;279,8073333;64,89;0;-20;-15;-10;-5
RED;09:22,4;20:21,7;2,22;4;10,98845;0,202030314;0,555;1;118;41;0;1000018;290,7957833;67,11;0;-20;-15;-10;-5
RED;48:00,4;00:08,4;3,13;7;12,13241667;0,257986524;0,447142857;1;125;37,5;0;1000018;302,9282;70,24;0;-20;-15;-10;-5
RED;46:55,4;01:08,2;3,03;7;14,21283333;0,213187612;0,432857143;1;132;34;0;1000018;317,1410333;73,27;0;-20;-15;-10;-5
RED;09:52,6;27:25,5;3,63;6;17,54821667;0,206858627;0,605;1;138;31;0;1000018;334,68925;76,9;0;-20;-15;-10;-5
RED;35:19,2;04:48,5;5,97;9;29,48896667;0,202448599;0,663333333;1;147;26,5;0;1000018;364,1782167;82,87;0;-20;-15;-10;-5
RED;15:33,0;41:31,6;5,24;10;25,97663333;0,201719751;0,524;1;157;21,5;0;1000018;390,15485;88,11;0;-20;-15;-10;-5
RED;41:57,6;55:36,9;2,7;3;13,65513333;0,197727839;0,9;1;3;98,5;1;1000019;13,65513333;2,7;0;-20;-15;-10;-5
RED;00:01,8;18:15,2;3,63;13;18,22185;0,199211386;0,279230769;1;16;92;0;1000019;31,87698333;6,33;0;-20;-15;-10;-5
RED;25:40,7;42:58,7;3,35;6;17,30123333;0,193627815;0,558333333;1;22;89;0;1000019;49,17821667;9,68;0;-20;-15;-10;-5
RED;52:45,8;16:02,7;4,64;7;23,28093333;0,199304724;0,662857143;1;29;85,5;0;1000019;72,45915;14,32;0;-20;-15;-10;-5
RED;17:49,4;51:09,5;6,36;11;33,3351;0,190789888;0,578181818;1;40;80;0;1000019;105,79425;20,68;0;-20;-15;-10;-5
RED;03:23,2;16:08,4;2,62;6;12,75285;0,205444273;0,436666667;1;46;77;0;1000019;118,5471;23,3;0;-20;-15;-10;-5
RED;36:38,4;47:15,6;2,22;4;10,6194;0,209051359;0,555;1;50;75;0;1000019;129,1665;25,52;0;-20;-15;-10;-5
RED;53:41,9;11:58,5;3,63;17;18,27705;0,198609732;0,213529412;1;67;66,5;0;1000019;147,44355;29,15;0;-20;-15;-10;-5
RED;42:33,7;13:38,2;6,25;8;31,0754;0,201123718;0,78125;1;75;62,5;0;1000019;178,51895;35,4;0;-20;-15;-10;-5
RED;21:26,7;35:23,2;2,82;4;13,94213333;0,202264598;0,705;1;79;60,5;0;1000019;192,4610833;38,22;0;-20;-15;-10;-5
RED;38:42,8;07:42,5;5,85;9;28,9949;0,20175962;0,65;1;88;56;0;1000019;221,4559833;44,07;0;-20;-15;-10;-5
RED;35:46,1;56:34,3;4,24;5;20,80441667;0,203802878;0,848;1;93;53,5;0;1000019;242,2604;48,31;0;-20;-15;-10;-5
RED;00:51,4;10:20,1;1,82;1;9,477466667;0,19203444;1,82;1;94;53;0;1000019;251,7378667;50,13;0;-20;-15;-10;-5
RED;15:10,7;22:31,2;1,61;2;7,3422;0,219280325;0,805;1;96;52;0;1000019;259,0800667;51,74;0;-20;-15;-10;-5
RED;04:12,7;15:12,5;2,22;4;10,99723333;0,201868955;0,555;1;100;50;0;1000019;270,0773;53,96;0;-20;-15;-10;-5
RED;37:07,2;47:07,2;2,02;3;9,999183333;0,202016498;0,673333333;1;103;48,5;0;1000019;280,0764833;55,98;0;-20;-15;-10;-5
RED;47:26,7;14:26,4;5,15;6;26,99548333;0,190772654;0,858333333;1;109;45,5;0;1000019;307,0719667;61,13;0;-20;-15;-10;-5
RED;15:12,2;26:53,2;2,42;4;11,68411667;0,207118781;0,605;1;113;43,5;0;1000019;318,7560833;63,55;0;-20;-15;-10;-5
RED;38:21,7;52:49,9;2,82;4;14,47035;0,194881257;0,705;1;117;41,5;0;1000019;333,2264333;66,37;0;-20;-15;-10;-5
RED;52:55,3;16:20,1;4,47;7;23,41208333;0,19092705;0,638571429;1;124;38;0;1000019;356,6385167;70,84;0;-20;-15;-10;-5
RED;18:33,3;24:08,0;1,21;1;5,577383333;0,216947613;1,21;1;125;37,5;0;1000019;362,2159;72,05;0;-20;-15;-10;-5
RED;25:26,5;39:46,4;4;4;14,3317;0,279101572;1;1;129;35,5;0;1000019;376,5476;76,05;0;-20;-15;-10;-5
RED;40:44,3;03:03,6;6,29;8;22,32185;0,28178668;0,78625;1;137;31,5;0;1000019;398,86945;82,34;0;-20;-15;-10;-5
RED;06:42,7;03:35,1;10,19;5;56,87348333;0,179169613;2,038;1;142;29;0;1000019;455,7429333;92,53;0;-20;-15;-10;-5
RED;13:41,7;46:37,9;6,66;7;32,93685;0,202205129;0,951428571;1;149;25,5;0;1000019;488,6797833;99,19;0;-20;-15;-10;-5
RED;06:39,6;20:58,2;3,03;4;14,31026667;0,211736096;0,7575;1;153;23,5;0;1000019;502,99005;102,22;0;-20;-15;-10;-5
RED;21:35,8;40:21,5;3,51;5;18,7619;0,187081266;0,702;1;158;21;0;1000019;521,75195;105,73;0;-20;-15;-10;-5
RED;42:17,4;56:15,4;3,65;6;13,96681667;0,261333709;0,608333333;1;6;97;1;1000020;13,96681667;3,65;0;-20;-15;-10;-5
RED;00:28,0;06:38,5;1,21;4;6,174716667;0,195960408;0,3025;1;10;95;0;1000020;20,14153333;4,86;0;-20;-15;-10;-5
RED;32:17,6;50:47,0;3,83;8;18,49158333;0,207121258;0,47875;1;18;91;0;1000020;38,63311667;8,69;0;-20;-15;-10;-5
RED;39:30,2;54:25,8;3,03;4;14,92701667;0,202987648;0,7575;1;22;89;0;1000020;53,56013333;11,72;0;-20;-15;-10;-5
RED;59:33,9;10:31,3;2,22;4;10,95668333;0,202616059;0,555;1;26;87;0;1000020;64,51681667;13,94;0;-20;-15;-10;-5
RED;12:16,6;18:55,5;1,21;2;6,648766667;0,181988639;0,605;1;28;86;0;1000020;71,16558333;15,15;0;-20;-15;-10;-5
RED;20:14,7;30:01,8;2,02;4;9,785083333;0,206436668;0,505;1;32;84;0;1000020;80,95066667;17,17;0;-20;-15;-10;-5
RED;19:31,0;31:16,1;2,34;5;11,75056667;0,199139332;0,468;1;37;81,5;0;1000020;92,70123333;19,51;0;-20;-15;-10;-5
RED;38:11,4;49:39,2;2,42;4;11,4627;0,211119544;0,605;1;41;79,5;0;1000020;104,1639333;21,93;0;-20;-15;-10;-5
RED;31:55,5;44:05,3;2,42;5;12,1643;0,198942808;0,484;1;46;77;0;1000020;116,3282333;24,35;0;-20;-15;-10;-5
RED;54:54,2;05:13,0;2,02;4;10,31333333;0,195862961;0,505;1;50;75;0;1000020;126,6415667;26,37;0;-20;-15;-10;-5
RED;05:53,1;15:28,9;2,02;2;9,595933333;0,210505839;1,01;1;52;74;0;1000020;136,2375;28,39;0;-20;-15;-10;-5
RED;28:07,2;50:49,7;4,39;6;22,70716667;0,193331034;0,731666667;1;58;71;0;1000020;158,9446667;32,78;0;-20;-15;-10;-5
RED;16:54,5;24:26,2;2;2;7,52815;0,26566952;1;1;60;70;0;1000020;166,4728167;34,78;0;-20;-15;-10;-5
RED;10:36,9;33:59,1;4,51;6;23,37081667;0,192975713;0,751666667;1;66;67;0;1000020;189,8436333;39,29;0;-20;-15;-10;-5
RED;00:24,6;13:50,8;2,46;1;13,4365;0,183083392;2,46;1;67;66,5;0;1000020;203,2801333;41,75;0;-20;-15;-10;-5
RED;43:24,3;58:47,6;4,17;4;15,38735;0,271001829;1,0425;1;71;64,5;0;1000020;218,6674833;45,92;0;-20;-15;-10;-5
RED;36:14,3;50:37,2;3,03;4;14,381;0,210694667;0,7575;1;75;62,5;0;1000020;233,0484833;48,95;0;-20;-15;-10;-5
RED;35:16,8;46:38,8;2,14;2;11,36665;0,188270071;1,07;1;77;61,5;0;1000020;244,4151333;51,09;0;-20;-15;-10;-5
RED;59:41,9;06:44,9;1,41;2;7,0494;0,200017023;0,705;1;79;60,5;0;1000020;251,4645333;52,5;0;-20;-15;-10;-5
RED;09:28,3;20:44,1;2,22;5;11,26221667;0,197119276;0,444;1;84;58;0;1000020;262,72675;54,72;0;-20;-15;-10;-5
RED;27:40,0;47:08,4;4,03;7;19,4734;0,206948966;0,575714286;1;91;54,5;0;1000020;282,20015;58,75;0;-20;-15;-10;-5
RED;01:51,1;24:26,3;4,56;7;22,58636667;0,201891702;0,651428571;1;98;51;0;1000020;304,7865167;63,31;0;-20;-15;-10;-5
RED;33:46,1;58:09,7;6,31;9;24,39298333;0,258680946;0,701111111;1;107;46,5;0;1000020;329,1795;69,62;0;-20;-15;-10;-5
RED;15:38,4;29:12,9;3,39;6;13,57451667;0,249732649;0,565;1;113;43,5;0;1000020;342,7540167;73,01;0;-20;-15;-10;-5
RED;29:19,2;45:39,5;3,02;2;16,33855;0,184838924;1,51;1;115;42,5;0;1000020;359,0925667;76,03;0;-20;-15;-10;-5
RED;23:05,3;36:30,9;2,62;4;13,428;0,195114686;0,655;1;119;40,5;0;1000020;372,5205667;78,65;0;-20;-15;-10;-5
RED;38:34,2;04:47,8;5,24;10;26,22588333;0,199802612;0,524;1;129;35,5;0;1000020;398,74645;83,89;0;-20;-15;-10;-5
RED;32:03,9;46:20,4;2,82;4;14,27438333;0,197556695;0,705;1;133;33,5;0;1000020;413,0208333;86,71;0;-20;-15;-10;-5
RED;50:46,2;59:44,9;1,82;5;8,978183333;0,202713615;0,364;1;138;31;0;1000020;421,9990167;88,53;0;-20;-15;-10;-5
RED;10:57,0;15:42,9;1,01;1;4,766;0,211917751;1,01;1;139;30,5;0;1000020;426,7650167;89,54;0;-20;-15;-10;-5
RED;29:40,7;38:05,0;2,08;1;8,406033333;0,247441322;2,08;1;140;30;0;1000020;435,17105;91,62;0;-20;-15;-10;-5
RED;50:11,1;55:54,4;1,21;1;5,721866667;0,211469451;1,21;1;141;29,5;0;1000020;440,8929167;92,83;0;-20;-15;-10;-5
RED;59:00,6;18:10,3;3,83;8;19,16151667;0,199879794;0,47875;1;149;25,5;0;1000020;460,0544333;96,66;0;-20;-15;-10;-5
RED;33:20,8;30:31,2;10,57;11;57,17376667;0,184874998;0,960909091;1;11;94,5;1;1000021;57,17376667;10,57;0;-20;-15;-10;-5
RED;27:59,6;31:37,3;14,92;26;63,62951667;0,234482372;0,573846154;1;37;81,5;0;1000021;120,8032833;25,49;0;-20;-15;-10;-5
RED;05:28,6;26:28,9;4,24;5;21,00605;0,201846611;0,848;1;42;79;0;1000021;141,8093333;29,73;0;-20;-15;-10;-5
RED;28:25,7;48:22,4;3,83;5;19,94483333;0,192029682;0,766;1;47;76,5;0;1000021;161,7541667;33,56;0;-20;-15;-10;-5
RED;48:25,1;02:16,4;2,82;3;13,85545;0,203530019;0,94;1;50;75;0;1000021;175,6096167;36,38;0;-20;-15;-10;-5
RED;02:54,4;41:23,6;17,2;13;98,48693333;0,174642457;1,323076923;1;63;68,5;0;1000021;274,09655;53,58;0;-20;-15;-10;-5
RED;12:18,8;26:08,0;2,82;4;13,82036667;0,204046685;0,705;1;67;66,5;0;1000021;287,9169167;56,4;0;-20;-15;-10;-5
RED;29:06,3;37:27,9;1,61;2;8,360216667;0,192578741;0,805;1;69;65,5;0;1000021;296,2771333;58,01;0;-20;-15;-10;-5
RED;51:48,0;28:17,9;7,26;12;36,49773333;0,198916462;0,605;1;81;59,5;0;1000021;332,7748667;65,27;0;-20;-15;-10;-5
RED;03:13,4;27:24,5;4,84;10;24,18481667;0,200125561;0,484;1;91;54,5;0;1000021;356,9596833;70,11;0;-20;-15;-10;-5
RED;36:16,6;55:53,4;4,03;7;19,61335;0,205472293;0,575714286;1;98;51;0;1000021;376,5730333;74,14;0;-20;-15;-10;-5
RED;58:52,3;11:32,6;2,62;12;12,67225;0,206750972;0,218333333;1;110;45;0;1000021;389,2452833;76,76;0;-20;-15;-10;-5
RED;03:19,0;18:13,7;3,03;6;14,91061667;0,203210911;0,505;1;116;42;0;1000021;404,1559;79,79;0;-20;-15;-10;-5
RED;40:05,5;09:24,4;6,85;4;29,31421667;0,233675014;1,7125;1;120;40;0;1000021;433,4701167;86,64;0;-20;-15;-10;-5
RED;13:25,4;24:07,0;2,09;2;10,69383333;0,195439739;1,045;1;122;39;0;1000021;444,16395;88,73;0;-20;-15;-10;-5
RED;29:38,3;40:20,8;2,22;5;10,7072;0,207337119;0,444;1;127;36,5;0;1000021;454,87115;90,95;0;-20;-15;-10;-5
RED;58:21,3;17:40,2;4,95;9;19,31573333;0,256267775;0,55;1;136;32;0;1000021;474,1868833;95,9;0;-20;-15;-10;-5
RED;59:49,9;14:05,3;3,65;3;14,25705;0,256013691;1,216666667;1;139;30,5;0;1000021;488,4439333;99,55;0;-20;-15;-10;-5
RED;19:56,4;35:20,4;3,91;3;15,40051667;0,253887586;1,303333333;1;142;29;0;1000021;503,84445;103,46;0;-20;-15;-10;-5
RED;42:06,5;03:26,6;5,47;6;21,33588333;0,256375605;0,911666667;1;148;26;0;1000021;525,1803333;108,93;0;-20;-15;-10;-5
RED;40:15,8;49:57,5;2,02;3;9,695266667;0,208349091;0,673333333;1;151;24,5;0;1000021;534,8756;110,95;0;-20;-15;-10;-5
RED;01:19,2;16:46,2;3,91;4;15,4504;0,253067882;0,9775;1;155;22,5;0;1000021;550,326;114,86;10,326;-9,674;-4,674;0,326;5,326
RED;04:37,2;15:42,8;2,22;4;11,09346667;0,200117787;0,555;1;159;20,5;0;1000021;561,4194667;117,08;21,41946667;1,419466667;6,419466667;11,41946667;16,41946667
RED;22:41,4;27:12,1;1,01;2;4,511816667;0,223856614;0,505;1;2;99;1;1000022;4,511816667;1,01;0;-20;-15;-10;-5
RED;27:30,7;33:58,3;0,96;0;6,460783333;0,148588793;inf;1;2;99;0;1000022;10,9726;1,97;0;-20;-15;-10;-5
RED;36:42,3;50:57,9;2,82;5;14,26083333;0,197744405;0,564;1;7;96,5;0;1000022;25,23343333;4,79;0;-20;-15;-10;-5
RED;07:57,6;20:22,1;2,42;6;12,4081;0,195033889;0,403333333;1;13;93,5;0;1000022;37,64153333;7,21;0;-20;-15;-10;-5
RED;31:20,5;44:14,5;2,62;7;12,89978333;0,203104187;0,374285714;1;20;90;0;1000022;50,54131667;9,83;0;-20;-15;-10;-5
RED;38:01,7;45:40,4;2,08;2;7,644016667;0,27210825;1,04;1;22;89;0;1000022;58,18533333;11,91;0;-20;-15;-10;-5
RED;08:06,4;14:07,7;1,56;2;6,021933333;0,259053017;0,78;1;24;88;0;1000022;64,20726667;13,47;0;-20;-15;-10;-5
RED;33:12,7;55:03,6;4,19;10;21,8479;0,191780446;0,419;1;34;83;0;1000022;86,05516667;17,66;0;-20;-15;-10;-5
RED;20:05,5;31:00,2;2,87;5;10,91175;0,263019222;0,574;1;39;80,5;0;1000022;96,96691667;20,53;0;-20;-15;-10;-5
RED;58:45,1;19:05,5;4,24;6;20,3401;0,208455219;0,706666667;1;45;77,5;0;1000022;117,3070167;24,77;0;-20;-15;-10;-5
RED;18:09,2;28:06,6;1,89;2;9,956566667;0,189824471;0,945;1;47;76,5;0;1000022;127,2635833;26,66;0;-20;-15;-10;-5
RED;30:24,1;41:16,2;2,22;2;10,8678;0,204273174;1,11;1;49;75,5;0;1000022;138,1313833;28,88;0;-20;-15;-10;-5
RED;59:22,8;41:36,7;8,39;18;42,23135;0,198667578;0,466111111;1;67;66,5;0;1000022;180,3627333;37,27;0;-20;-15;-10;-5
RED;10:46,7;21:30,2;2,87;4;10,72373333;0,267630676;0,7175;1;71;64,5;0;1000022;191,0864667;40,14;0;-20;-15;-10;-5
RED;22:26,8;54:41,7;8,34;20;32,24863333;0,258615611;0,417;1;91;54,5;0;1000022;223,3351;48,48;0;-20;-15;-10;-5
RED;01:47,7;47:30,2;11,78;13;45,70706667;0,2577282;0,906153846;1;104;48;0;1000022;269,0421667;60,26;0;-20;-15;-10;-5
RED;55:57,9;09:37,6;2,82;4;13,66176667;0,206415471;0,705;1;108;46;0;1000022;282,7039333;63,08;0;-20;-15;-10;-5
RED;14:29,4;26:57,2;2,42;4;12,46378333;0,194162554;0,605;1;112;44;0;1000022;295,1677167;65,5;0;-20;-15;-10;-5
RED;47:17,9;55:25,8;2,29;2;8,130616667;0,281651453;1,145;1;114;43;0;1000022;303,2983333;67,79;0;-20;-15;-10;-5
RED;00:57,6;34:41,0;6,61;11;33,72396667;0,19600304;0,600909091;1;125;37,5;0;1000022;337,0223;74,4;0;-20;-15;-10;-5
RED;23:07,8;45:29,1;4,44;9;22,3555;0,198608843;0,493333333;1;134;33;0;1000022;359,3778;78,84;0;-20;-15;-10;-5
RED;50:37,8;01:00,4;2,22;4;10,37681667;0,213938443;0,555;1;138;31;0;1000022;369,7546167;81,06;0;-20;-15;-10;-5
RED;28:57,2;36:57,4;1,53;2;8,00285;0,191181891;0,765;1;140;30;0;1000022;377,7574667;82,59;0;-20;-15;-10;-5
RED;41:46,1;01:58,0;4,03;5;20,1987;0,199517791;0,806;1;145;27,5;0;1000022;397,9561667;86,62;0;-20;-15;-10;-5
RED;47:34,4;50:19,2;0,61;1;2,745866667;0,222152083;0,61;1;146;27;0;1000022;400,7020333;87,23;0;-20;-15;-10;-5
RED;58:32,9;09:06,7;2,22;5;10,56441667;0,210139383;0,444;1;151;24,5;0;1000022;411,26645;89,45;0;-20;-15;-10;-5
RED;17:39,2;28:33,0;2,22;4;10,89678333;0,203729847;0,555;1;155;22,5;0;1000022;422,1632333;91,67;0;-20;-15;-10;-5
RED;31:33,5;45:46,8;2,82;6;14,22156667;0,19829039;0,47;1;6;97;1;1000023;14,22156667;2,82;0;-20;-15;-10;-5
RED;04:03,0;23:46,5;4,03;15;19,7251;0,204308216;0,268666667;1;21;89,5;0;1000023;33,94666667;6,85;0;-20;-15;-10;-5
RED;56:08,0;09:33,1;2,62;4;13,41698333;0,195274894;0,655;1;25;87,5;0;1000023;47,36365;9,47;0;-20;-15;-10;-5
RED;09:49,2;04:47,8;11,7;10;54,97576667;0,212821043;1,17;1;35;82,5;0;1000023;102,3394167;21,17;0;-20;-15;-10;-5
RED;20:09,8;38:00,5;3,63;7;17,84541667;0,203413575;0,518571429;1;42;79;0;1000023;120,1848333;24,8;0;-20;-15;-10;-5
RED;42:51,9;03:25,0;4,03;6;20,55018333;0,196105306;0,671666667;1;48;76;0;1000023;140,7350167;28,83;0;-20;-15;-10;-5
RED;05:25,9;19:51,9;2,82;6;14,43438333;0,19536685;0,47;1;54;73;0;1000023;155,1694;31,65;0;-20;-15;-10;-5
RED;23:13,3;31:21,1;1,61;4;8,130016667;0,198031574;0,4025;1;58;71;0;1000023;163,2994167;33,26;0;-20;-15;-10;-5
RED;37:58,0;53:45,9;4,17;6;15,79836667;0,263951337;0,695;1;64;68;0;1000023;179,0977833;37,43;0;-20;-15;-10;-5
RED;24:34,3;47:22,4;5,99;18;22,80203333;0,262695871;0,332777778;1;82;59;0;1000023;201,8998167;43,42;0;-20;-15;-10;-5
RED;48:41,8;02:52,7;2,82;4;14,1815;0,198850615;0,705;1;86;57;0;1000023;216,0813167;46,24;0;-20;-15;-10;-5
RED;18:42,5;49:37,9;8,08;11;30,92265;0,26129714;0,734545455;1;97;51,5;0;1000023;247,0039667;54,32;0;-20;-15;-10;-5
RED;34:38,8;49:07,2;3,35;3;14,47265;0,231471085;1,116666667;1;100;50;0;1000023;261,4766167;57,67;0;-20;-15;-10;-5
RED;06:23,9;16:03,5;2,86;4;9,660083333;0,296063699;0,715;1;104;48;0;1000023;271,1367;60,53;0;-20;-15;-10;-5
RED;11:49,1;23:51,9;2,42;7;12,04681667;0,200882944;0,345714286;1;111;44,5;0;1000023;283,1835167;62,95;0;-20;-15;-10;-5
RED;15:40,5;25:52,6;2,02;3;10,20088333;0,198022067;0,673333333;1;114;43;0;1000023;293,3844;64,97;0;-20;-15;-10;-5
RED;43:04,2;07:00,2;4,64;19;23,93376667;0,193868356;0,244210526;1;133;33,5;0;1000023;317,3181667;69,61;0;-20;-15;-10;-5
RED;17:51,3;29:24,9;2,22;3;11,55996667;0,192042076;0,74;1;136;32;0;1000023;328,8781333;71,83;0;-20;-15;-10;-5
RED;36:19,8;57:09,5;4,24;7;20,82775;0,203574558;0,605714286;1;143;28,5;0;1000023;349,7058833;76,07;0;-20;-15;-10;-5
RED;38:16,5;54:07,7;3,23;7;15,85356667;0,203739642;0,461428571;1;150;25;0;1000023;365,55945;79,3;0;-20;-15;-10;-5
RED;48:07,0;01:42,6;2,82;5;13,5923;0,207470406;0,564;1;155;22,5;0;1000023;379,15175;82,12;0;-20;-15;-10;-5
RED;03:23,2;13:00,7;2,86;3;9,624166667;0,297168586;0,953333333;1;158;21;0;1000023;388,7759167;84,98;0;-20;-15;-10;-5
RED;13:21,8;24:22,5;2,22;4;11,01063333;0,201623279;0,555;1;4;98;1;1000024;11,01063333;2,22;0;-20;-15;-10;-5
RED;57:26,0;12:34,1;3,03;7;15,13621667;0,200182124;0,432857143;1;11;94,5;0;1000024;26,14685;5,25;0;-20;-15;-10;-5
RED;16:08,7;24:37,5;1,82;3;8,481016667;0,214596913;0,606666667;1;14;93;0;1000024;34,62786667;7,07;0;-20;-15;-10;-5
RED;43:59,6;09:41,3;6,57;6;25,69535;0,255688286;1,095;1;20;90;0;1000024;60,32321667;13,64;0;-20;-15;-10;-5
RED;14:17,0;33:30,4;4,03;7;19,22236667;0,209651604;0,575714286;1;27;86,5;0;1000024;79,54558333;17,67;0;-20;-15;-10;-5
RED;50:51,6;56:25,5;1,21;1;5,56455;0,217447952;1,21;1;28;86;0;1000024;85,11013333;18,88;0;-20;-15;-10;-5
RED;09:06,4;43:54,4;9,75;13;34,79881667;0,280181941;0,75;1;41;79,5;0;1000024;119,90895;28,63;0;-20;-15;-10;-5
RED;46:13,2;19:29,9;8,66;12;33,27878333;0,26022586;0,721666667;1;53;73,5;0;1000024;153,1877333;37,29;0;-20;-15;-10;-5
RED;07:32,5;17:07,9;2,02;2;9,589033333;0,210657313;1,01;1;55;72,5;0;1000024;162,7767667;39,31;0;-20;-15;-10;-5
RED;20:05,0;37:20,4;4,86;6;17,258;0,281608529;0,81;1;61;69,5;0;1000024;180,0347667;44,17;0;-20;-15;-10;-5
RED;04:34,6;10:57,3;1,21;1;6,379033333;0,189683912;1,21;1;62;69;0;1000024;186,4138;45,38;0;-20;-15;-10;-5
RED;24:24,5;36:06,4;2,09;5;11,69813333;0,178660983;0,418;1;67;66,5;0;1000024;198,1119333;47,47;0;-20;-15;-10;-5
RED;59:27,9;14:42,0;2,94;4;15,23505;0,192976065;0,735;1;71;64,5;0;1000024;213,3469833;50,41;0;-20;-15;-10;-5
RED;55:36,6;07:57,5;2,62;4;12,34801667;0,212179824;0,655;1;75;62,5;0;1000024;225,695;53,03;0;-20;-15;-10;-5
RED;08:20,2;18:55,6;2,22;4;10,58963333;0,209638987;0,555;1;79;60,5;0;1000024;236,2846333;55,25;0;-20;-15;-10;-5
RED;20:43,7;42:22,7;4,44;8;21,65;0,205080831;0,555;1;87;56,5;0;1000024;257,9346333;59,69;0;-20;-15;-10;-5
RED;42:59,1;58:02,2;3,03;4;15,05138333;0,2013104;0,7575;1;91;54,5;0;1000024;272,9860167;62,72;0;-20;-15;-10;-5
RED;33:21,4;43:02,7;2,02;7;9,68845;0,208495683;0,288571429;1;98;51;0;1000024;282,6744667;64,74;0;-20;-15;-10;-5
RED;46:56,9;18:55,5;8,34;14;31,97658333;0,260815857;0,595714286;1;112;44;0;1000024;314,65105;73,08;0;-20;-15;-10;-5
RED;15:58,4;24:41,8;1,82;3;8,72345;0,208633052;0,606666667;1;115;42,5;0;1000024;323,3745;74,9;0;-20;-15;-10;-5
RED;49:15,2;58:29,7;2,02;3;9,2418;0,21857214;0,673333333;1;118;41;0;1000024;332,6163;76,92;0;-20;-15;-10;-5
RED;59:23,2;04:21,0;1,01;1;4,963766667;0,203474512;1,01;1;119;40,5;0;1000024;337,5800667;77,93;0;-20;-15;-10;-5
RED;58:44,6;38:09,9;8,07;21;39,42178333;0,204709156;0,384285714;1;140;30;0;1000024;377,00185;86;0;-20;-15;-10;-5
RED;39:37,9;52:38,6;3,39;3;13,01195;0,260529744;1,13;1;143;28,5;0;1000024;390,0138;89,39;0;-20;-15;-10;-5
RED;25:50,5;43:20,7;3,63;5;17,50428333;0,207377813;0,726;1;148;26;0;1000024;407,5180833;93,02;0;-20;-15;-10;-5
RED;52:11,3;03:26,5;2,22;4;11,25395;0,197264072;0,555;1;152;24;0;1000024;418,7720333;95,24;0;-20;-15;-10;-5
RED;17:56,7;31:01,8;2,62;3;13,08508333;0,200227995;0,873333333;1;155;22,5;0;1000024;431,8571167;97,86;0;-20;-15;-10;-5
RED;19:12,7;52:34,0;6,66;21;33,35478333;0,199671511;0,317142857;1;21;89,5;1;1000025;33,35478333;6,66;0;-20;-15;-10;-5
RED;57:35,4;12:52,4;4,17;7;15,28358333;0,272841775;0,595714286;1;28;86;0;1000025;48,63836667;10,83;0;-20;-15;-10;-5
RED;13:12,1;26:42,3;2,82;5;13,50308333;0,208841191;0,564;1;33;83,5;0;1000025;62,14145;13,65;0;-20;-15;-10;-5
RED;27:16,8;43:20,0;3,23;6;16,0527;0,201212257;0,538333333;1;39;80,5;0;1000025;78,19415;16,88;0;-20;-15;-10;-5
RED;38:49,0;50:59,4;2,54;5;12,17251667;0,208666792;0,508;1;44;78;0;1000025;90,36666667;19,42;0;-20;-15;-10;-5
RED;54:34,0;10:37,4;3,23;5;16,05698333;0,201158582;0,646;1;49;75,5;0;1000025;106,42365;22,65;0;-20;-15;-10;-5
RED;14:57,3;48:15,1;6,66;21;33,2967;0,200019822;0,317142857;1;70;65;0;1000025;139,72035;29,31;0;-20;-15;-10;-5
RED;10:45,1;19:11,8;1,82;2;8,444683333;0,215520219;0,91;1;72;64;0;1000025;148,1650333;31,13;0;-20;-15;-10;-5
RED;29:04,0;39:59,3;2,22;4;10,92128333;0,203272814;0,555;1;76;62;0;1000025;159,0863167;33,35;0;-20;-15;-10;-5
RED;09:04,0;28:20,5;3,83;8;19,27488333;0,198704186;0,47875;1;84;58;0;1000025;178,3612;37,18;0;-20;-15;-10;-5
RED;32:03,4;46:14,4;2,82;7;14,18266667;0,198834258;0,402857143;1;91;54,5;0;1000025;192,5438667;40;0;-20;-15;-10;-5
RED;55:14,3;59:09,8;0,81;1;3,9251;0,206364169;0,81;1;92;54;0;1000025;196,4689667;40,81;0;-20;-15;-10;-5
RED;06:41,3;16:57,9;2,02;3;10,27778333;0,196540434;0,673333333;1;95;52,5;0;1000025;206,74675;42,83;0;-20;-15;-10;-5
RED;30:00,7;55:14,9;5,08;8;25,23521667;0,201305979;0,635;1;103;48,5;0;1000025;231,9819667;47,91;0;-20;-15;-10;-5
RED;35:42,4;54:45,5;20,97;36;79,05095;0,265271954;0,5825;1;139;30,5;0;1000025;311,0329167;68,88;0;-20;-15;-10;-5
RED;57:53,4;01:20,5;0,81;1;3,452083333;0,234640917;0,81;1;140;30;0;1000025;314,485;69,69;0;-20;-15;-10;-5
RED;34:35,0;51:17,1;3,43;8;16,70231667;0,205360733;0,42875;1;148;26;0;1000025;331,1873167;73,12;0;-20;-15;-10;-5
RED;51:46,9;09:42,3;4,69;8;17,92283333;0,261677376;0,58625;1;156;22;0;1000025;349,11015;77,81;0;-20;-15;-10;-5
RED;49:57,1;18:07,3;7,29;14;28,17023333;0,258783799;0,520714286;1;14;93;1;1000026;28,17023333;7,29;0;-20;-15;-10;-5
RED;29:04,6;42:09,8;2,66;4;13,08746667;0,203247891;0,665;1;18;91;0;1000026;41,2577;9,95;0;-20;-15;-10;-5
RED;00:59,6;16:59,1;3,23;8;15,99196667;0,201976409;0,40375;1;26;87;0;1000026;57,24966667;13,18;0;-20;-15;-10;-5
RED;28:41,0;37:53,8;2,34;3;9,213833333;0,253965957;0,78;1;29;85,5;0;1000026;66,4635;15,52;0;-20;-15;-10;-5
RED;54:17,0;02:22,6;1,61;4;8,093283333;0,198930389;0,4025;1;33;83,5;0;1000026;74,55678333;17,13;0;-20;-15;-10;-5
RED;35:46,6;59:45,8;4,76;7;23,98623333;0,198447165;0,68;1;40;80;0;1000026;98,54301667;21,89;0;-20;-15;-10;-5
RED;47:23,4;55:55,9;1,82;4;8,542116667;0,213061946;0,455;1;44;78;0;1000026;107,0851333;23,71;0;-20;-15;-10;-5
RED;12:49,5;26:11,0;2,62;7;13,35875;0,196126135;0,374285714;1;51;74,5;0;1000026;120,4438833;26,33;0;-20;-15;-10;-5
RED;17:33,4;29:55,4;2,54;4;12,36568333;0,205407168;0,635;1;55;72,5;0;1000026;132,8095667;28,87;0;-20;-15;-10;-5
RED;31:23,9;46:44,8;3,23;6;15,34825;0,210447445;0,538333333;1;61;69,5;0;1000026;148,1578167;32,1;0;-20;-15;-10;-5
RED;50:17,1;02:07,5;2,42;3;11,84026667;0,204387289;0,806666667;1;64;68;0;1000026;159,9980833;34,52;0;-20;-15;-10;-5
RED;24:13,5;38:02,2;2,82;6;13,81195;0,204171026;0,47;1;70;65;0;1000026;173,8100333;37,34;0;-20;-15;-10;-5
RED;40:22,5;54:48,8;2,82;5;14,43858333;0,19531002;0,564;1;75;62,5;0;1000026;188,2486167;40,16;0;-20;-15;-10;-5
RED;16:27,5;32:53,2;4,86;9;16,42898333;0,29581867;0,54;1;84;58;0;1000026;204,6776;45,02;0;-20;-15;-10;-5
RED;05:21,6;10:29,4;1,01;2;5,130166667;0,196874695;0,505;1;86;57;0;1000026;209,8077667;46,03;0;-20;-15;-10;-5
RED;14:43,4;38:50,7;6,25;13;24,1206;0,259114616;0,480769231;1;99;50,5;0;1000026;233,9283667;52,28;0;-20;-15;-10;-5
RED;45:57,2;53:34,1;1,61;3;7,614733333;0,211432223;0,536666667;1;102;49;0;1000026;241,5431;53,89;0;-20;-15;-10;-5
RED;55:02,9;08:03,9;2,62;9;13,01673333;0,201279379;0,291111111;1;111;44,5;0;1000026;254,5598333;56,51;0;-20;-15;-10;-5
RED;50:22,6;00:38,3;2,02;4;10,2614;0,19685423;0,505;1;115;42,5;0;1000026;264,8212333;58,53;0;-20;-15;-10;-5
RED;24:36,1;40:32,3;3,23;4;15,93678333;0,20267578;0,8075;1;119;40,5;0;1000026;280,7580167;61,76;0;-20;-15;-10;-5
RED;04:33,8;13:44,3;1,73;3;9,175416667;0,188547296;0,576666667;1;122;39;0;1000026;289,9334333;63,49;0;-20;-15;-10;-5
RED;14:17,2;45:00,5;6,25;15;30,72215;0,203436283;0,416666667;1;137;31,5;0;1000026;320,6555833;69,74;0;-20;-15;-10;-5
RED;13:02,5;29:37,9;3,43;7;16,59005;0,206750432;0,49;1;144;28;0;1000026;337,2456333;73,17;0;-20;-15;-10;-5
RED;30:24,2;01:51,7;6,45;12;31,45848333;0,205032135;0,5375;1;156;22;0;1000026;368,7041167;79,62;0;-20;-15;-10;-5
RED;04:25,9;14:52,7;2,22;3;10,4471;0,212499162;0,74;1;159;20,5;0;1000026;379,1512167;81,84;0;-20;-15;-10;-5
RED;46:09,9;56:44,4;3,14;3;10,57575;0,296905657;1,046666667;1;3;98,5;1;1000027;10,57575;3,14;0;-20;-15;-10;-5
RED;42:12,6;51:25,7;1,82;4;9,218466667;0,197429797;0,455;1;7;96,5;0;1000027;19,79421667;4,96;0;-20;-15;-10;-5
RED;30:24,6;44:35,5;2,82;6;14,18266667;0,198834258;0,47;1;13;93,5;0;1000027;33,97688333;7,78;0;-20;-15;-10;-5
RED;09:06,2;24:53,4;4,17;6;15,786;0,264158115;0,695;1;19;90,5;0;1000027;49,76288333;11,95;0;-20;-15;-10;-5
RED;27:59,8;45:36,9;4,49;4;17,6189;0,254839973;1,1225;1;23;88,5;0;1000027;67,38178333;16,44;0;-20;-15;-10;-5
RED;42:33,8;54:54,9;2,42;5;12,35256667;0,195910701;0,484;1;28;86;0;1000027;79,73435;18,86;0;-20;-15;-10;-5
RED;36:43,7;56:32,7;3,87;6;19,81703333;0,195286546;0,645;1;34;83;0;1000027;99,55138333;22,73;0;-20;-15;-10;-5
RED;06:20,0;17:27,5;2,22;4;11,12483333;0,199553551;0,555;1;38;81;0;1000027;110,6762167;24,95;0;-20;-15;-10;-5
RED;47:10,1;55:41,8;1,61;3;8,5285;0,1887788;0,536666667;1;41;79,5;0;1000027;119,2047167;26,56;0;-20;-15;-10;-5
RED;58:23,8;05:08,2;1,21;2;6,7396;0,179535878;0,605;1;43;78,5;0;1000027;125,9443167;27,77;0;-20;-15;-10;-5
RED;43:59,1;55:34,8;2,42;4;11,59368333;0,208734354;0,605;1;47;76,5;0;1000027;137,538;30,19;0;-20;-15;-10;-5
RED;01:33,6;07:48,1;1,71;2;6,242683333;0,27392067;0,855;1;49;75,5;0;1000027;143,7806833;31,9;0;-20;-15;-10;-5
RED;27:57,6;38:23,5;1,89;2;10,43246667;0,181165209;0,945;1;51;74,5;0;1000027;154,21315;33,79;0;-20;-15;-10;-5
RED;28:10,2;47:08,9;3,71;5;18,97855;0,195483849;0,742;1;56;72;0;1000027;173,1917;37,5;0;-20;-15;-10;-5
RED;48:40,6;24:11,9;6,89;11;35,52216667;0,193963394;0,626363636;1;67;66,5;0;1000027;208,7138667;44,39;0;-20;-15;-10;-5
RED;37:56,8;10:34,2;6,07;4;32,62263333;0,186067137;1,5175;1;71;64,5;0;1000027;241,3365;50,46;0;-20;-15;-10;-5
RED;12:02,6;48:09,3;7,38;12;36,11296667;0,20435873;0,615;1;83;58,5;0;1000027;277,4494667;57,84;0;-20;-15;-10;-5
RED;48:54,6;10:54,5;15,31;19;81,99935;0,186708797;0,805789474;1;102;49;0;1000027;359,4488167;73,15;0;-20;-15;-10;-5
RED;11:01,8;23:46,1;2,42;4;12,73891667;0,189969058;0,605;1;106;47;0;1000027;372,1877333;75,57;0;-20;-15;-10;-5
RED;08:16,4;18:39,7;2,02;4;10,38921667;0,194432368;0,505;1;110;45;0;1000027;382,57695;77,59;0;-20;-15;-10;-5
RED;00:37,8;13:32,0;2,62;5;12,9021;0,203067718;0,524;1;115;42,5;0;1000027;395,47905;80,21;0;-20;-15;-10;-5
RED;17:11,2;36:22,5;3,91;5;19,18905;0,203762041;0,782;1;120;40;0;1000027;414,6681;84,12;0;-20;-15;-10;-5
RED;14:42,4;44:54,2;6,05;12;30,19756667;0,200347269;0,504166667;1;132;34;0;1000027;444,8656667;90,17;0;-20;-15;-10;-5
RED;48:14,0;55:33,5;1,61;2;7,324566667;0,219808225;0,805;1;134;33;0;1000027;452,1902333;91,78;0;-20;-15;-10;-5
RED;24:05,9;33:41,9;2,02;3;9,600283333;0,210410457;0,673333333;1;137;31,5;0;1000027;461,7905167;93,8;0;-20;-15;-10;-5
RED;33:55,4;53:52,6;5,21;10;19,9544;0,261095297;0,521;1;147;26,5;0;1000027;481,7449167;99,01;0;-20;-15;-10;-5
RED;55:02,3;01:16,8;1,41;2;6,2413;0,225914473;0,705;1;149;25,5;0;1000027;487,9862167;100,42;0;-20;-15;-10;-5
RED;02:17,3;14:07,2;2,42;4;11,83085;0,204549969;0,605;1;153;23,5;0;1000027;499,8170667;102,84;0;-20;-15;-10;-5
RED;16:33,8;27:10,1;2,22;2;10,60448333;0,209345418;1,11;1;155;22,5;0;1000027;510,42155;105,06;0;-20;-15;-10;-5
RED;59:40,1;06:43,6;1,41;3;7,05805;0,199771892;0,47;1;158;21;0;1000027;517,4796;106,47;0;-20;-15;-10;-5
RED;31:14,9;04:04,9;6,66;14;32,83365;0,202840683;0,475714286;1;14;93;1;1000028;32,83365;6,66;0;-20;-15;-10;-5
RED;20:30,1;38:15,8;3,63;8;17,76193333;0,204369644;0,45375;1;22;89;0;1000028;50,59558333;10,29;0;-20;-15;-10;-5
RED;19:10,9;30:31,6;2,42;6;11,34416667;0,213325498;0,403333333;1;28;86;0;1000028;61,93975;12,71;0;-20;-15;-10;-5
RED;32:39,2;48:12,7;3,03;5;15,55923333;0,194739672;0,606;1;33;83,5;0;1000028;77,49898333;15,74;0;-20;-15;-10;-5
RED;51:22,3;05:17,7;3,65;6;13,92345;0,262147672;0,608333333;1;39;80,5;0;1000028;91,42243333;19,39;0;-20;-15;-10;-5
RED;29:23,2;13:20,4;7,94;4;43,95211667;0,18065114;1,985;1;43;78,5;0;1000028;135,37455;27,33;0;-20;-15;-10;-5
RED;41:38,9;14:26,9;6,36;7;32,7996;0,193904804;0,908571429;1;50;75;0;1000028;168,17415;33,69;0;-20;-15;-10;-5
RED;14:44,0;30:25,8;3,14;5;15,69661667;0,200043109;0,628;1;55;72,5;0;1000028;183,8707667;36,83;0;-20;-15;-10;-5
RED;39:03,4;55:50,6;3,43;6;16,78693333;0,204325587;0,571666667;1;61;69,5;0;1000028;200,6577;40,26;0;-20;-15;-10;-5
RED;18:01,5;34:08,8;4,17;5;16,12135;0,258663201;0,834;1;66;67;0;1000028;216,77905;44,43;0;-20;-15;-10;-5
RED;31:24,8;47:36,2;3,23;6;16,19088333;0,199494983;0,538333333;1;72;64;0;1000028;232,9699333;47,66;0;-20;-15;-10;-5
RED;01:03,6;14:37,4;2,82;6;13,56386667;0,207905317;0,47;1;78;61;0;1000028;246,5338;50,48;0;-20;-15;-10;-5
RED;15:46,7;23:27,3;1,41;3;7,67615;0,183685832;0,47;1;81;59,5;0;1000028;254,20995;51,89;0;-20;-15;-10;-5
RED;24:26,2;31:17,2;1,53;2;6,849066667;0,223388102;0,765;1;83;58,5;0;1000028;261,0590167;53,42;0;-20;-15;-10;-5
RED;32:32,1;51:36,1;3,83;10;19,0659;0,200882203;0,383;1;93;53,5;0;1000028;280,1249167;57,25;0;-20;-15;-10;-5
RED;53:26,1;11:49,7;3,83;8;18,39313333;0,208229883;0,47875;1;101;49,5;0;1000028;298,51805;61,08;0;-20;-15;-10;-5
RED;58:45,3;29:51,8;8,08;13;31,10873333;0,259734137;0,621538462;1;114;43;0;1000028;329,6267833;69,16;0;-20;-15;-10;-5
RED;10:24,8;23:27,7;3,39;6;13,04813333;0,259807278;0,565;1;120;40;0;1000028;342,6749167;72,55;0;-20;-15;-10;-5
RED;41:53,6;58:11,8;4,57;8;16,30346667;0,280308482;0,57125;1;128;36;0;1000028;358,9783833;77,12;0;-20;-15;-10;-5
RED;03:39,3;10:08,8;1,71;3;6,491633333;0,263415987;0,57;1;131;34,5;0;1000028;365,4700167;78,83;0;-20;-15;-10;-5
RED;20:28,6;55:15,5;9,12;24;34,78161667;0,262207478;0,38;1;155;22,5;0;1000028;400,2516333;87,95;0;-20;-15;-10;-5
RED;45:55,2;58:31,7;3,39;4;12,60861667;0,268863753;0,8475;1;159;20,5;0;1000028;412,86025;91,34;0;-20;-15;-10;-5
RED;03:44,1;11:03,3;0,32;0;547,3211333;0,000584666;inf;1;159;20,5;0;1000028;960,1813833;91,66;420,1813833;400,1813833;405,1813833;410,1813833;415,1813833
RED;14:37,7;47:34,2;6,66;7;32,94156667;0,202176177;0,951428571;1;7;96,5;1;1000029;32,94156667;6,66;0;-20;-15;-10;-5
RED;51:02,5;59:24,9;1,82;3;8,373266667;0,217358418;0,606666667;1;10;95;0;1000029;41,31483333;8,48;0;-20;-15;-10;-5
RED;59:13,5;21:01,8;4,44;5;21,8057;0,203616486;0,888;1;15;92,5;0;1000029;63,12053333;12,92;0;-20;-15;-10;-5
RED;25:36,1;39:53,4;2,82;6;14,28905;0,197353918;0,47;1;21;89,5;0;1000029;77,40958333;15,74;0;-20;-15;-10;-5
RED;39:59,5;48:03,9;1,61;3;8,074066667;0,199403853;0,536666667;1;24;88;0;1000029;85,48365;17,35;0;-20;-15;-10;-5
RED;49:22,9;01:55,1;2,42;3;12,53563333;0,19304968;0,806666667;1;27;86,5;0;1000029;98,01928333;19,77;0;-20;-15;-10;-5
RED;50:28,3;04:20,2;2,82;5;13,86476667;0,203393253;0,564;1;32;84;0;1000029;111,88405;22,59;0;-20;-15;-10;-5
RED;38:17,2;57:12,6;13,83;8;78,92341667;0,175233164;1,72875;1;40;80;0;1000029;190,8074667;36,42;0;-20;-15;-10;-5
RED;04:17,8;18:06,7;3,65;4;13,81515;0,264202705;0,9125;1;44;78;0;1000029;204,6226167;40,07;0;-20;-15;-10;-5
RED;32:45,0;48:36,9;3,23;4;15,86463333;0,20359752;0,8075;1;48;76;0;1000029;220,48725;43,3;0;-20;-15;-10;-5
RED;39:01,9;48:34,1;2,86;3;9,536883333;0,299888328;0,953333333;1;51;74,5;0;1000029;230,0241333;46,16;0;-20;-15;-10;-5
RED;55:03,8;09:34,7;3,91;5;14,51581667;0,269361352;0,782;1;56;72;0;1000029;244,53995;50,07;0;-20;-15;-10;-5
RED;07:23,7;16:43,6;1,82;1;9,331283333;0,19504284;1,82;1;57;71,5;0;1000029;253,8712333;51,89;0;-20;-15;-10;-5
RED;25:59,9;41:45,4;3,23;7;15,7595;0,204955741;0,461428571;1;64;68;0;1000029;269,6307333;55,12;0;-20;-15;-10;-5
RED;42:11,1;50:03,7;1,61;3;7,877016667;0,204392103;0,536666667;1;67;66,5;0;1000029;277,50775;56,73;0;-20;-15;-10;-5
RED;57:18,3;05:07,3;1,53;1;7,816616667;0,19573686;1,53;1;68;66;0;1000029;285,3243667;58,26;0;-20;-15;-10;-5
RED;10:33,7;20:26,8;2,02;3;9,885416667;0,204341412;0,673333333;1;71;64,5;0;1000029;295,2097833;60,28;0;-20;-15;-10;-5
RED;22:30,8;35:47,5;2,54;3;13,2794;0,191273702;0,846666667;1;74;63;0;1000029;308,4891833;62,82;0;-20;-15;-10;-5
RED;43:03,5;57:34,3;3,03;4;14,51425;0,208760356;0,7575;1;78;61;0;1000029;323,0034333;65,85;0;-20;-15;-10;-5
RED;24:04,8;29:40,7;1,21;2;5,597583333;0,216164714;0,605;1;80;60;0;1000029;328,6010167;67,06;0;-20;-15;-10;-5
RED;44:13,4;12:24,2;5,65;10;28,18088333;0,200490522;0,565;1;90;55;0;1000029;356,7819;72,71;0;-20;-15;-10;-5
RED;15:20,7;34:17,6;4,95;4;18,94831667;0,261236926;1,2375;1;94;53;0;1000029;375,7302167;77,66;0;-20;-15;-10;-5
RED;41:03,0;00:19,2;3,83;8;19,27138333;0,198740274;0,47875;1;102;49;0;1000029;395,0016;81,49;0;-20;-15;-10;-5
RED;03:07,0;37:19,1;6,4;7;34,20261667;0,187120186;0,914285714;1;109;45,5;0;1000029;429,2042167;87,89;0;-20;-15;-10;-5
RED;46:43,6;52:19,0;1,56;1;5,59005;0,279067271;1,56;1;110;45;0;1000029;434,7942667;89,45;0;-20;-15;-10;-5
RED;57:33,4;12:50,4;3,23;4;15,28293333;0,211346862;0,8075;1;114;43;0;1000029;450,0772;92,68;0;-20;-15;-10;-5
RED;25:43,6;40:04,3;3,03;5;14,34626667;0,211204773;0,606;1;119;40,5;0;1000029;464,4234667;95,71;0;-20;-15;-10;-5
RED;02:26,6;07:16,2;1,3;2;4,826483333;0,269347247;0,65;1;121;39,5;0;1000029;469,24995;97,01;0;-20;-15;-10;-5
RED;22:15,9;31:02,5;2,34;4;8,776583333;0,266618559;0,585;1;125;37,5;0;1000029;478,0265333;99,35;0;-20;-15;-10;-5
RED;23:21,8;32:46,6;2,02;5;9,414116667;0,21457138;0,404;1;130;35;0;1000029;487,44065;101,37;0;-20;-15;-10;-5
RED;11:40,2;29:23,7;3,75;6;17,72561667;0,211558225;0,625;1;136;32;0;1000029;505,1662667;105,12;0;-20;-15;-10;-5
RED;24:22,6;50:33,4;6,77;9;26,1804;0,258590396;0,752222222;1;145;27,5;0;1000029;531,3466667;111,89;0;-20;-15;-10;-5
RED;52:44,8;17:19,2;4,84;9;24,5735;0,19696014;0,537777778;1;154;23;0;1000029;555,9201667;116,73;15,92016667;-4,079833333;0,920166667;5,920166667;10,92016667
RED;42:54,0;54:33,5;2,34;4;11,65901667;0,200703032;0,585;1;158;21;0;1000029;567,5791833;119,07;27,57918333;7,579183333;12,57918333;17,57918333;22,57918333
RED;07:14,9;38:02,5;6,25;11;30,79341667;0,202965461;0,568181818;1;11;94,5;1;1000030;30,79341667;6,25;0;-20;-15;-10;-5
RED;59:35,7;16:02,3;4,48;7;16,4435;0,27244808;0,64;1;18;91;0;1000030;47,23691667;10,73;0;-20;-15;-10;-5
RED;16:29,2;54:26,4;9,7;12;37,954;0,255572535;0,808333333;1;30;85;0;1000030;85,19091667;20,43;0;-20;-15;-10;-5
RED;12:51,3;17:37,1;1,01;2;4,763483333;0,212029712;0,505;1;32;84;0;1000030;89,9544;21,44;0;-20;-15;-10;-5
RED;17:53,0;32:32,7;3,91;4;14,66036667;0,266705471;0,9775;1;36;82;0;1000030;104,6147667;25,35;0;-20;-15;-10;-5
RED;30:28,7;54:16,3;4,76;9;23,79288333;0,200059822;0,528888889;1;45;77,5;0;1000030;128,40765;30,11;0;-20;-15;-10;-5
RED;54:38,4;12:21,8;3,63;7;17,72268333;0,204822257;0,518571429;1;52;74;0;1000030;146,1303333;33,74;0;-20;-15;-10;-5
RED;18:24,4;40:32,3;4,27;8;22,13265;0,192927643;0,53375;1;60;70;0;1000030;168,2629833;38,01;0;-20;-15;-10;-5
RED;52:51,2;00:16,7;27,66;24;127,4258;0,217067501;1,1525;1;84;58;0;1000030;295,6887833;65,67;0;-20;-15;-10;-5
RED;00:58,1;18:12,8;4,29;4;17,24483333;0,248770163;1,0725;1;88;56;0;1000030;312,9336167;69,96;0;-20;-15;-10;-5
RED;19:54,3;26:03,8;1,21;2;6,158566667;0,196474288;0,605;1;90;55;0;1000030;319,0921833;71,17;0;-20;-15;-10;-5
RED;29:32,2;54:50,3;4,96;8;25,30203333;0,196031676;0,62;1;98;51;0;1000030;344,3942167;76,13;0;-20;-15;-10;-5
RED;55:51,6;12:20,5;3,1;5;16,48248333;0,188078455;0,62;1;103;48,5;0;1000030;360,8767;79,23;0;-20;-15;-10;-5
RED;21:59,2;44:29,9;4,64;8;22,51188333;0,206113364;0,58;1;111;44,5;0;1000030;383,3885833;83,87;0;-20;-15;-10;-5
RED;59:46,0;08:25,1;1,82;2;8,652316667;0,210348288;0,91;1;113;43,5;0;1000030;392,0409;85,69;0;-20;-15;-10;-5
RED;21:53,6;27:54,0;1,21;1;6,006966667;0,201432781;1,21;1;114;43;0;1000030;398,0478667;86,9;0;-20;-15;-10;-5
RED;22:37,5;34:51,6;2,42;5;12,23456667;0,197800222;0,484;1;119;40,5;0;1000030;410,2824333;89,32;0;-20;-15;-10;-5
RED;45:49,8;07:05,1;4,24;11;21,25548333;0,199477939;0,385454545;1;130;35;0;1000030;431,5379167;93,56;0;-20;-15;-10;-5
RED;46:40,7;57:32,5;2,22;5;10,8629;0,204365317;0,444;1;135;32,5;0;1000030;442,4008167;95,78;0;-20;-15;-10;-5
RED;59:02,4;13:06,2;2,82;6;14,06328333;0,200522164;0,47;1;141;29,5;0;1000030;456,4641;98,6;0;-20;-15;-10;-5
RED;53:35,2;05:52,4;2,42;8;12,28621667;0,19696869;0,3025;1;149;25,5;0;1000030;468,7503167;101,02;0;-20;-15;-10;-5
RED;33:25,5;36:16,6;0,61;0;2,851516667;0,213921247;inf;1;149;25,5;0;1000030;471,6018333;101,63;0;-20;-15;-10;-5
RED;06:33,8;24:22,6;3,63;9;17,81338333;0,203779368;0,403333333;1;158;21;0;1000030;489,4152167;105,26;0;-20;-15;-10;-5
RED;42:07,8;50:31,5;1,61;3;8,394616667;0,191789579;0,536666667;1;3;98,5;1;1000031;8,394616667;1,61;0;-20;-15;-10;-5
RED;11:18,7;44:17,3;6,66;10;32,9759;0,201965678;0,666;1;13;93,5;0;1000031;41,37051667;8,27;0;-20;-15;-10;-5
RED;06:21,2;31:01,4;4,84;6;24,66956667;0,19619315;0,806666667;1;19;90,5;0;1000031;66,04008333;13,11;0;-20;-15;-10;-5
RED;50:28,8;57:11,7;1,82;2;6,7143;0,271063253;0,91;1;21;89,5;0;1000031;72,75438333;14,93;0;-20;-15;-10;-5
RED;06:14,4;32:41,4;5,45;9;26,45115;0,206040191;0,605555556;1;30;85;0;1000031;99,20553333;20,38;0;-20;-15;-10;-5
RED;38:03,9;48:28,8;2,22;3;10,41468333;0,213160586;0,74;1;33;83,5;0;1000031;109,6202167;22,6;0;-20;-15;-10;-5
RED;48:33,4;05:15,2;3,23;7;16,69625;0,193456615;0,461428571;1;40;80;0;1000031;126,3164667;25,83;0;-20;-15;-10;-5
RED;08:23,7;17:51,8;1,82;3;9,4684;0,192218326;0,606666667;1;43;78,5;0;1000031;135,7848667;27,65;0;-20;-15;-10;-5
RED;19:47,8;39:34,3;4,03;7;19,77493333;0,203793355;0,575714286;1;50;75;0;1000031;155,5598;31,68;0;-20;-15;-10;-5
RED;12:23,4;18:25,3;1,21;1;6,032133333;0,200592383;1,21;1;51;74,5;0;1000031;161,5919333;32,89;0;-20;-15;-10;-5
RED;28:23,7;02:30,4;8,99;13;34,11221667;0,263541947;0,691538462;1;64;68;0;1000031;195,70415;41,88;0;-20;-15;-10;-5
RED;03:54,0;19:39,6;4,57;6;15,76021667;0,289970633;0,761666667;1;70;65;0;1000031;211,4643667;46,45;0;-20;-15;-10;-5
RED;19:47,4;45:02,8;5,04;11;25,25535;0,199561677;0,458181818;1;81;59,5;0;1000031;236,7197167;51,49;0;-20;-15;-10;-5
RED;48:34,3;58:27,2;2,02;2;9,882733333;0,204396894;1,01;1;83;58,5;0;1000031;246,60245;53,51;0;-20;-15;-10;-5
RED;10:29,8;17:45,6;1,41;2;7,263833333;0,194112383;0,705;1;85;57,5;0;1000031;253,8662833;54,92;0;-20;-15;-10;-5
RED;18:57,9;45:53,9;7,46;4;26,93325;0,276981055;1,865;1;89;55,5;0;1000031;280,7995333;62,38;0;-20;-15;-10;-5
RED;09:57,8;21:48,9;2,42;4;11,85153333;0,204192988;0,605;1;93;53,5;0;1000031;292,6510667;64,8;0;-20;-15;-10;-5
RED;22:02,5;39:50,0;3,51;5;17,79306667;0,19726785;0,702;1;98;51;0;1000031;310,4441333;68,31;0;-20;-15;-10;-5
RED;40:55,3;05:05,8;6,11;6;24,17555;0,252734684;1,018333333;1;104;48;0;1000031;334,6196833;74,42;0;-20;-15;-10;-5
RED;06:52,0;17:29,8;2,02;3;10,62978333;0,190032095;0,673333333;1;107;46,5;0;1000031;345,2494667;76,44;0;-20;-15;-10;-5
RED;43:48,5;07:43,3;4,84;8;23,91201667;0,202408691;0,605;1;115;42,5;0;1000031;369,1614833;81,28;0;-20;-15;-10;-5
RED;09:22,5;18:52,7;1,82;3;9,503716667;0,191504026;0,606666667;1;118;41;0;1000031;378,6652;83,1;0;-20;-15;-10;-5
RED;51:06,2;07:20,3;14,73;30;76,23466667;0,193219183;0,491;1;148;26;0;1000031;454,8998667;97,83;0;-20;-15;-10;-5
RED;19:01,7;30:00,0;2,22;3;10,97256667;0,202322763;0,74;1;151;24,5;0;1000031;465,8724333;100,05;0;-20;-15;-10;-5
RED;30:52,7;46:13,9;3,03;6;15,35258333;0,197360922;0,505;1;157;21,5;0;1000031;481,2250167;103,08;0;-20;-15;-10;-5
RED;39:59,4;11:28,7;8,86;12;31,4888;0,281369884;0,738333333;1;12;94;1;1000032;31,4888;8,86;0;-20;-15;-10;-5
RED;18:23,1;36:42,8;3,83;10;18,32981667;0,208949171;0,383;1;22;89;0;1000032;49,81861667;12,69;0;-20;-15;-10;-5
RED;52:23,0;36:37,4;27,99;15;164,2400333;0,1704213;1,866;1;37;81,5;0;1000032;214,05865;40,68;0;-20;-15;-10;-5
RED;08:34,9;13:22,8;1,01;1;4,799066667;0,210457589;1,01;1;38;81;0;1000032;218,8577167;41,69;0;-20;-15;-10;-5
RED;13:23,5;23:31,3;2,14;4;10,13016667;0,211250226;0,535;1;42;79;0;1000032;228,9878833;43,83;0;-20;-15;-10;-5
RED;33:32,8;41:24,5;1,61;2;7,860833333;0,204812891;0,805;1;44;78;0;1000032;236,8487167;45,44;0;-20;-15;-10;-5
RED;51:32,1;12:05,1;3,86;3;20,55005;0,187834093;1,286666667;1;47;76,5;0;1000032;257,3987667;49,3;0;-20;-15;-10;-5
RED;28:51,5;39:02,4;2,86;3;10,18131667;0,280906693;0,953333333;1;50;75;0;1000032;267,5800833;52,16;0;-20;-15;-10;-5
RED;39:08,6;52:24,2;2,62;5;13,26008333;0,197585485;0,524;1;55;72,5;0;1000032;280,8401667;54,78;0;-20;-15;-10;-5
RED;00:06,9;09:25,3;1,82;4;9,30745;0,195542281;0,455;1;59;70,5;0;1000032;290,1476167;56,6;0;-20;-15;-10;-5
RED;36:29,2;44:31,3;2,29;1;8,034733333;0,28501257;2,29;1;60;70;0;1000032;298,18235;58,89;0;-20;-15;-10;-5
RED;55:17,1;58:29,4;34,36;90;123,2054833;0,278883691;0,381777778;1;150;25;0;1000032;421,3878333;93,25;0;-20;-15;-10;-5
RED;59:42,4;20:24,1;4,24;9;20,69485;0,204881891;0,471111111;1;159;20,5;0;1000032;442,0826833;97,49;0;-20;-15;-10;-5
RED;30:48,5;53:08,7;4,44;7;22,33713333;0,198772149;0,634285714;1;7;96,5;1;1000033;22,33713333;4,44;0;-20;-15;-10;-5
RED;44:18,6;47:45,2;0,78;2;3,442583333;0,226574036;0,39;1;9;95,5;0;1000033;25,77971667;5,22;0;-20;-15;-10;-5
RED;33:43,4;35:29,7;0,32;0;1,772633333;0,180522387;inf;1;9;95,5;0;1000033;27,55235;5,54;0;-20;-15;-10;-5
RED;34:34,3;44:11,8;2,02;4;9,624333333;0,209884667;0,505;1;13;93,5;0;1000033;37,17668333;7,56;0;-20;-15;-10;-5
RED;59:47,0;23:29,0;4,64;20;23,70091667;0,195773019;0,232;1;33;83,5;0;1000033;60,8776;12,2;0;-20;-15;-10;-5
RED;37:49,1;43:16,2;1,21;2;5,450466667;0,22199934;0,605;1;35;82,5;0;1000033;66,32806667;13,41;0;-20;-15;-10;-5
RED;01:16,0;15:24,4;4;5;14,14015;0,282882431;0,8;1;40;80;0;1000033;80,46821667;17,41;0;-20;-15;-10;-5
RED;36:36,6;54:08,0;3,43;10;17,52353333;0,195736781;0,343;1;50;75;0;1000033;97,99175;20,84;0;-20;-15;-10;-5
RED;04:43,3;28:59,1;5,04;8;24,26288333;0,207724693;0,63;1;58;71;0;1000033;122,2546333;25,88;0;-20;-15;-10;-5
RED;31:16,6;00:19,3;5,93;14;29,04496667;0,204166184;0,423571429;1;72;64;0;1000033;151,2996;31,81;0;-20;-15;-10;-5
RED;00:24,9;08:53,5;1,82;3;8,475816667;0,214728571;0,606666667;1;75;62,5;0;1000033;159,7754167;33,63;0;-20;-15;-10;-5
RED;52:31,3;05:35,9;2,62;6;13,07645;0,20036019;0,436666667;1;81;59,5;0;1000033;172,8518667;36,25;0;-20;-15;-10;-5
RED;45:29,8;14:27,9;5,85;6;28,9684;0,201944187;0,975;1;87;56,5;0;1000033;201,8202667;42,1;0;-20;-15;-10;-5
RED;28:55,0;20:19,4;12,68;20;51,40586667;0,246664453;0,634;1;107;46,5;0;1000033;253,2261333;54,78;0;-20;-15;-10;-5
RED;49:28,4;59:29,5;1,93;4;10,01838333;0,192645853;0,4825;1;111;44,5;0;1000033;263,2445167;56,71;0;-20;-15;-10;-5
RED;41:36,1;02:08,7;4,24;10;20,54381667;0,206388135;0,424;1;121;39,5;0;1000033;283,7883333;60,95;0;-20;-15;-10;-5
RED;05:59,5;22:05,7;3,23;4;16,10405;0,200570664;0,8075;1;125;37,5;0;1000033;299,8923833;64,18;0;-20;-15;-10;-5
RED;23:53,1;35:51,5;2,42;3;11,9729;0,202123128;0,806666667;1;128;36;0;1000033;311,8652833;66,6;0;-20;-15;-10;-5
RED;44:54,4;53:38,4;1,82;3;8,732283333;0,208422005;0,606666667;1;131;34,5;0;1000033;320,5975667;68,42;0;-20;-15;-10;-5
RED;54:02,1;00:50,9;1,41;3;6,813216667;0,206950706;0,47;1;134;33;0;1000033;327,4107833;69,83;0;-20;-15;-10;-5
RED;06:10,7;20:52,2;2,82;6;14,69135;0,191949685;0,47;1;140;30;0;1000033;342,1021333;72,65;0;-20;-15;-10;-5
RED;22:25,0;43:21,7;4,24;17;20,945;0,202434949;0,249411765;1;157;21,5;0;1000033;363,0471333;76,89;0;-20;-15;-10;-5
RED;55:23,6;07:38,2;3,13;6;12,24363333;0,255643069;0,521666667;1;6;97;1;1000034;12,24363333;3,13;0;-20;-15;-10;-5
RED;21:05,6;58:45,7;9,9;17;37,66821667;0,262821043;0,582352941;1;23;88,5;0;1000034;49,91185;13,03;0;-20;-15;-10;-5
RED;58:55,4;06:32,6;1,61;3;7,619316667;0,211305038;0,536666667;1;26;87;0;1000034;57,53116667;14,64;0;-20;-15;-10;-5
RED;22:42,2;30:27,3;1,41;2;7,751983333;0,181888936;0,705;1;28;86;0;1000034;65,28315;16,05;0;-20;-15;-10;-5
RED;30:55,3;55:00,2;4,84;9;24,0815;0,200984158;0,537777778;1;37;81,5;0;1000034;89,36465;20,89;0;-20;-15;-10;-5
RED;06:30,4;19:10,9;3,39;4;12,67476667;0,267460545;0,8475;1;41;79,5;0;1000034;102,0394167;24,28;0;-20;-15;-10;-5
RED;11:42,4;32:34,0;4,24;19;20,8597;0,203262751;0,223157895;1;60;70;0;1000034;122,8991167;28,52;0;-20;-15;-10;-5
RED;09:36,0;34:25,7;4,84;19;24,82898333;0,194933475;0,254736842;1;79;60,5;0;1000034;147,7281;33,36;0;-20;-15;-10;-5
RED;02:07,6;20:20,8;3,63;6;18,2204;0,19922724;0,605;1;85;57,5;0;1000034;165,9485;36,99;0;-20;-15;-10;-5
RED;25:40,1;46:30,1;4,24;11;20,8333;0,203520326;0,385454545;1;96;52;0;1000034;186,7818;41,23;0;-20;-15;-10;-5
RED;11:04,0;25:10,4;2,82;5;14,10708333;0,199899578;0,564;1;101;49,5;0;1000034;200,8888833;44,05;0;-20;-15;-10;-5
RED;25:43,6;33:59,4;1,61;3;8,263616667;0,194829947;0,536666667;1;104;48;0;1000034;209,1525;45,66;0;-20;-15;-10;-5
RED;18:38,0;25:30,8;1,41;2;6,879966667;0,204942853;0,705;1;106;47;0;1000034;216,0324667;47,07;0;-20;-15;-10;-5
RED;06:15,2;19:21,5;2,5;3;13,10561667;0,190757907;0,833333333;1;109;45,5;0;1000034;229,1380833;49,57;0;-20;-15;-10;-5
RED;27:06,0;39:48,8;2,62;3;12,71395;0,206072857;0,873333333;1;112;44;0;1000034;241,8520333;52,19;0;-20;-15;-10;-5
RED;39:51,7;51:43,0;3,43;3;11,85605;0,289303773;1,143333333;1;115;42,5;0;1000034;253,7080833;55,62;0;-20;-15;-10;-5
RED;59:51,2;12:42,9;2,62;4;12,86166667;0,203706103;0,655;1;119;40,5;0;1000034;266,56975;58,24;0;-20;-15;-10;-5
RED;19:52,9;29:02,4;1,82;2;9,158383333;0,19872503;0,91;1;121;39,5;0;1000034;275,7281333;60,06;0;-20;-15;-10;-5
RED;24:31,4;33:03,4;2,34;2;8,533783333;0,27420429;1,17;1;123;38,5;0;1000034;284,2619167;62,4;0;-20;-15;-10;-5
RED;50:42,4;00:59,4;2,61;4;10,28373333;0,25379888;0,6525;1;127;36,5;0;1000034;294,54565;65,01;0;-20;-15;-10;-5
RED;04:15,7;17:33,8;2,82;5;13,30256667;0,211989165;0,564;1;132;34;0;1000034;307,8482167;67,83;0;-20;-15;-10;-5
RED;20:34,7;26:30,5;13,85;15;65,93031667;0,210070279;0,923333333;1;147;26,5;0;1000034;373,7785333;81,68;0;-20;-15;-10;-5
RED;08:46,2;19:43,9;2,22;4;10,96226667;0,202512862;0,555;1;151;24,5;0;1000034;384,7408;83,9;0;-20;-15;-10;-5
RED;50:52,0;05:45,4;3,03;5;14,89006667;0,203491366;0,606;1;156;22;0;1000034;399,6308667;86,93;0;-20;-15;-10;-5
RED;07:10,3;15:54,5;1,82;3;8,735216667;0,208352016;0,606666667;1;159;20,5;0;1000034;408,3660833;88,75;0;-20;-15;-10;-5
RED;19:06,4;48:32,4;5,85;19;29,43413333;0,198748845;0,307894737;1;19;90,5;1;1000035;29,43413333;5,85;0;-20;-15;-10;-5
RED;55:44,3;10:47,8;3,23;7;15,05768333;0,214508429;0,461428571;1;26;87;0;1000035;44,49181667;9,08;0;-20;-15;-10;-5
RED;28:54,8;45:13,7;3,23;6;16,31418333;0,197987232;0,538333333;1;32;84;0;1000035;60,806;12,31;0;-20;-15;-10;-5
RED;46:44,4;03:17,4;3,43;6;16,55043333;0,207245329;0,571666667;1;38;81;0;1000035;77,35643333;15,74;0;-20;-15;-10;-5
RED;01:33,9;15:39,6;2,82;3;14,09531667;0,200066452;0,94;1;41;79,5;0;1000035;91,45175;18,56;0;-20;-15;-10;-5
RED;17:24,1;32:18,9;3,03;5;14,91423333;0,203161633;0,606;1;46;77;0;1000035;106,3659833;21,59;0;-20;-15;-10;-5
RED;32:25,9;01:24,1;5,77;16;28,97013333;0,19917064;0,360625;1;62;69;0;1000035;135,3361167;27,36;0;-20;-15;-10;-5
RED;03:45,2;08:38,8;1,01;2;4,893083333;0,206413815;0,505;1;64;68;0;1000035;140,2292;28,37;0;-20;-15;-10;-5
RED;09:15,2;25:15,6;3,23;7;16,00666667;0,20179092;0,461428571;1;71;64,5;0;1000035;156,2358667;31,6;0;-20;-15;-10;-5
RED;33:07,7;46:45,3;2,82;5;13,62608333;0,206956022;0,564;1;76;62;0;1000035;169,86195;34,42;0;-20;-15;-10;-5
RED;45:16,5;52:31,8;1,41;3;7,254583333;0,194359887;0,47;1;79;60,5;0;1000035;177,1165333;35,83;0;-20;-15;-10;-5
RED;11:50,3;17:02,6;1,01;2;5,204866667;0,194049159;0,505;1;81;59,5;0;1000035;182,3214;36,84;0;-20;-15;-10;-5
RED;24:58,5;34:02,5;2,02;2;9,06645;0,222799442;1,01;1;83;58,5;0;1000035;191,38785;38,86;0;-20;-15;-10;-5
RED;34:40,2;05:08,8;6,25;8;30,47603333;0,205079182;0,78125;1;91;54,5;0;1000035;221,8638833;45,11;0;-20;-15;-10;-5
RED;05:45,0;13:13,8;1,29;1;7,481233333;0,172431462;1,29;1;92;54;0;1000035;229,3451167;46,4;0;-20;-15;-10;-5
RED;32:18,2;47:43,2;3,57;3;15,41598333;0,231577832;1,19;1;95;52,5;0;1000035;244,7611;49,97;0;-20;-15;-10;-5
RED;36:15,9;50:30,3;2,82;5;14,23885;0,198049702;0,564;1;100;50;0;1000035;258,99995;52,79;0;-20;-15;-10;-5
RED;51:47,6;06:27,2;3,03;5;14,65966667;0,206689556;0,606;1;105;47,5;0;1000035;273,6596167;55,82;0;-20;-15;-10;-5
RED;13:18,2;22:52,5;2,02;2;9,571533333;0,211042466;1,01;1;107;46,5;0;1000035;283,23115;57,84;0;-20;-15;-10;-5
RED;46:21,4;01:26,2;3,03;6;15,08006667;0,200927494;0,505;1;113;43,5;0;1000035;298,3112167;60,87;0;-20;-15;-10;-5
RED;10:22,6;27:31,8;3,43;7;17,15441667;0,199948507;0,49;1;120;40;0;1000035;315,4656333;64,3;0;-20;-15;-10;-5
RED;30:45,4;56:55,6;5,08;10;26,17068333;0,194110331;0,508;1;130;35;0;1000035;341,6363167;69,38;0;-20;-15;-10;-5
RED;35:38,6;47:02,1;2,22;3;11,3917;0,194878727;0,74;1;133;33,5;0;1000035;353,0280167;71,6;0;-20;-15;-10;-5
RED;02:01,4;43:10,5;7,73;10;41,15076667;0,187845832;0,773;1;143;28,5;0;1000035;394,1787833;79,33;0;-20;-15;-10;-5
RED;57:34,1;23:48,8;7,71;10;26,24446667;0,293776212;0,771;1;153;23,5;0;1000035;420,42325;87,04;0;-20;-15;-10;-5
RED;28:30,9;46:32,8;3,63;7;18,03146667;0,201314739;0,518571429;1;7;96,5;1;1000036;18,03146667;3,63;0;-20;-15;-10;-5
RED;39:46,5;50:03,3;2,02;3;10,2804;0,196490409;0,673333333;1;10;95;0;1000036;28,31186667;5,65;0;-20;-15;-10;-5
RED;01:13,1;18:26,9;3,43;7;17,22993333;0,199072157;0,49;1;17;91,5;0;1000036;45,5418;9,08;0;-20;-15;-10;-5
RED;24:34,3;35:02,6;2,02;5;10,47163333;0,192902094;0,404;1;22;89;0;1000036;56,01343333;11,1;0;-20;-15;-10;-5
RED;35:16,4;02:57,7;5,36;7;27,68886667;0,19357961;0,765714286;1;29;85,5;0;1000036;83,7023;16,46;0;-20;-15;-10;-5
RED;19:58,1;34:26,6;2,66;4;14,47448333;0,183771672;0,665;1;33;83,5;0;1000036;98,17678333;19,12;0;-20;-15;-10;-5
RED;38:41,5;10:21,5;6,45;13;31,66588333;0,203689249;0,496153846;1;46;77;0;1000036;129,8426667;25,57;0;-20;-15;-10;-5
RED;10:36,2;53:44,6;7,99;7;43,13988333;0,185211442;1,141428571;1;53;73,5;0;1000036;172,98255;33,56;0;-20;-15;-10;-5
RED;25:07,8;33:21,7;1,82;2;8,23115;0,221111266;0,91;1;55;72,5;0;1000036;181,2137;35,38;0;-20;-15;-10;-5
RED;35:25,0;11:28,9;9,08;19;36,06391667;0,251775205;0,477894737;1;74;63;0;1000036;217,2776167;44,46;0;-20;-15;-10;-5
RED;14:05,6;27:10,8;2,54;5;13,08556667;0,194106993;0,508;1;79;60,5;0;1000036;230,3631833;47;0;-20;-15;-10;-5
RED;56:12,6;08:30,9;2,62;5;12,30505;0,212920711;0,524;1;84;58;0;1000036;242,6682333;49,62;0;-20;-15;-10;-5
RED;46:30,6;54:41,9;1,61;1;8,187966667;0,196630014;1,61;1;85;57,5;0;1000036;250,8562;51,23;0;-20;-15;-10;-5
RED;57:47,2;07:05,3;1,82;2;9,301733333;0,195662457;0,91;1;87;56,5;0;1000036;260,1579333;53,05;0;-20;-15;-10;-5
RED;42:41,7;14:10,6;6,45;12;31,48156667;0,204881799;0,5375;1;99;50,5;0;1000036;291,6395;59,5;0;-20;-15;-10;-5
RED;46:25,6;51:10,6;0,8;0;4,750183333;0,168414552;inf;1;99;50,5;0;1000036;296,3896833;60,3;0;-20;-15;-10;-5
RED;10:15,7;18:40,0;1,82;3;8,4053;0,216530047;0,606666667;1;102;49;0;1000036;304,7949833;62,12;0;-20;-15;-10;-5
RED;23:23,6;33:53,2;3,14;3;10,4933;0,299238562;1,046666667;1;105;47,5;0;1000036;315,2882833;65,26;0;-20;-15;-10;-5
RED;43:54,9;51:06,6;1,41;2;7,19545;0,195957167;0,705;1;107;46,5;0;1000036;322,4837333;66,67;0;-20;-15;-10;-5
RED;04:55,6;17:24,1;2,42;5;12,47535;0,193982534;0,484;1;112;44;0;1000036;334,9590833;69,09;0;-20;-15;-10;-5
RED;21:51,2;53:36,7;6,45;17;31,75761667;0,203100883;0,379411765;1;129;35,5;0;1000036;366,7167;75,54;0;-20;-15;-10;-5
RED;54:53,7;07:54,7;2,62;4;13,01641667;0,201284276;0,655;1;133;33,5;0;1000036;379,7331167;78,16;0;-20;-15;-10;-5
RED;21:36,1;32:04,0;2,22;3;10,4654;0,212127582;0,74;1;136;32;0;1000036;390,1985167;80,38;0;-20;-15;-10;-5
RED;36:42,8;41:29,2;0,81;1;4,773766667;0,169677334;0,81;1;137;31,5;0;1000036;394,9722833;81,19;0;-20;-15;-10;-5
RED;22:01,9;42:46,2;6;7;20,73771667;0,289327899;0,857142857;1;144;28;0;1000036;415,71;87,19;0;-20;-15;-10;-5
RED;47:24,6;59:00,8;2,42;4;11,6036;0,208555965;0,605;1;148;26;0;1000036;427,3136;89,61;0;-20;-15;-10;-5
RED;01:42,5;18:24,8;3,35;7;16,70505;0,200538161;0,478571429;1;155;22,5;0;1000036;444,01865;92,96;0;-20;-15;-10;-5
RED;25:13,1;45:38,3;5,46;9;20,41988333;0,267386444;0,606666667;1;9;95,5;1;1000037;20,41988333;5,46;0;-20;-15;-10;-5
RED;46:56,0;11:48,9;4,92;12;24,88083333;0,197742573;0,41;1;21;89,5;0;1000037;45,30071667;10,38;0;-20;-15;-10;-5
RED;12:03,7;40:55,4;5,64;10;28,86231667;0,195410509;0,564;1;31;84,5;0;1000037;74,16303333;16,02;0;-20;-15;-10;-5
RED;41:33,1;01:42,5;5,21;7;20,15596667;0,258484254;0,744285714;1;38;81;0;1000037;94,319;21,23;0;-20;-15;-10;-5
RED;04:48,7;16:00,8;2,22;4;11,20118333;0,198193346;0,555;1;42;79;0;1000037;105,5201833;23,45;0;-20;-15;-10;-5
RED;16:44,7;35:16,7;3,83;3;18,53421667;0,206644827;1,276666667;1;45;77,5;0;1000037;124,0544;27,28;0;-20;-15;-10;-5
RED;49:14,3;53:34,5;37,98;16;184,33715;0,206035517;2,37375;1;61;69,5;0;1000037;308,39155;65,26;0;-20;-15;-10;-5
RED;31:21,6;58:37,9;5,03;5;27,27131667;0,184442873;1,006;1;66;67;0;1000037;335,6628667;70,29;0;-20;-15;-10;-5
RED;07:20,3;46:39,4;8,07;21;39,31706667;0,205254376;0,384285714;1;87;56,5;0;1000037;374,9799333;78,36;0;-20;-15;-10;-5
RED;44:36,1;03:28,7;3,83;6;18,87541667;0,202909428;0,638333333;1;93;53,5;0;1000037;393,85535;82,19;0;-20;-15;-10;-5
RED;05:40,1;27:22,7;4,1;4;21,71063333;0,188847554;1,025;1;97;51,5;0;1000037;415,5659833;86,29;0;-20;-15;-10;-5
RED;21:48,7;47:20,3;4,91;6;25,52753333;0,192341341;0,818333333;1;103;48,5;0;1000037;441,0935167;91,2;0;-20;-15;-10;-5
RED;03:57,2;12:28,4;1,61;3;8,520616667;0,18895346;0,536666667;1;106;47;0;1000037;449,6141333;92,81;0;-20;-15;-10;-5
RED;48:56,3;15:10,6;3,03;19;26,23885;0,115477622;0,159473684;1;125;37,5;0;1000037;475,8529833;95,84;0;-20;-15;-10;-5
RED;46:27,9;02:24,5;3,23;7;15,94323333;0,202593786;0,461428571;1;132;34;0;1000037;491,7962167;99,07;0;-20;-15;-10;-5
RED;14:43,5;25:14,2;2,22;4;10,51093333;0,211208646;0,555;1;136;32;0;1000037;502,30715;101,29;0;-20;-15;-10;-5
RED;30:57,8;40:48,8;2,02;2;9,849583333;0,205084817;1,01;1;138;31;0;1000037;512,1567333;103,31;0;-20;-15;-10;-5
RED;41:39,7;57:59,7;3,23;6;16,33278333;0,197761761;0,538333333;1;144;28;0;1000037;528,4895167;106,54;0;-20;-15;-10;-5
RED;05:41,8;26:55,0;6;7;21,22018333;0,282749678;0,857142857;1;151;24,5;0;1000037;549,7097;112,54;9,7097;-10,2903;-5,2903;-0,2903;4,7097
RED;39:03,3;07:15,1;5,48;9;28,197;0,194346916;0,608888889;1;9;95,5;1;1000038;28,197;5,48;0;-20;-15;-10;-5
RED;10:01,1;33:10,6;4,64;9;23,158;0,200362726;0,515555556;1;18;91;0;1000038;51,355;10,12;0;-20;-15;-10;-5
RED;47:18,0;53:24,9;1,21;2;6,115233333;0,19786653;0,605;1;20;90;0;1000038;57,47023333;11,33;0;-20;-15;-10;-5
RED;06:53,6;31:03,5;5,04;10;24,16565;0,208560498;0,504;1;30;85;0;1000038;81,63588333;16,37;0;-20;-15;-10;-5
RED;31:04,6;34:27,5;0,61;1;3,381916667;0,180371091;0,61;1;31;84,5;0;1000038;85,0178;16,98;0;-20;-15;-10;-5
RED;36:38,3;38:56,1;0,61;1;2,296016667;0,265677514;0,61;1;32;84;0;1000038;87,31381667;17,59;0;-20;-15;-10;-5
RED;56:29,4;09:02,2;2,42;4;12,54643333;0,192883502;0,605;1;36;82;0;1000038;99,86025;20,01;0;-20;-15;-10;-5
RED;28:14,6;32:16,6;0,81;2;4,033683333;0,200809021;0,405;1;38;81;0;1000038;103,8939333;20,82;0;-20;-15;-10;-5
RED;34:01,2;49:14,2;3,23;8;15,2167;0,212266786;0,40375;1;46;77;0;1000038;119,1106333;24,05;0;-20;-15;-10;-5
RED;31:38,7;39:42,9;12,86;18;68,07063333;0,18892141;0,714444444;1;64;68;0;1000038;187,1812667;36,91;0;-20;-15;-10;-5
RED;51:21,4;58:29,8;1,41;1;7,140083333;0,197476687;1,41;1;65;67,5;0;1000038;194,32135;38,32;0;-20;-15;-10;-5
RED;02:06,2;12:34,4;2,02;6;10,47083333;0,192916832;0,336666667;1;71;64,5;0;1000038;204,7921833;40,34;0;-20;-15;-10;-5
RED;43:13,3;13:47,4;6,25;18;30,5679;0,204462852;0,347222222;1;89;55,5;0;1000038;235,3600833;46,59;0;-20;-15;-10;-5
RED;33:15,2;44:48,3;2,22;2;11,55163333;0,192180615;1,11;1;91;54,5;0;1000038;246,9117167;48,81;0;-20;-15;-10;-5
RED;06:46,7;21:02,6;2,94;4;14,2665;0,206077174;0,735;1;95;52,5;0;1000038;261,1782167;51,75;0;-20;-15;-10;-5
RED;59:38,8;09:32,2;2,86;4;9,890433333;0,289168321;0,715;1;99;50,5;0;1000038;271,06865;54,61;0;-20;-15;-10;-5
RED;39:59,8;13:03,8;6,86;26;33,06775;0,207452881;0,263846154;1;125;37,5;0;1000038;304,1364;61,47;0;-20;-15;-10;-5
RED;16:54,3;33:36,9;3,43;7;16,7094;0,205273678;0,49;1;132;34;0;1000038;320,8458;64,9;0;-20;-15;-10;-5
RED;34:32,1;53:21,8;3,83;6;18,8284;0,203416116;0,638333333;1;138;31;0;1000038;339,6742;68,73;0;-20;-15;-10;-5
RED;47:04,8;57:26,4;2,61;4;10,36131667;0,251898488;0,6525;1;142;29;0;1000038;350,0355167;71,34;0;-20;-15;-10;-5
RED;22:31,8;55:41,5;8,6;11;33,16158333;0,25933623;0,781818182;1;153;23,5;0;1000038;383,1971;79,94;0;-20;-15;-10;-5
RED;13:39,4;12:15,1;11,41;20;58,59443333;0,194728396;0,5705;1;20;90;1;1000039;58,59443333;11,41;0;-20;-15;-10;-5
RED;21:10,4;28:26,8;1,41;3;7,272733333;0,193874838;0,47;1;23;88,5;0;1000039;65,86716667;12,82;0;-20;-15;-10;-5
RED;02:08,3;08:36,4;1,21;2;6,467766667;0,187081579;0,605;1;25;87,5;0;1000039;72,33493333;14,03;0;-20;-15;-10;-5
RED;09:01,9;14:48,4;1,01;2;5,774416667;0,174909443;0,505;1;27;86,5;0;1000039;78,10935;15,04;0;-20;-15;-10;-5
RED;47:35,5;05:10,6;3,63;6;17,58556667;0,206419279;0,605;1;33;83,5;0;1000039;95,69491667;18,67;0;-20;-15;-10;-5
RED;28:19,0;33:42,6;1,21;1;5,393083333;0,224361451;1,21;1;34;83;0;1000039;101,088;19,88;0;-20;-15;-10;-5
RED;34:34,9;41:25,7;1,33;1;6,847316667;0,194236672;1,33;1;35;82,5;0;1000039;107,9353167;21,21;0;-20;-15;-10;-5
RED;50:08,2;28:14,4;7,66;18;38,10318333;0,201033072;0,425555556;1;53;73,5;0;1000039;146,0385;28,87;0;-20;-15;-10;-5
RED;53:04,4;21:19,7;5,52;12;28,25446667;0,19536734;0,46;1;65;67,5;0;1000039;174,2929667;34,39;0;-20;-15;-10;-5
RED;03:45,5;20:48,3;3,43;7;17,04618333;0,201218063;0,49;1;72;64;0;1000039;191,33915;37,82;0;-20;-15;-10;-5
RED;08:22,9;23:30,7;3,03;8;15,12953333;0,200270553;0,37875;1;80;60;0;1000039;206,4686833;40,85;0;-20;-15;-10;-5
RED;24:39,8;05:26,2;16,41;13;100,7734167;0,162840564;1,262307692;1;93;53,5;0;1000039;307,2421;57,26;0;-20;-15;-10;-5
RED;06:11,1;21:46,8;3,03;6;15,59556667;0,194285983;0,505;1;99;50,5;0;1000039;322,8376667;60,29;0;-20;-15;-10;-5
RED;29:46,7;50:47,6;5,17;6;21,01441667;0,24602158;0,861666667;1;105;47,5;0;1000039;343,8520833;65,46;0;-20;-15;-10;-5
RED;51:18,0;11:22,2;3,95;7;20,06936667;0,196817372;0,564285714;1;112;44;0;1000039;363,92145;69,41;0;-20;-15;-10;-5
RED;46:25,5;58:51,5;2,62;4;12,43353333;0,210720471;0,655;1;116;42;0;1000039;376,3549833;72,03;0;-20;-15;-10;-5
RED;13:12,0;32:39,5;4,03;9;19,45786667;0,207114175;0,447777778;1;125;37,5;0;1000039;395,81285;76,06;0;-20;-15;-10;-5
RED;33:22,1;40:26,2;1,82;1;7,068516667;0,257479764;1,82;1;126;37;0;1000039;402,8813667;77,88;0;-20;-15;-10;-5
RED;42:04,7;47:01,9;1,01;2;4,953016667;0,203916132;0,505;1;128;36;0;1000039;407,8343833;78,89;0;-20;-15;-10;-5
RED;47:10,2;23:51,8;7,33;10;36,69261667;0,19976771;0,733;1;138;31;0;1000039;444,527;86,22;0;-20;-15;-10;-5
RED;40:13,5;05:19,4;7,14;15;25,09918333;0,284471407;0,476;1;153;23,5;0;1000039;469,6261833;93,36;0;-20;-15;-10;-5
RED;35:28,6;42:18,6;1,41;2;6,833166667;0,206346496;0,705;1;155;22,5;0;1000039;476,45935;94,77;0;-20;-15;-10;-5
RED;42:29,5;55:30,7;2,62;6;13,01906667;0,201243305;0,436666667;1;6;97;1;1000040;13,01906667;2,62;0;-20;-15;-10;-5
RED;02:10,4;26:47,9;4,92;11;24,62586667;0,199789923;0,447272727;1;17;91,5;0;1000040;37,64493333;7,54;0;-20;-15;-10;-5
RED;28:06,9;38:16,8;2,02;3;10,16516667;0,198717844;0,673333333;1;20;90;0;1000040;47,8101;9,56;0;-20;-15;-10;-5
RED;47:36,1;31:27,3;12,57;18;43,85306667;0,286639019;0,698333333;1;38;81;0;1000040;91,66316667;22,13;0;-20;-15;-10;-5
RED;32:48,6;43:16,8;2,02;3;10,46991667;0,192933723;0,673333333;1;41;79,5;0;1000040;102,1330833;24,15;0;-20;-15;-10;-5
RED;51:58,7;14:48,6;4,64;10;22,83285;0,20321598;0,464;1;51;74,5;0;1000040;124,9659333;28,79;0;-20;-15;-10;-5
RED;23:35,1;51:40,4;5,65;10;28,08811667;0,201152682;0,565;1;61;69,5;0;1000040;153,05405;34,44;0;-20;-15;-10;-5
RED;52:03,2;02:25,3;2,02;4;10,3684;0,194822731;0,505;1;65;67,5;0;1000040;163,42245;36,46;0;-20;-15;-10;-5
RED;43:43,4;57:46,8;2,82;5;14,05553333;0,200632728;0,564;1;70;65;0;1000040;177,4779833;39,28;0;-20;-15;-10;-5
RED;58:53,9;05:34,5;1,41;2;6,676866667;0,211176899;0,705;1;72;64;0;1000040;184,15485;40,69;0;-20;-15;-10;-5
RED;15:43,0;32:42,6;3,43;4;16,99278333;0,201850393;0,8575;1;76;62;0;1000040;201,1476333;44,12;0;-20;-15;-10;-5
RED;33:55,0;45:07,9;2,87;3;11,21568333;0,255891675;0,956666667;1;79;60,5;0;1000040;212,3633167;46,99;0;-20;-15;-10;-5
RED;50:56,2;06:33,4;3,23;6;15,61946667;0,206793232;0,538333333;1;85;57,5;0;1000040;227,9827833;50,22;0;-20;-15;-10;-5
RED;38:19,2;51:52,3;3,71;5;13,55133333;0,273773798;0,742;1;90;55;0;1000040;241,5341167;53,93;0;-20;-15;-10;-5
RED;16:58,2;25:20,3;1,82;3;8,36845;0,217483524;0,606666667;1;93;53,5;0;1000040;249,9025667;55,75;0;-20;-15;-10;-5
RED;42:22,7;22:22,1;8,07;13;39,98951667;0,201802889;0,620769231;1;106;47;0;1000040;289,8920833;63,82;0;-20;-15;-10;-5
RED;48:16,1;19:37,5;6,45;13;31,3577;0,205691106;0,496153846;1;119;40,5;0;1000040;321,2497833;70,27;0;-20;-15;-10;-5
RED;32:05,9;41:45,8;2,61;3;9,6665;0,270004655;0,87;1;122;39;0;1000040;330,9162833;72,88;0;-20;-15;-10;-5
RED;52:34,8;09:21,4;3,43;3;16,77803333;0,204433972;1,143333333;1;125;37,5;0;1000040;347,6943167;76,31;0;-20;-15;-10;-5
RED;14:10,0;19:52,4;14,87;16;65,70763333;0,226305518;0,929375;1;141;29,5;0;1000040;413,40195;91,18;0;-20;-15;-10;-5
RED;36:52,6;45:41,4;1,82;3;8,813833333;0,20649358;0,606666667;1;144;28;0;1000040;422,2157833;93;0;-20;-15;-10;-5
RED;46:29,1;26:48,3;7,98;11;40,32033333;0,19791503;0,725454545;1;155;22,5;0;1000040;462,5361167;100,98;0;-20;-15;-10;-5
RED;36:00,0;04:58,2;5,85;5;28,96978333;0,201934544;1,17;1;5;97,5;1;1000041;28,96978333;5,85;0;-20;-15;-10;-5
RED;05:19,9;39:17,5;6,01;2;33,95905;0,17697786;3,005;1;7;96,5;0;1000041;62,92883333;11,86;0;-20;-15;-10;-5
RED;10:59,5;25:49,3;3,03;4;14,83111667;0,204300193;0,7575;1;11;94,5;0;1000041;77,75995;14,89;0;-20;-15;-10;-5
RED;27:02,8;51:06,5;6,61;5;24,06143333;0,274713476;1,322;1;16;92;0;1000041;101,8213833;21,5;0;-20;-15;-10;-5
RED;18:50,9;36:48,4;4,69;8;17,95733333;0,261174636;0,58625;1;24;88;0;1000041;119,7787167;26,19;0;-20;-15;-10;-5
RED;37:05,1;43:24,3;1,21;2;6,320766667;0,191432474;0,605;1;26;87;0;1000041;126,0994833;27,4;0;-20;-15;-10;-5
RED;23:25,0;38:13,2;3,03;6;14,80321667;0,204685243;0,505;1;32;84;0;1000041;140,9027;30,43;0;-20;-15;-10;-5
RED;42:55,3;57:07,7;2,82;7;14,20516667;0,198519318;0,402857143;1;39;80,5;0;1000041;155,1078667;33,25;0;-20;-15;-10;-5
RED;53:17,5;03:00,3;2,02;2;9,713366667;0,207960851;1,01;1;41;79,5;0;1000041;164,8212333;35,27;0;-20;-15;-10;-5
RED;03:16,1;25:04,9;4,35;8;21,81383333;0,199414744;0,54375;1;49;75,5;0;1000041;186,6350667;39,62;0;-20;-15;-10;-5
RED;01:27,1;22:59,6;4,44;6;21,5413;0,206115694;0,74;1;55;72,5;0;1000041;208,1763667;44,06;0;-20;-15;-10;-5
RED;49:04,0;03:12,3;2,82;4;14,13915;0,199446218;0,705;1;59;70,5;0;1000041;222,3155167;46,88;0;-20;-15;-10;-5
RED;37:41,3;06:31,5;5,85;15;28,83655;0,202867541;0,39;1;74;63;0;1000041;251,1520667;52,73;0;-20;-15;-10;-5
RED;29:20,8;43:25,0;2,82;5;14,07061667;0,200417655;0,564;1;79;60,5;0;1000041;265,2226833;55,55;0;-20;-15;-10;-5
RED;07:35,3;20:25,3;2,62;4;12,83196667;0,204177588;0,655;1;83;58,5;0;1000041;278,05465;58,17;0;-20;-15;-10;-5
RED;20:27,0;29:20,4;1,82;4;8,890066667;0,204722874;0,455;1;87;56,5;0;1000041;286,9447167;59,99;0;-20;-15;-10;-5
RED;34:13,2;22:21,2;12,3;37;48,13393333;0,255536981;0,332432432;1;124;38;0;1000041;335,07865;72,29;0;-20;-15;-10;-5
RED;29:24,7;38:56,9;2,57;4;9,5353;0,269524818;0,6425;1;128;36;0;1000041;344,61395;74,86;0;-20;-15;-10;-5
RED;33:18,4;51:22,5;4,49;9;18,06743333;0,248513439;0,498888889;1;137;31,5;0;1000041;362,6813833;79,35;0;-20;-15;-10;-5
RED;43:21,8;50:20,3;1,41;3;6,976316667;0,202112385;0,47;1;140;30;0;1000041;369,6577;80,76;0;-20;-15;-10;-5
RED;51:24,9;01:45,5;1,93;4;10,34316667;0,186596626;0,4825;1;144;28;0;1000041;380,0008667;82,69;0;-20;-15;-10;-5
RED;13:25,0;17:45,4;1,14;2;4,33975;0,262687943;0,57;1;146;27;0;1000041;384,3406167;83,83;0;-20;-15;-10;-5
RED;29:25,6;40:53,8;2,42;3;11,46921667;0,210999589;0,806666667;1;149;25,5;0;1000041;395,8098333;86,25;0;-20;-15;-10;-5
RED;11:29,2;16:26,5;1,01;2;4,955333333;0,203820799;0,505;1;151;24,5;0;1000041;400,7651667;87,26;0;-20;-15;-10;-5
RED;17:16,2;33:03,8;3,23;6;15,79311667;0,204519479;0,538333333;1;157;21,5;0;1000041;416,5582833;90,49;0;-20;-15;-10;-5
RED;34:29,4;39:13,2;1,01;1;4,73055;0,213505829;1,01;1;158;21;0;1000041;421,2888333;91,5;0;-20;-15;-10;-5
RED;47:42,9;03:41,4;4,17;6;15,97446667;0,261041579;0,695;1;6;97;1;1000042;15,97446667;4,17;0;-20;-15;-10;-5
RED;16:25,2;44:02,3;5,01;5;27,6183;0,181401462;1,002;1;11;94,5;0;1000042;43,59276667;9,18;0;-20;-15;-10;-5
RED;44:50,2;12:39,0;5,45;12;27,8137;0,195946602;0,454166667;1;23;88,5;0;1000042;71,40646667;14,63;0;-20;-15;-10;-5
RED;16:31,3;28:37,7;2,42;4;12,10648333;0,199892895;0,605;1;27;86,5;0;1000042;83,51295;17,05;0;-20;-15;-10;-5
RED;29:54,6;40:48,1;2,22;4;10,89176667;0,203823683;0,555;1;31;84,5;0;1000042;94,40471667;19,27;0;-20;-15;-10;-5
RED;45:35,1;53:57,1;1,61;3;8,36515;0,192465168;0,536666667;1;34;83;0;1000042;102,7698667;20,88;0;-20;-15;-10;-5
RED;06:16,7;37:57,1;6,17;15;31,67308333;0,194802632;0,411333333;1;49;75,5;0;1000042;134,44295;27,05;0;-20;-15;-10;-5
RED;06:44,2;17:47,7;2,22;4;11,05905;0,20074057;0,555;1;53;73,5;0;1000042;145,502;29,27;0;-20;-15;-10;-5
RED;18:30,8;24:11,6;34,56;32;125,6810833;0,274981716;1,08;1;85;57,5;0;1000042;271,1830833;63,83;0;-20;-15;-10;-5
RED;27:09,8;39:35,2;2,3;3;12,42418333;0,185122832;0,766666667;1;88;56;0;1000042;283,6072667;66,13;0;-20;-15;-10;-5
RED;54:34,0;04:16,0;1,82;3;9,698883333;0,187650468;0,606666667;1;91;54,5;0;1000042;293,30615;67,95;0;-20;-15;-10;-5
RED;32:50,7;43:18,3;2,87;5;10,46121667;0,274346674;0,574;1;96;52;0;1000042;303,7673667;70,82;0;-20;-15;-10;-5
RED;43:34,0;55:30,5;2,42;4;11,94213333;0,20264386;0,605;1;100;50;0;1000042;315,7095;73,24;0;-20;-15;-10;-5
RED;56:33,9;11:08,5;4;4;14,57786667;0,274388571;1;1;104;48;0;1000042;330,2873667;77,24;0;-20;-15;-10;-5
RED;51:36,0;04:49,3;2,62;5;13,22111667;0,19816783;0,524;1;109;45,5;0;1000042;343,5084833;79,86;0;-20;-15;-10;-5
RED;59:41,0;12:43,9;3,39;4;13,0477;0,259815906;0,8475;1;113;43,5;0;1000042;356,5561833;83,25;0;-20;-15;-10;-5
RED;12:11,6;20:54,7;1,82;3;8,7185;0,208751505;0,606666667;1;116;42;0;1000042;365,2746833;85,07;0;-20;-15;-10;-5
RED;42:51,6;05:47,1;4,64;6;22,92521667;0,202397215;0,773333333;1;122;39;0;1000042;388,1999;89,71;0;-20;-15;-10;-5
RED;20:59,5;37:51,5;3,43;16;16,86671667;0,203359081;0,214375;1;138;31;0;1000042;405,0666167;93,14;0;-20;-15;-10;-5
RED;47:04,4;15:36,3;5,56;11;28,53191667;0,194869488;0,505454545;1;149;25,5;0;1000042;433,5985333;98,7;0;-20;-15;-10;-5
RED;27:31,7;26:34,9;49,25;13;299,05295;0,164686555;3,788461538;1;13;93,5;1;1000043;299,05295;49,25;0;-20;-15;-10;-5
RED;06:02,2;15:55,2;2,02;5;9,883716667;0,204376559;0,404;1;18;91;0;1000043;308,9366667;51,27;0;-20;-15;-10;-5
RED;26:00,0;37:13,7;2,22;4;11,22861667;0,197709127;0,555;1;22;89;0;1000043;320,1652833;53,49;0;-20;-15;-10;-5
RED;38:40,5;49:09,1;2,61;3;10,47576667;0,249146443;0,87;1;25;87,5;0;1000043;330,64105;56,1;0;-20;-15;-10;-5
RED;57:21,5;02:06,8;1,01;1;4,7555;0,212385659;1,01;1;26;87;0;1000043;335,39655;57,11;0;-20;-15;-10;-5
RED;51:16,4;22:38,2;8,08;12;31,3623;0,257634166;0,673333333;1;38;81;0;1000043;366,75885;65,19;0;-20;-15;-10;-5
RED;26:35,6;28:57,3;0,4;1;2,360783333;0,169435286;0,4;1;39;80,5;0;1000043;369,1196333;65,59;0;-20;-15;-10;-5
RED;55:16,0;08:43,9;3,65;5;13,46478333;0,271077515;0,73;1;44;78;0;1000043;382,5844167;69,24;0;-20;-15;-10;-5
RED;24:34,4;39:42,2;3,03;5;15,12923333;0,200274524;0,606;1;49;75,5;0;1000043;397,71365;72,27;0;-20;-15;-10;-5
RED;47:10,2;14:12,3;5,2;8;27,03541667;0,192340294;0,65;1;57;71,5;0;1000043;424,7490667;77,47;0;-20;-15;-10;-5
RED;19:21,4;27:09,0;1,45;0;7,79405;0,186039351;inf;1;57;71,5;0;1000043;432,5431167;78,92;0;-20;-15;-10;-5
RED;30:52,4;07:20,9;6,8;9;36,47515;0,186428294;0,755555556;1;66;67;0;1000043;469,0182667;85,72;0;-20;-15;-10;-5
RED;09:54,3;28:42,6;3,3;3;18,80488333;0,175486332;1,1;1;69;65,5;0;1000043;487,82315;89,02;0;-20;-15;-10;-5
RED;30:10,7;36:01,6;1,21;1;5,849566667;0,206852929;1,21;1;70;65;0;1000043;493,6727167;90,23;0;-20;-15;-10;-5
RED;54:23,2;24:56,8;8,08;11;30,56001667;0,264397762;0,734545455;1;81;59,5;0;1000043;524,2327333;98,31;0;-20;-15;-10;-5
RED;32:43,7;40:05,2;1,41;3;7,358366667;0,191618611;0,47;1;84;58;0;1000043;531,5911;99,72;0;-20;-15;-10;-5
RED;40:06,6;00:55,3;4,24;6;20,81056667;0,20374265;0,706666667;1;90;55;0;1000043;552,4016667;103,96;12,40166667;-7,598333333;-2,598333333;2,401666667;7,401666667
RED;02:11,3;09:08,0;1,53;0;6,946016667;0,220270131;inf;1;90;55;0;1000043;559,3476833;105,49;19,34768333;-0,652316667;4,347683333;9,347683333;14,34768333
RED;12:10,4;31:15,7;5,43;5;19,08723333;0,284483346;1,086;1;95;52,5;0;1000043;578,4349167;110,92;38,43491667;18,43491667;23,43491667;28,43491667;33,43491667
RED;15:43,9;42:05,1;6,77;11;26,35316667;0,256895123;0,615454545;1;106;47;0;1000043;604,7880833;117,69;64,78808333;44,78808333;49,78808333;54,78808333;59,78808333
RED;11:42,5;20:43,8;1,82;4;9,021766667;0,201734324;0,455;1;110;45;0;1000043;613,80985;119,51;73,80985;53,80985;58,80985;63,80985;68,80985
RED;38:38,6;52:38,6;4;5;13,9998;0,285718367;0,8;1;115;42,5;0;1000043;627,80965;123,51;87,80965;67,80965;72,80965;77,80965;82,80965
RED;01:58,7;16:18,5;2,82;7;14,3305;0,196783085;0,402857143;1;122;39;0;1000043;642,14015;126,33;102,14015;82,14015;87,14015;92,14015;97,14015
RED;53:26,3;05:27,2;2,42;5;12,01581667;0,201401209;0,484;1;127;36,5;0;1000043;654,1559667;128,75;114,1559667;94,15596667;99,15596667;104,1559667;109,1559667
RED;52:11,6;55:56,6;0,81;1;3,7493;0,216040328;0,81;1;128;36;0;1000043;657,9052667;129,56;117,9052667;97,90526667;102,9052667;107,9052667;112,9052667
RED;24:21,1;48:43,0;5,04;9;24,36461667;0,206857348;0,56;1;137;31,5;0;1000043;682,2698833;134,6;142,2698833;122,2698833;127,2698833;132,2698833;137,2698833
RED;49:25,1;57:34,0;1,61;3;8,148766667;0,197575911;0,536666667;1;140;30;0;1000043;690,41865;136,21;150,41865;130,41865;135,41865;140,41865;145,41865
RED;13:49,3;30:52,6;3,43;5;17,05645;0,201096946;0,686;1;145;27,5;0;1000043;707,4751;139,64;167,4751;147,4751;152,4751;157,4751;162,4751
RED;05:27,9;19:22,2;2,82;8;13,90488333;0,202806448;0,3525;1;153;23,5;0;1000043;721,3799833;142,46;181,3799833;161,3799833;166,3799833;171,3799833;176,3799833
RED;39:24,4;52:59,9;2,82;5;13,59163333;0,207480582;0,564;1;158;21;0;1000043;734,9716167;145,28;194,9716167;174,9716167;179,9716167;184,9716167;189,9716167
RED;53:00,3;13:19,4;4,24;9;20,31758333;0,208686236;0,471111111;1;9;95,5;1;1000044;20,31758333;4,24;0;-20;-15;-10;-5
RED;48:27,9;29:14,9;7,73;12;40,7835;0,189537435;0,644166667;1;21;89,5;0;1000044;61,10108333;11,97;0;-20;-15;-10;-5
RED;13:56,6;35:12,1;4,24;11;21,25961667;0,199439156;0,385454545;1;32;84;0;1000044;82,3607;16,21;0;-20;-15;-10;-5
RED;42:59,5;50:39,5;2,08;3;7,667033333;0,271291373;0,693333333;1;35;82,5;0;1000044;90,02773333;18,29;0;-20;-15;-10;-5
RED;50:36,4;15:09,3;6,51;8;24,54865;0,265187699;0,81375;1;43;78,5;0;1000044;114,5763833;24,8;0;-20;-15;-10;-5
RED;21:56,8;38:07,4;3,23;9;16,17735;0,199661873;0,358888889;1;52;74;0;1000044;130,7537333;28,03;0;-20;-15;-10;-5
RED;41:25,1;51:09,9;2,02;3;9,745683333;0,207271253;0,673333333;1;55;72,5;0;1000044;140,4994167;30,05;0;-20;-15;-10;-5
RED;57:55,0;33:21,8;6,6;8;35,44685;0,18619426;0,825;1;63;68,5;0;1000044;175,9462667;36,65;0;-20;-15;-10;-5
RED;35:15,1;43:56,9;1,82;3;8,696083333;0,209289623;0,606666667;1;66;67;0;1000044;184,64235;38,47;0;-20;-15;-10;-5
RED;52:37,4;01:32,9;1,65;1;8,924466667;0,184884998;1,65;1;67;66,5;0;1000044;193,5668167;40,12;0;-20;-15;-10;-5
RED;45:16,5;13:04,9;5,65;11;27,80701667;0,203186126;0,513636364;1;78;61;0;1000044;221,3738333;45,77;0;-20;-15;-10;-5
RED;16:07,3;54:15,3;9,6;7;38,13223333;0,251755514;1,371428571;1;85;57,5;0;1000044;259,5060667;55,37;0;-20;-15;-10;-5
RED;58:30,4;14:42,0;4,17;3;16,19423333;0,257499069;1,39;1;88;56;0;1000044;275,7003;59,54;0;-20;-15;-10;-5
RED;14:54,1;46:38,6;8,4;11;31,74175;0,264635693;0,763636364;1;99;50,5;0;1000044;307,44205;67,94;0;-20;-15;-10;-5
RED;55:11,6;12:52,7;5,14;7;17,68501667;0,290641513;0,734285714;1;106;47;0;1000044;325,1270667;73,08;0;-20;-15;-10;-5
RED;13:22,9;41:05,2;5,56;7;27,70445;0,200689781;0,794285714;1;113;43,5;0;1000044;352,8315167;78,64;0;-20;-15;-10;-5
RED;44:16,8;09:02,4;5,04;9;24,75896667;0,203562615;0,56;1;122;39;0;1000044;377,5904833;83,68;0;-20;-15;-10;-5
RED;41:34,4;53:13,6;3,13;6;11,65248333;0,26861227;0,521666667;1;128;36;0;1000044;389,2429667;86,81;0;-20;-15;-10;-5
RED;05:26,7;13:56,9;1,82;2;8,50325;0,21403581;0,91;1;130;35;0;1000044;397,7462167;88,63;0;-20;-15;-10;-5
RED;18:19,2;43:58,8;6,77;12;25,66016667;0,263833049;0,564166667;1;142;29;0;1000044;423,4063833;95,4;0;-20;-15;-10;-5
RED;49:13,2;59:44,0;2,22;3;10,51445;0,211138005;0,74;1;145;27,5;0;1000044;433,9208333;97,62;0;-20;-15;-10;-5
RED;02:04,1;15:50,5;2,82;3;13,77391667;0,204734795;0,94;1;148;26;0;1000044;447,69475;100,44;0;-20;-15;-10;-5
RED;12:42,6;50:32,6;10,86;9;37,83336667;0,287048205;1,206666667;1;157;21,5;0;1000044;485,5281167;111,3;0;-20;-15;-10;-5
RED;54:37,5;02:31,3;2,08;1;7,896083333;0,263421739;2,08;1;158;21;0;1000044;493,4242;113,38;0;-20;-15;-10;-5
RED;12:58,4;18:38,5;1,21;1;5,669116667;0,213437132;1,21;1;159;20,5;0;1000044;499,0933167;114,59;0;-20;-15;-10;-5
RED;25:14,2;54:00,9;5,6;9;28,77916667;0,194585203;0,622222222;1;9;95,5;1;1000045;28,77916667;5,6;0;-20;-15;-10;-5
RED;30:45,8;54:46,4;6,86;17;24,00921667;0,285723608;0,403529412;1;26;87;0;1000045;52,78838333;12,46;0;-20;-15;-10;-5
RED;05:58,2;26:56,5;4,15;11;20,97266667;0,197876601;0,377272727;1;37;81,5;0;1000045;73,76105;16,61;0;-20;-15;-10;-5
RED;35:44,1;54:28,8;3,83;9;18,7438;0,204334233;0,425555556;1;46;77;0;1000045;92,50485;20,44;0;-20;-15;-10;-5
RED;44:31,7;17:08,9;6,45;15;32,61893333;0,197737919;0,43;1;61;69,5;0;1000045;125,1237833;26,89;0;-20;-15;-10;-5
RED;47:37,8;26:41,9;7,87;12;39,06876667;0,201439684;0,655833333;1;73;63,5;0;1000045;164,19255;34,76;0;-20;-15;-10;-5
RED;28:05,7;46:51,0;3,83;8;18,75551667;0,204206585;0,47875;1;81;59,5;0;1000045;182,9480667;38,59;0;-20;-15;-10;-5
RED;33:35,8;44:37,2;2,42;5;11,02358333;0,219529342;0,484;1;86;57;0;1000045;193,97165;41,01;0;-20;-15;-10;-5
RED;45:54,7;59:20,1;2,82;4;13,42186667;0,210104903;0,705;1;90;55;0;1000045;207,3935167;43,83;0;-20;-15;-10;-5
RED;04:14,6;14:58,1;2,22;4;10,72606667;0,206972422;0,555;1;94;53;0;1000045;218,1195833;46,05;0;-20;-15;-10;-5
RED;23:04,9;54:14,2;6,25;14;31,15461667;0,200612322;0,446428571;1;108;46;0;1000045;249,2742;52,3;0;-20;-15;-10;-5
RED;59:08,4;42:31,3;18,96;7;103,38195;0,183397585;2,708571429;1;115;42,5;0;1000045;352,65615;71,26;0;-20;-15;-10;-5
RED;43:06,1;04:24,7;4,44;8;21,31005;0,208352397;0,555;1;123;38,5;0;1000045;373,9662;75,7;0;-20;-15;-10;-5
RED;18:07,6;45:56,4;7,09;7;27,81411667;0,254906531;1,012857143;1;130;35;0;1000045;401,7803167;82,79;0;-20;-15;-10;-5
RED;23:25,7;30:32,1;1,41;3;7,107966667;0,198368966;0,47;1;133;33,5;0;1000045;408,8882833;84,2;0;-20;-15;-10;-5
RED;34:29,0;06:43,6;6,37;11;32,2438;0,19755736;0,579090909;1;144;28;0;1000045;441,1320833;90,57;0;-20;-15;-10;-5
RED;29:13,5;40:35,0;2,42;8;11,35911667;0,213044735;0,3025;1;152;24;0;1000045;452,4912;92,99;0;-20;-15;-10;-5
RED;34:16,2;40:39,9;1,21;2;6,395116667;0,189206869;0,605;1;154;23;0;1000045;458,8863167;94,2;0;-20;-15;-10;-5
RED;17:24,8;25:01,7;1,41;3;7,614133333;0,185181942;0,47;1;157;21,5;0;1000045;466,50045;95,61;0;-20;-15;-10;-5
RED;35:47,6;51:25,7;3,23;6;15,63473333;0,206591307;0,538333333;1;6;97;1;1000046;15,63473333;3,23;0;-20;-15;-10;-5
RED;25:35,7;41:35,2;3,23;5;15,99113333;0,201986934;0,646;1;11;94,5;0;1000046;31,62586667;6,46;0;-20;-15;-10;-5
RED;45:06,9;00:00,3;3,02;4;14,88966667;0,202825226;0,755;1;15;92,5;0;1000046;46,51553333;9,48;0;-20;-15;-10;-5
RED;01:17,0;08:53,8;1,61;3;7,612766667;0,211486844;0,536666667;1;18;91;0;1000046;54,1283;11,09;0;-20;-15;-10;-5
RED;32:56,0;42:09,1;1,61;0;9,21845;0,174649751;inf;1;18;91;0;1000046;63,34675;12,7;0;-20;-15;-10;-5
RED;14:33,6;50:46,7;7,21;30;36,21861667;0,199068895;0,240333333;1;48;76;0;1000046;99,56536667;19,91;0;-20;-15;-10;-5
RED;50:58,0;15:16,9;4,84;9;24,3153;0,199051626;0,537777778;1;57;71,5;0;1000046;123,8806667;24,75;0;-20;-15;-10;-5
RED;19:46,7;15:13,8;11,21;25;55,45168333;0,202157975;0,4484;1;82;59;0;1000046;179,33235;35,96;0;-20;-15;-10;-5
RED;30:24,1;51:55,7;4,24;16;21,52603333;0,1969708;0,265;1;98;51;0;1000046;200,8583833;40,2;0;-20;-15;-10;-5
RED;53:09,3;07:45,2;3,91;5;14,59816667;0,267841852;0,782;1;103;48,5;0;1000046;215,45655;44,11;0;-20;-15;-10;-5
RED;29:32,6;44:13,8;3,03;7;14,68778333;0,206293893;0,432857143;1;110;45;0;1000046;230,1443333;47,14;0;-20;-15;-10;-5
RED;08:55,7;37:22,7;8;10;28,4499;0,281196067;0,8;1;120;40;0;1000046;258,5942333;55,14;0;-20;-15;-10;-5
RED;51:17,2;10:29,4;3,95;7;19,2023;0,205704525;0,564285714;1;127;36,5;0;1000046;277,7965333;59,09;0;-20;-15;-10;-5
RED;56:09,9;01:49,6;1,01;2;5,661533333;0,178396901;0,505;1;129;35,5;0;1000046;283,4580667;60,1;0;-20;-15;-10;-5
RED;35:37,4;45:59,1;2,02;1;10,36136667;0,194954977;2,02;1;130;35;0;1000046;293,8194333;62,12;0;-20;-15;-10;-5
RED;52:12,0;30:55,5;10,16;17;38,72483333;0,262363944;0,597647059;1;147;26,5;0;1000046;332,5442667;72,28;0;-20;-15;-10;-5
RED;32:14,3;47:32,4;3,91;5;15,3004;0,255548875;0,782;1;152;24;0;1000046;347,8446667;76,19;0;-20;-15;-10;-5
RED;03:29,4;22:54,4;4,71;7;19,41585;0,24258531;0,672857143;1;159;20,5;0;1000046;367,2605167;80,9;0;-20;-15;-10;-5
RED;29:09,6;52:30,9;4,84;10;23,35436667;0,207241758;0,484;1;10;95;1;1000047;23,35436667;4,84;0;-20;-15;-10;-5
RED;45:24,8;09:33,6;4,84;8;24,14598333;0,200447417;0,605;1;18;91;0;1000047;47,50035;9,68;0;-20;-15;-10;-5
RED;22:58,5;16:12,3;13,81;43;53,22955;0,259442359;0,321162791;1;61;69,5;0;1000047;100,7299;23,49;0;-20;-15;-10;-5
RED;20:28,4;14:43,3;14,21;12;54,24725;0,261948762;1,184166667;1;73;63,5;0;1000047;154,97715;37,7;0;-20;-15;-10;-5
RED;25:25,8;07:43,6;26,2;3;162,2975;0,161431938;8,733333333;1;76;62;0;1000047;317,27465;63,9;0;-20;-15;-10;-5
RED;19:10,7;31:17,7;2,42;4;12,11668333;0,199724622;0,605;1;80;60;0;1000047;329,3913333;66,32;0;-20;-15;-10;-5
RED;44:27,1;14:29,9;6,05;14;30,04686667;0,20135211;0,432142857;1;94;53;0;1000047;359,4382;72,37;0;-20;-15;-10;-5
RED;20:01,2;44:03,9;4,84;9;24,04483333;0,201290645;0,537777778;1;103;48,5;0;1000047;383,4830333;77,21;0;-20;-15;-10;-5
RED;10:55,4;19:38,0;1,82;2;8,709666667;0,208963221;0,91;1;105;47,5;0;1000047;392,1927;79,03;0;-20;-15;-10;-5
RED;43:19,5;53:24,7;2,02;3;10,08571667;0,200283239;0,673333333;1;108;46;0;1000047;402,2784167;81,05;0;-20;-15;-10;-5
RED;48:43,0;57:00,3;1,61;3;8,288666667;0,194241132;0,536666667;1;111;44,5;0;1000047;410,5670833;82,66;0;-20;-15;-10;-5
RED;36:36,5;50:08,1;2,82;5;13,52656667;0,208478624;0,564;1;116;42;0;1000047;424,09365;85,48;0;-20;-15;-10;-5
RED;54:38,2;19:02,1;6,51;11;24,39916667;0,266812391;0,591818182;1;127;36,5;0;1000047;448,4928167;91,99;0;-20;-15;-10;-5
RED;40:24,2;51:10,2;2,22;6;10,76621667;0,206200569;0,37;1;133;33,5;0;1000047;459,2590333;94,21;0;-20;-15;-10;-5
RED;51:48,9;54:06,5;0,61;0;2,293283333;0,265994171;inf;1;133;33,5;0;1000047;461,5523167;94,82;0;-20;-15;-10;-5
RED;56:56,2;09:42,6;14,07;7;72,7732;0,193340406;2,01;1;140;30;0;1000047;534,3255167;108,89;0;-20;-15;-10;-5
RED;46:07,6;52:59,3;1,41;3;6,860433333;0,205526376;0,47;1;143;28,5;0;1000047;541,18595;110,3;1,18595;-18,81405;-13,81405;-8,81405;-3,81405
RED;05:52,4;13:44,6;1,61;3;7,870016667;0,2045739;0,536666667;1;146;27;0;1000047;549,0559667;111,91;9,055966667;-10,94403333;-5,944033333;-0,944033333;4,055966667
RED;22:21,9;35:07,2;2,62;5;12,75425;0,205421722;0,524;1;151;24,5;0;1000047;561,8102167;114,53;21,81021667;1,810216667;6,810216667;11,81021667;16,81021667
RED;46:06,9;03:18,9;4,43;11;17,19993333;0,257559138;0,402727273;1;11;94,5;1;1000048;17,19993333;4,43;0;-20;-15;-10;-5
RED;10:14,3;27:08,7;3,43;11;16,9067;0,202878149;0,311818182;1;22;89;0;1000048;34,10663333;7,86;0;-20;-15;-10;-5
RED;29:43,1;53:01,3;4,84;10;23,30458333;0,207684468;0,484;1;32;84;0;1000048;57,41121667;12,7;0;-20;-15;-10;-5
RED;53:13,9;54:20,2;40,91;42;241,1056;0,169676689;0,974047619;1;74;63;0;1000048;298,5168167;53,61;0;-20;-15;-10;-5
RED;54:36,8;05:20,5;2,22;4;10,7273;0,206948626;0,555;1;78;61;0;1000048;309,2441167;55,83;0;-20;-15;-10;-5
RED;13:32,9;19:39,0;1,21;2;6,101133333;0,198323809;0,605;1;80;60;0;1000048;315,34525;57,04;0;-20;-15;-10;-5
RED;54:41,5;00:15,4;1,21;1;5,56495;0,217432322;1,21;1;81;59,5;0;1000048;320,9102;58,25;0;-20;-15;-10;-5
RED;44:53,2;51:46,5;1,41;5;6,888183333;0,204698384;0,282;1;86;57;0;1000048;327,7983833;59,66;0;-20;-15;-10;-5
RED;55:16,1;19:56,2;5,04;13;24,66813333;0,204312176;0,387692308;1;99;50,5;0;1000048;352,4665167;64,7;0;-20;-15;-10;-5
RED;44:01,7;49:38,1;1,01;2;5,605533333;0,180179109;0,505;1;101;49,5;0;1000048;358,07205;65,71;0;-20;-15;-10;-5
RED;24:56,7;39:54,0;3,3;2;14,95473333;0,220665921;1,65;1;103;48,5;0;1000048;373,0267833;69,01;0;-20;-15;-10;-5
RED;01:34,0;16:00,9;3,03;7;14,44956667;0,20969487;0,432857143;1;110;45;0;1000048;387,47635;72,04;0;-20;-15;-10;-5
RED;17:49,8;10:06,3;10,56;15;52,27493333;0,202008866;0,704;1;125;37,5;0;1000048;439,7512833;82,6;0;-20;-15;-10;-5
RED;35:24,6;13:20,4;7,58;15;37,93096667;0,199836721;0,505333333;1;140;30;0;1000048;477,68225;90,18;0;-20;-15;-10;-5
RED;45:48,2;07:05,0;4,24;3;21,27996667;0,199248432;1,413333333;1;143;28,5;0;1000048;498,9622167;94,42;0;-20;-15;-10;-5
RED;36:18,6;50:33,6;2,82;5;14,2489;0,197910014;0,564;1;148;26;0;1000048;513,2111167;97,24;0;-20;-15;-10;-5
RED;26:49,0;40:17,6;3,65;5;13,47598333;0,27085222;0,73;1;153;23,5;0;1000048;526,6871;100,89;0;-20;-15;-10;-5
RED;56:58,3;07:58,7;2,09;2;11,00606667;0,18989527;1,045;1;155;22,5;0;1000048;537,6931667;102,98;0;-20;-15;-10;-5
RED;36:38,5;52:17,3;4,17;2;15,64596667;0,266522363;2,085;1;157;21,5;0;1000048;553,3391333;107,15;13,33913333;-6,660866667;-1,660866667;3,339133333;8,339133333
RED;02:35,4;23:10,8;4,03;4;20,58935;0,19573226;1,0075;1;4;98;1;1000049;20,58935;4,03;0;-20;-15;-10;-5
RED;41:51,1;48:45,9;1,41;3;6,912116667;0,203989612;0,47;1;7;96,5;0;1000049;27,50146667;5,44;0;-20;-15;-10;-5
RED;57:57,7;15:57,1;3,63;5;17,99083333;0,20176942;0,726;1;12;94;0;1000049;45,4923;9,07;0;-20;-15;-10;-5
RED;22:50,2;44:13,0;4,24;8;21,37956667;0,198320203;0,53;1;20;90;0;1000049;66,87186667;13,31;0;-20;-15;-10;-5
RED;46:45,6;06:46,3;5,21;6;20,01123333;0,260353768;0,868333333;1;26;87;0;1000049;86,8831;18,52;0;-20;-15;-10;-5
RED;17:08,8;36:27,5;3,83;7;19,3107;0,198335638;0,547142857;1;33;83,5;0;1000049;106,1938;22,35;0;-20;-15;-10;-5
RED;39:00,9;00:43,7;4,44;5;21,71366667;0,204479514;0,888;1;38;81;0;1000049;127,9074667;26,79;0;-20;-15;-10;-5
RED;37:44,4;45:31,2;1,53;1;7,779766667;0,196663996;1,53;1;39;80,5;0;1000049;135,6872333;28,32;0;-20;-15;-10;-5
RED;24:45,1;48:23,9;4,84;7;23,64725;0,204674962;0,691428571;1;46;77;0;1000049;159,3344833;33,16;0;-20;-15;-10;-5
RED;03:02,8;20:38,5;3,63;11;17,59538333;0,206304116;0,33;1;57;71,5;0;1000049;176,9298667;36,79;0;-20;-15;-10;-5
RED;11:47,2;24:01,5;2,42;4;12,23778333;0,197748231;0,605;1;61;69,5;0;1000049;189,16765;39,21;0;-20;-15;-10;-5
RED;43:10,3;08:06,9;6,51;7;24,94355;0,260989314;0,93;1;68;66;0;1000049;214,1112;45,72;0;-20;-15;-10;-5
RED;45:19,1;05:16,6;4,03;9;19,9583;0,201921005;0,447777778;1;77;61,5;0;1000049;234,0695;49,75;0;-20;-15;-10;-5
RED;07:29,5;27:28,6;4,03;6;19,98448333;0,201656452;0,671666667;1;83;58,5;0;1000049;254,0539833;53,78;0;-20;-15;-10;-5
RED;40:54,3;13:45,4;6,78;4;32,8511;0,206385783;1,695;1;87;56,5;0;1000049;286,9050833;60,56;0;-20;-15;-10;-5
RED;20:46,1;09:44,6;11,35;7;48,97506667;0,231750578;1,621428571;1;94;53;0;1000049;335,88015;71,91;0;-20;-15;-10;-5
RED;12:24,3;19:31,3;1,82;1;7,116733333;0,255735309;1,82;1;95;52,5;0;1000049;342,9968833;73,73;0;-20;-15;-10;-5
RED;24:27,5;44:25,1;4,03;5;19,95908333;0,201913081;0,806;1;100;50;0;1000049;362,9559667;77,76;0;-20;-15;-10;-5
RED;44:29,6;16:27,9;6,53;9;31,9718;0,204242489;0,725555556;1;109;45,5;0;1000049;394,9277667;84,29;0;-20;-15;-10;-5
RED;16:59,3;39:32,4;4,56;7;22,55133333;0,202205339;0,651428571;1;116;42;0;1000049;417,4791;88,85;0;-20;-15;-10;-5
RED;42:52,6;48:58,4;1,21;1;6,09805;0,198424086;1,21;1;117;41,5;0;1000049;423,57715;90,06;0;-20;-15;-10;-5
RED;06:01,8;34:33,5;5,65;11;28,52813333;0,198050112;0,513636364;1;128;36;0;1000049;452,1052833;95,71;0;-20;-15;-10;-5
RED;35:30,4;35:08,4;48,59;115;179,6333667;0,270495404;0,422521739;1;115;42,5;1;1000050;179,6333667;48,59;0;-20;-15;-10;-5
RED;37:32,9;19:17,9;10,54;10;41,75006667;0,252454687;1,054;1;125;37,5;0;1000050;221,3834333;59,13;0;-20;-15;-10;-5
RED;19:44,4;42:00,3;4,44;7;22,2663;0,199404481;0,634285714;1;132;34;0;1000050;243,6497333;63,57;0;-20;-15;-10;-5
RED;42:15,8;01:41,9;4,03;6;19,435;0,20735786;0,671666667;1;138;31;0;1000050;263,0847333;67,6;0;-20;-15;-10;-5
RED;57:06,0;08:46,5;2,42;4;11,67625;0,207258324;0,605;1;142;29;0;1000050;274,7609833;70,02;0;-20;-15;-10;-5
RED;43:02,6;58:50,2;3,23;5;15,79188333;0,204535452;0,646;1;147;26,5;0;1000050;290,5528667;73,25;0;-20;-15;-10;-5
RED;47:16,9;00:01,6;2,62;4;12,74486667;0,205572963;0,655;1;151;24,5;0;1000050;303,2977333;75,87;0;-20;-15;-10;-5
RED;03:54,0;22:50,6;3,83;5;18,94266667;0,202189062;0,766;1;156;22;0;1000050;322,2404;79,7;0;-20;-15;-10;-5
RED;31:08,0;59:49,9;5,85;8;28,69861667;0,203842578;0,73125;1;8;96;1;1000051;28,69861667;5,85;0;-20;-15;-10;-5
RED;05:05,5;11:55,5;1,41;3;6,834533333;0,206305234;0,47;1;11;94,5;0;1000051;35,53315;7,26;0;-20;-15;-10;-5
RED;57:32,3;14:35,3;4,69;10;17,05026667;0,275069012;0,469;1;21;89,5;0;1000051;52,58341667;11,95;0;-20;-15;-10;-5
RED;42:51,7;47:30,0;0,81;1;4,63755;0,17466119;0,81;1;22;89;0;1000051;57,22096667;12,76;0;-20;-15;-10;-5
RED;48:58,2;09:49,9;3,86;6;20,86178333;0,185027327;0,643333333;1;28;86;0;1000051;78,08275;16,62;0;-20;-15;-10;-5
RED;19:45,8;27:58,1;1,61;4;8,205833333;0,196201889;0,4025;1;32;84;0;1000051;86,28858333;18,23;0;-20;-15;-10;-5
RED;38:43,2;52:54,3;2,82;5;14,18518333;0,198798982;0,564;1;37;81,5;0;1000051;100,4737667;21,05;0;-20;-15;-10;-5
RED;38:24,9;06:44,7;5,65;8;28,33001667;0,19943511;0,70625;1;45;77,5;0;1000051;128,8037833;26,7;0;-20;-15;-10;-5
RED;23:05,7;29:34,6;1,21;3;6,481583333;0,186682781;0,403333333;1;48;76;0;1000051;135,2853667;27,91;0;-20;-15;-10;-5
RED;22:37,6;34:54,8;2,42;3;12,28718333;0,196953194;0,806666667;1;51;74,5;0;1000051;147,57255;30,33;0;-20;-15;-10;-5
RED;01:51,7;36:44,0;6,17;3;34,8715;0,17693532;2,056666667;1;54;73;0;1000051;182,44405;36,5;0;-20;-15;-10;-5
RED;31:10,4;56:58,1;5,24;9;25,79528333;0,203137912;0,582222222;1;63;68,5;0;1000051;208,2393333;41,74;0;-20;-15;-10;-5
RED;08:58,9;10:03,8;0,32;0;1,081983333;0,295753169;inf;1;63;68,5;0;1000051;209,3213167;42,06;0;-20;-15;-10;-5
RED;28:03,8;43:47,1;4,17;4;15,72085;0,265252833;1,0425;1;67;66,5;0;1000051;225,0421667;46,23;0;-20;-15;-10;-5
RED;29:15,2;47:10,2;3,63;6;17,91705;0,202600316;0,605;1;73;63,5;0;1000051;242,9592167;49,86;0;-20;-15;-10;-5
RED;03:55,9;13:07,9;2,34;3;9,200383333;0,254337229;0,78;1;76;62;0;1000051;252,1596;52,2;0;-20;-15;-10;-5
RED;03:18,5;08:59,9;1,21;2;5,689866667;0,212658762;0,605;1;78;61;0;1000051;257,8494667;53,41;0;-20;-15;-10;-5
RED;34:15,4;56:26,6;5,73;5;22,18656667;0,258264385;1,146;1;83;58,5;0;1000051;280,0360333;59,14;0;-20;-15;-10;-5
RED;57:32,1;29:39,8;6,45;17;32,1282;0,200758212;0,379411765;1;100;50;0;1000051;312,1642333;65,59;0;-20;-15;-10;-5
RED;17:02,7;24:19,7;1,41;1;7,283216667;0,193595778;1,41;1;101;49,5;0;1000051;319,44745;67;0;-20;-15;-10;-5
RED;29:09,4;55:28,1;5,24;9;26,31143333;0,199152966;0,582222222;1;110;45;0;1000051;345,7588833;72,24;0;-20;-15;-10;-5
RED;56:19,2;20:24,4;4,96;6;24,08726667;0,205917926;0,826666667;1;116;42;0;1000051;369,84615;77,2;0;-20;-15;-10;-5
RED;51:46,2;59:58,9;2,08;4;8,212316667;0,253278105;0,52;1;120;40;0;1000051;378,0584667;79,28;0;-20;-15;-10;-5
RED;31:36,2;38:11,4;1,82;2;6,5873;0,276289223;0,91;1;122;39;0;1000051;384,6457667;81,1;0;-20;-15;-10;-5
RED;30:03,2;49:10,6;5,21;9;19,12285;0,272448929;0,578888889;1;131;34,5;0;1000051;403,7686167;86,31;0;-20;-15;-10;-5
RED;50:49,6;01:22,4;2,02;3;10,546;0,191541817;0,673333333;1;134;33;0;1000051;414,3146167;88,33;0;-20;-15;-10;-5
RED;41:49,4;48:16,2;1,21;2;6,445866667;0,187717193;0,605;1;136;32;0;1000051;420,7604833;89,54;0;-20;-15;-10;-5
RED;28:13,7;34:30,6;1,21;3;6,280833333;0,192649595;0,403333333;1;139;30,5;0;1000051;427,0413167;90,75;0;-20;-15;-10;-5
RED;50:20,7;06:02,6;3,23;6;15,6987;0,205749521;0,538333333;1;145;27,5;0;1000051;442,7400167;93,98;0;-20;-15;-10;-5
RED;26:01,2;28:39,1;11,99;25;62,63131667;0,191437776;0,4796;1;25;87,5;1;1000052;62,63131667;11,99;0;-20;-15;-10;-5
RED;15:38,8;35:53,4;5,01;7;20,24343333;0,247487663;0,715714286;1;32;84;0;1000052;82,87475;17;0;-20;-15;-10;-5
RED;59:53,8;09:20,0;1,28;0;9,437816667;0,135624588;inf;1;32;84;0;1000052;92,31256667;18,28;0;-20;-15;-10;-5
RED;35:36,9;06:40,0;4,79;0;31,05238333;0,15425547;inf;1;32;84;0;1000052;123,36495;23,07;0;-20;-15;-10;-5
RED;19:43,2;32:50,3;3,39;5;13,11801667;0,258423212;0,678;1;37;81,5;0;1000052;136,4829667;26,46;0;-20;-15;-10;-5
RED;12:42,3;30:09,6;3,51;5;17,45558333;0,201081793;0,702;1;42;79;0;1000052;153,93855;29,97;0;-20;-15;-10;-5
RED;58:49,6;18:38,7;4,91;7;19,81875;0,247745191;0,701428571;1;49;75,5;0;1000052;173,7573;34,88;0;-20;-15;-10;-5
RED;19:58,1;14:54,6;49,78;60;234,9412167;0,211882788;0,829666667;1;109;45,5;0;1000052;408,6985167;84,66;0;-20;-15;-10;-5
RED;34:15,2;45:24,1;2,22;4;11,14738333;0,199149875;0,555;1;113;43,5;0;1000052;419,8459;86,88;0;-20;-15;-10;-5
RED;09:51,4;43:26,6;26,77;23;153,58605;0,174299684;1,163913043;1;136;32;0;1000052;573,43195;113,65;33,43195;13,43195;18,43195;23,43195;28,43195
RED;51:27,6;59:50,8;1,82;3;8,386716667;0,217009835;0,606666667;1;139;30,5;0;1000052;581,8186667;115,47;41,81866667;21,81866667;26,81866667;31,81866667;36,81866667
RED;18:30,8;27:05,9;1,82;2;8,58595;0,211974214;0,91;1;141;29,5;0;1000052;590,4046167;117,29;50,40461667;30,40461667;35,40461667;40,40461667;45,40461667
RED;48:04,1;54:12,6;1,21;3;6,141983333;0,197004768;0,403333333;1;144;28;0;1000052;596,5466;118,5;56,5466;36,5466;41,5466;46,5466;51,5466
RED;55:35,8;07:30,0;2,42;2;11,90385;0,203295572;1,21;1;146;27;0;1000052;608,45045;120,92;68,45045;48,45045;53,45045;58,45045;63,45045
RED;50:25,9;15:07,6;7,14;8;24,69486667;0,289128915;0,8925;1;154;23;0;1000052;633,1453167;128,06;93,14531667;73,14531667;78,14531667;83,14531667;88,14531667
RED;34:57,4;50:13,3;4,17;5;15,2656;0,27316319;0,834;1;159;20,5;0;1000052;648,4109167;132,23;108,4109167;88,41091667;93,41091667;98,41091667;103,4109167
RED;38:39,6;06:31,8;5,31;7;27,87005;0,190527107;0,758571429;1;7;96,5;1;1000053;27,87005;5,31;0;-20;-15;-10;-5
RED;07:16,1;26:14,6;3,83;8;18,97485;0,201846128;0,47875;1;15;92,5;0;1000053;46,8449;9,14;0;-20;-15;-10;-5
RED;47:33,8;58:55,1;2,22;5;11,35495;0,195509447;0,444;1;20;90;0;1000053;58,19985;11,36;0;-20;-15;-10;-5
RED;26:17,1;40:05,3;2,82;6;13,80253333;0,20431032;0,47;1;26;87;0;1000053;72,00238333;14,18;0;-20;-15;-10;-5
RED;59:15,9;09:23,1;2,86;3;10,12008333;0,282606369;0,953333333;1;29;85,5;0;1000053;82,12246667;17,04;0;-20;-15;-10;-5
RED;33:21,9;46:16,4;2,62;3;12,90833333;0,202969658;0,873333333;1;32;84;0;1000053;95,0308;19,66;0;-20;-15;-10;-5
RED;59:40,7;20:35,1;4,24;5;20,90528333;0,202819542;0,848;1;37;81,5;0;1000053;115,9360833;23,9;0;-20;-15;-10;-5
RED;44:50,3;54:52,4;2,02;3;10,0352;0,201291454;0,673333333;1;40;80;0;1000053;125,9712833;25,92;0;-20;-15;-10;-5
RED;56:55,4;30:21,0;6,14;6;33,42615;0,183688519;1,023333333;1;46;77;0;1000053;159,3974333;32,06;0;-20;-15;-10;-5
RED;31:00,7;43:23,2;2,62;5;12,37536667;0,211710899;0,524;1;51;74,5;0;1000053;171,7728;34,68;0;-20;-15;-10;-5
RED;48:38,7;08:19,4;4,03;6;19,67925;0,204784227;0,671666667;1;57;71,5;0;1000053;191,45205;38,71;0;-20;-15;-10;-5
RED;12:31,8;14:07,7;0,4;1;1,598833333;0,250182425;0,4;1;58;71;0;1000053;193,0508833;39,11;0;-20;-15;-10;-5
RED;15:06,7;46:58,8;6,45;6;31,86913333;0,202390192;1,075;1;64;68;0;1000053;224,9200167;45,56;0;-20;-15;-10;-5
RED;47:50,6;58:51,1;2,22;3;11,00895;0,201654109;0,74;1;67;66,5;0;1000053;235,9289667;47,78;0;-20;-15;-10;-5
RED;11:36,3;34:53,6;4,84;8;23,28755;0,207836376;0,605;1;75;62,5;0;1000053;259,2165167;52,62;0;-20;-15;-10;-5
RED;37:51,2;51:08,6;2,82;3;13,28993333;0,212190681;0,94;1;78;61;0;1000053;272,50645;55,44;0;-20;-15;-10;-5
RED;21:06,8;40:37,5;3,83;6;19,51193333;0,196290134;0,638333333;1;84;58;0;1000053;292,0183833;59,27;0;-20;-15;-10;-5
RED;42:37,3;55:29,4;2,62;6;12,86836667;0,203600042;0,436666667;1;90;55;0;1000053;304,88675;61,89;0;-20;-15;-10;-5
RED;51:10,9;12:05,2;4,24;4;20,90505;0,202821806;1,06;1;94;53;0;1000053;325,7918;66,13;0;-20;-15;-10;-5
RED;13:59,9;52:46,4;7,28;5;38,77395;0,187754923;1,456;1;99;50,5;0;1000053;364,56575;73,41;0;-20;-15;-10;-5
RED;00:58,1;59:54,4;48,18;90;178,9382333;0,269254922;0,535333333;1;90;55;1;1000054;178,9382333;48,18;0;-20;-15;-10;-5
RED;43:57,0;58:39,4;2,9;5;14,70581667;0,197200881;0,58;1;95;52,5;0;1000054;193,64405;51,08;0;-20;-15;-10;-5
RED;03:16,5;16:08,5;2,62;2;12,86645;0,203630372;1,31;1;97;51,5;0;1000054;206,5105;53,7;0;-20;-15;-10;-5
RED;18:52,2;41:49,8;4,56;9;22,96013333;0,198605118;0,506666667;1;106;47;0;1000054;229,4706333;58,26;0;-20;-15;-10;-5
RED;47:19,4;57:53,9;2,02;2;10,57398333;0,191034914;1,01;1;108;46;0;1000054;240,0446167;60,28;0;-20;-15;-10;-5
RED;07:48,5;24:43,6;4,86;5;16,91921667;0,287247341;0,972;1;113;43,5;0;1000054;256,9638333;65,14;0;-20;-15;-10;-5
RED;33:31,5;56:32,7;4,64;9;23,02006667;0,201563274;0,515555556;1;122;39;0;1000054;279,9839;69,78;0;-20;-15;-10;-5
RED;07:25,0;30:54,5;4,84;7;23,49156667;0,206031384;0,691428571;1;129;35,5;0;1000054;303,4754667;74,62;0;-20;-15;-10;-5
RED;36:04,8;49:22,7;2,82;5;13,2985;0,212053991;0,564;1;134;33;0;1000054;316,7739667;77,44;0;-20;-15;-10;-5
RED;53:41,2;13:34,6;4,03;6;19,88928333;0,20262168;0,671666667;1;140;30;0;1000054;336,66325;81,47;0;-20;-15;-10;-5
RED;49:51,2;53:41,3;1,14;1;3,83585;0,297196189;1,14;1;141;29,5;0;1000054;340,4991;82,61;0;-20;-15;-10;-5
RED;10:54,9;32:23,5;5,41;4;21,47748333;0,25189171;1,3525;1;145;27,5;0;1000054;361,9765833;88,02;0;-20;-15;-10;-5
RED;51:48,6;19:21,4;7,29;7;27,54585;0,264649666;1,041428571;1;152;24;0;1000054;389,5224333;95,31;0;-20;-15;-10;-5
RED;19:10,4;26:31,0;1,61;2;7,343633333;0,219237525;0,805;1;154;23;0;1000054;396,8660667;96,92;0;-20;-15;-10;-5
RED;42:54,2;33:22,8;10,08;13;50,4771;0,199694515;0,775384615;1;13;93,5;1;1000055;50,4771;10,08;0;-20;-15;-10;-5
RED;02:45,6;08:03,6;1,71;1;5,2996;0,322665862;1,71;1;14;93;0;1000055;55,7767;11,79;0;-20;-15;-10;-5
RED;33:59,7;59:00,8;4,91;8;25,01863333;0,196253726;0,61375;1;22;89;0;1000055;80,79533333;16,7;0;-20;-15;-10;-5
RED;25:26,2;40:04,2;3,03;8;14,63343333;0,207060088;0,37875;1;30;85;0;1000055;95,42876667;19,73;0;-20;-15;-10;-5
RED;40:46,4;58:54,4;3,83;7;18,13321667;0,211214594;0,547142857;1;37;81,5;0;1000055;113,5619833;23,56;0;-20;-15;-10;-5
RED;48:55,3;03:25,2;3,03;6;14,4987;0,208984254;0,505;1;43;78,5;0;1000055;128,0606833;26,59;0;-20;-15;-10;-5
RED;37:26,5;08:00,4;8,86;18;30,56483333;0,28987562;0,492222222;1;61;69,5;0;1000055;158,6255167;35,45;0;-20;-15;-10;-5
RED;27:47,2;44:12,0;3,43;8;16,4125;0,208987053;0,42875;1;69;65,5;0;1000055;175,0380167;38,88;0;-20;-15;-10;-5
RED;43:16,6;53:13,2;2,02;2;9,943516667;0,203147444;1,01;1;71;64,5;0;1000055;184,9815333;40,9;0;-20;-15;-10;-5
RED;33:12,0;46:00,9;2,62;6;12,8151;0,204446317;0,436666667;1;77;61,5;0;1000055;197,7966333;43,52;0;-20;-15;-10;-5
RED;11:58,7;24:23,7;2,62;7;12,41605;0,211017191;0,374285714;1;84;58;0;1000055;210,2126833;46,14;0;-20;-15;-10;-5
RED;29:51,8;49:57,5;3,74;4;20,09533333;0,186112862;0,935;1;88;56;0;1000055;230,3080167;49,88;0;-20;-15;-10;-5
RED;54:01,2;07:29,5;2,62;6;13,4731;0,194461557;0,436666667;1;94;53;0;1000055;243,7811167;52,5;0;-20;-15;-10;-5
RED;16:51,9;43:28,1;5,36;12;26,60451667;0,20146955;0,446666667;1;106;47;0;1000055;270,3856333;57,86;0;-20;-15;-10;-5
RED;49:16,8;04:33,2;3,91;8;15,27278333;0,256010965;0,48875;1;114;43;0;1000055;285,6584167;61,77;0;-20;-15;-10;-5
RED;01:21,0;27:12,6;5,24;7;25,85925;0,202635421;0,748571429;1;121;39,5;0;1000055;311,5176667;67,01;0;-20;-15;-10;-5
RED;27:17,6;50:19,8;4,43;6;23,0363;0,192305188;0,738333333;1;127;36,5;0;1000055;334,5539667;71,44;0;-20;-15;-10;-5
RED;07:22,7;21:51,2;3,03;6;14,47531667;0,209321846;0,505;1;133;33,5;0;1000055;349,0292833;74,47;0;-20;-15;-10;-5
RED;40:25,3;46:04,7;1,21;2;5,6564;0,213916979;0,605;1;135;32,5;0;1000055;354,6856833;75,68;0;-20;-15;-10;-5
RED;01:05,3;15:10,0;2,74;5;14,07751667;0,194636601;0,548;1;140;30;0;1000055;368,7632;78,42;0;-20;-15;-10;-5
RED;45:14,3;00:59,5;3,23;8;15,75325;0,205037056;0,40375;1;148;26;0;1000055;384,51645;81,65;0;-20;-15;-10;-5
RED;00:34,9;17:08,6;4,43;9;16,56156667;0,267486772;0,492222222;1;157;21,5;0;1000055;401,0780167;86,08;0;-20;-15;-10;-5
RED;17:15,9;42:27,9;4,96;12;25,20123333;0,196815764;0,413333333;1;12;94;1;1000056;25,20123333;4,96;0;-20;-15;-10;-5
RED;58:38,6;13:52,7;3,23;9;15,23503333;0,212011351;0,358888889;1;21;89,5;0;1000056;40,43626667;8,19;0;-20;-15;-10;-5
RED;21:52,3;36:39,1;3,03;7;14,7792;0,205017863;0,432857143;1;28;86;0;1000056;55,21546667;11,22;0;-20;-15;-10;-5
RED;12:13,6;21:27,3;2,86;3;9,228333333;0,309915116;0,953333333;1;31;84,5;0;1000056;64,4438;14,08;0;-20;-15;-10;-5
RED;21:37,6;46:49,6;5,24;9;25,20066667;0,207931007;0,582222222;1;40;80;0;1000056;89,64446667;19,32;0;-20;-15;-10;-5
RED;49:41,8;58:39,6;2,14;1;8,962866667;0,238762896;2,14;1;41;79,5;0;1000056;98,60733333;21,46;0;-20;-15;-10;-5
RED;03:19,3;11:42,3;1,61;2;8,383783333;0,192037406;0,805;1;43;78,5;0;1000056;106,9911167;23,07;0;-20;-15;-10;-5
RED;40:35,9;26:08,3;49,58;45;285,5392;0,173636404;1,101777778;1;88;56;0;1000056;392,5303167;72,65;0;-20;-15;-10;-5
RED;29:18,2;42:28,5;2,62;5;13,17188333;0,198908534;0,524;1;93;53,5;0;1000056;405,7022;75,27;0;-20;-15;-10;-5
RED;44:21,6;52:57,9;1,61;2;8,6044;0,18711357;0,805;1;95;52,5;0;1000056;414,3066;76,88;0;-20;-15;-10;-5
RED;13:09,7;41:48,6;5,85;13;28,64773333;0,204204637;0,45;1;108;46;0;1000056;442,9543333;82,73;0;-20;-15;-10;-5
RED;44:35,1;01:11,8;3,43;5;16,61133333;0,206485532;0,686;1;113;43,5;0;1000056;459,5656667;86,16;0;-20;-15;-10;-5
RED;17:40,0;39:45,7;4,44;4;22,0956;0,200944985;1,11;1;117;41,5;0;1000056;481,6612667;90,6;0;-20;-15;-10;-5
RED;46:57,8;55:01,0;1,82;3;8,053333333;0,225993377;0,606666667;1;120;40;0;1000056;489,7146;92,42;0;-20;-15;-10;-5
RED;32:40,3;45:00,0;2,42;5;12,32755;0,196308269;0,484;1;125;37,5;0;1000056;502,04215;94,84;0;-20;-15;-10;-5
RED;49:08,6;16:46,4;7,29;10;27,6305;0,263838874;0,729;1;135;32,5;0;1000056;529,67265;102,13;0;-20;-15;-10;-5
RED;24:43,3;52:54,3;7,29;21;28,18401667;0,258657241;0,347142857;1;156;22;0;1000056;557,8566667;109,42;17,85666667;-2,143333333;2,856666667;7,856666667;12,85666667
RED;56:46,8;22:10,1;5,24;11;25,38835;0,206393878;0,476363636;1;11;94,5;1;1000057;25,38835;5,24;0;-20;-15;-10;-5
RED;49:49,1;08:54,9;3,83;7;19,0972;0,200552961;0,547142857;1;18;91;0;1000057;44,48555;9,07;0;-20;-15;-10;-5
RED;19:32,1;41:35,9;4,44;8;22,06306667;0,20124129;0,555;1;26;87;0;1000057;66,54861667;13,51;0;-20;-15;-10;-5
RED;42:29,3;05:29,4;6,57;5;23,00276667;0,285617817;1,314;1;31;84,5;0;1000057;89,55138333;20,08;0;-20;-15;-10;-5
RED;38:25,4;07:25,6;5,85;7;29,00325;0,201701533;0,835714286;1;38;81;0;1000057;118,5546333;25,93;0;-20;-15;-10;-5
RED;15:24,1;26:22,0;2,22;2;10,96496667;0,202462996;1,11;1;40;80;0;1000057;129,5196;28,15;0;-20;-15;-10;-5
RED;43:05,8;54:13,3;2,22;3;11,1242;0,199564913;0,74;1;43;78,5;0;1000057;140,6438;30,37;0;-20;-15;-10;-5
RED;55:18,9;23:37,5;5,56;17;28,31105;0,196389749;0,327058824;1;60;70;0;1000057;168,95485;35,93;0;-20;-15;-10;-5
RED;23:42,9;32:28,6;1,82;4;8,7623;0,207708022;0,455;1;64;68;0;1000057;177,71715;37,75;0;-20;-15;-10;-5
RED;35:06,5;51:37,0;3,43;8;16,50753333;0,207783921;0,42875;1;72;64;0;1000057;194,2246833;41,18;0;-20;-15;-10;-5
RED;56:55,9;09:11,7;2,62;4;12,26353333;0,213641528;0,655;1;76;62;0;1000057;206,4882167;43,8;0;-20;-15;-10;-5
RED;35:21,4;43:01,9;1,61;2;7,674816667;0,209776998;0,805;1;78;61;0;1000057;214,1630333;45,41;0;-20;-15;-10;-5
RED;06:48,7;14:07,6;1,41;1;7,31435;0,192771743;1,41;1;79;60,5;0;1000057;221,4773833;46,82;0;-20;-15;-10;-5
RED;21:12,8;36:03,7;3,03;4;14,84815;0,204065826;0,7575;1;83;58,5;0;1000057;236,3255333;49,85;0;-20;-15;-10;-5
RED;42:37,4;12:33,2;6,05;12;29,92958333;0,202141137;0,504166667;1;95;52,5;0;1000057;266,2551167;55,9;0;-20;-15;-10;-5
RED;54:11,1;24:30,6;7,82;14;30,32578333;0,257866381;0,558571429;1;109;45,5;0;1000057;296,5809;63,72;0;-20;-15;-10;-5
RED;38:19,5;58:23,7;4,03;6;20,07131667;0,200784038;0,671666667;1;115;42,5;0;1000057;316,6522167;67,75;0;-20;-15;-10;-5
RED;59:10,8;18:20,7;3,83;6;19,16433333;0,199850417;0,638333333;1;121;39,5;0;1000057;335,81655;71,58;0;-20;-15;-10;-5
RED;30:13,2;38:49,8;1,82;2;8,6102;0,211377204;0,91;1;123;38,5;0;1000057;344,42675;73,4;0;-20;-15;-10;-5
RED;44:33,9;13:42,2;5,47;6;29,13761667;0,187729836;0,911666667;1;129;35,5;0;1000057;373,5643667;78,87;0;-20;-15;-10;-5
RED;21:39,5;27:09,7;1,21;2;5,5042;0,219832128;0,605;1;131;34,5;0;1000057;379,0685667;80,08;0;-20;-15;-10;-5
RED;33:36,2;43:27,3;66,39;110;849,85085;0,07811959;0,603545455;1;110;45;1;1000058;849,85085;66,39;309,85085;289,85085;294,85085;299,85085;304,85085
RED;56:29,6;04:09,3;1,61;2;7,660233333;0,210176365;0,805;1;112;44;0;1000058;857,5110833;68;317,5110833;297,5110833;302,5110833;307,5110833;312,5110833
RED;25:47,6;36:12,0;2,02;2;10,40643333;0,194110694;1,01;1;114;43;0;1000058;867,9175167;70,02;327,9175167;307,9175167;312,9175167;317,9175167;322,9175167
RED;55:35,9;09:16,2;2,62;5;13,67163333;0,191637673;0,524;1;119;40,5;0;1000058;881,58915;72,64;341,58915;321,58915;326,58915;331,58915;336,58915
RED;14:19,5;40:50,2;6,8;6;26,51035;0,256503592;1,133333333;1;125;37,5;0;1000058;908,0995;79,44;368,0995;348,0995;353,0995;358,0995;363,0995
RED;19:24,3;32:03,2;2,62;6;12,64723333;0,207159932;0,436666667;1;131;34,5;0;1000058;920,7467333;82,06;380,7467333;360,7467333;365,7467333;370,7467333;375,7467333
RED;14:54,3;25:10,5;2,02;3;10,26978333;0,196693536;0,673333333;1;134;33;0;1000058;931,0165167;84,08;391,0165167;371,0165167;376,0165167;381,0165167;386,0165167
RED;31:48,1;38:18,0;1,41;1;6,4968;0,217029922;1,41;1;135;32,5;0;1000058;937,5133167;85,49;397,5133167;377,5133167;382,5133167;387,5133167;392,5133167
RED;32:45,0;41:54,5;1,82;5;9,158133333;0,198730455;0,364;1;140;30;0;1000058;946,67145;87,31;406,67145;386,67145;391,67145;396,67145;401,67145
RED;32:29,5;39:24,8;1,82;3;6,921933333;0,262932321;0,606666667;1;143;28,5;0;1000058;953,5933833;89,13;413,5933833;393,5933833;398,5933833;403,5933833;408,5933833
RED;35:05,8;55:33,3;3,91;3;20,45876667;0,191116115;1,303333333;1;146;27;0;1000058;974,05215;93,04;434,05215;414,05215;419,05215;424,05215;429,05215
RED;11:23,7;28:53,9;3,63;6;17,50318333;0,207390846;0,605;1;152;24;0;1000058;991,5553333;96,67;451,5553333;431,5553333;436,5553333;441,5553333;446,5553333
RED;43:13,3;49:04,8;1,21;2;5,85825;0,206546324;0,605;1;154;23;0;1000058;997,4135833;97,88;457,4135833;437,4135833;442,4135833;447,4135833;452,4135833
RED;15:36,1;44:19,4;8,29;14;28,72176667;0,28863127;0,592142857;1;14;93;1;1000059;28,72176667;8,29;0;-20;-15;-10;-5
RED;22:51,5;41:37,8;24,21;20;138,7712;0,17445983;1,2105;1;34;83;0;1000059;167,4929667;32,5;0;-20;-15;-10;-5
RED;03:35,1;28:09,3;4,84;6;24,56938333;0,196993141;0,806666667;1;40;80;0;1000059;192,06235;37,34;0;-20;-15;-10;-5
RED;28:25,3;35:51,7;1,41;2;7,43965;0,189525045;0,705;1;42;79;0;1000059;199,502;38,75;0;-20;-15;-10;-5
RED;38:45,5;59:56,1;5,47;8;21,17655;0,258304587;0,68375;1;50;75;0;1000059;220,67855;44,22;0;-20;-15;-10;-5
RED;31:46,9;51:42,2;5,21;7;19,92231667;0,261515771;0,744285714;1;57;71,5;0;1000059;240,6008667;49,43;0;-20;-15;-10;-5
RED;09:42,8;17:43,9;2,29;2;8,018516667;0,285588981;1,145;1;59;70,5;0;1000059;248,6193833;51,72;0;-20;-15;-10;-5
RED;41:29,6;10:23,7;5,85;7;28,90236667;0,20240557;0,835714286;1;66;67;0;1000059;277,52175;57,57;0;-20;-15;-10;-5
RED;12:45,7;33:17,6;5,71;5;20,53035;0,278124825;1,142;1;71;64,5;0;1000059;298,0521;63,28;0;-20;-15;-10;-5
RED;45:17,0;55:18,0;2,02;5;10,01575;0,20168235;0,404;1;76;62;0;1000059;308,06785;65,3;0;-20;-15;-10;-5
RED;20:17,3;34:11,5;3,75;4;13,90251667;0,269735336;0,9375;1;80;60;0;1000059;321,9703667;69,05;0;-20;-15;-10;-5
RED;42:43,8;10:35,4;5,65;9;27,85995;0,202800077;0,627777778;1;89;55,5;0;1000059;349,8303167;74,7;0;-20;-15;-10;-5
RED;10:34,2;26:43,2;3,23;7;16,14913333;0,200010733;0,461428571;1;96;52;0;1000059;365,97945;77,93;0;-20;-15;-10;-5
RED;34:12,5;50:09,4;3,23;7;15,94901667;0,202520323;0,461428571;1;103;48,5;0;1000059;381,9284667;81,16;0;-20;-15;-10;-5
RED;37:16,5;46:04,6;1,82;2;8,801466667;0,206783718;0,91;1;105;47,5;0;1000059;390,7299333;82,98;0;-20;-15;-10;-5
RED;12:06,0;19:25,9;1,41;1;7,331583333;0,192318621;1,41;1;106;47;0;1000059;398,0615167;84,39;0;-20;-15;-10;-5
RED;18:05,3;37:33,5;5,01;7;19,4694;0,257326882;0,715714286;1;113;43,5;0;1000059;417,5309167;89,4;0;-20;-15;-10;-5
RED;56:25,7;22:50,4;18,43;28;86,41201667;0,213280522;0,658214286;1;141;29,5;0;1000059;503,9429333;107,83;0;-20;-15;-10;-5
RED;46:56,1;04:45,2;3,63;6;17,81758333;0,203731333;0,605;1;147;26,5;0;1000059;521,7605167;111,46;0;-20;-15;-10;-5
RED;57:43,3;18:36,4;27,21;17;140,88435;0,193137137;1,600588235;1;17;91,5;1;1000060;140,88435;27,21;0;-20;-15;-10;-5
RED;43:48,3;47:13,5;0,81;1;3,420316667;0,236820177;0,81;1;18;91;0;1000060;144,3046667;28,02;0;-20;-15;-10;-5
RED;35:36,9;42:28,5;2;2;6,860816667;0,291510486;1;1;20;90;0;1000060;151,1654833;30,02;0;-20;-15;-10;-5
RED;45:24,6;26:43,5;8,72;5;41,31346667;0,211069191;1,744;1;25;87,5;0;1000060;192,47895;38,74;0;-20;-15;-10;-5
RED;38:57,1;57:40,5;3,83;7;18,72321667;0,204558868;0,547142857;1;32;84;0;1000060;211,2021667;42,57;0;-20;-15;-10;-5
RED;06:00,0;23:53,6;3,63;6;17,89395;0,202861861;0,605;1;38;81;0;1000060;229,0961167;46,2;0;-20;-15;-10;-5
RED;24:08,6;45:00,8;4,24;5;20,86921667;0,20317006;0,848;1;43;78,5;0;1000060;249,9653333;50,44;0;-20;-15;-10;-5
RED;46:04,3;49:39,8;0,81;1;3,5926;0,225463453;0,81;1;44;78;0;1000060;253,5579333;51,25;0;-20;-15;-10;-5
RED;18:35,7;41:02,3;4,64;9;22,44298333;0,206746132;0,515555556;1;53;73,5;0;1000060;276,0009167;55,89;0;-20;-15;-10;-5
RED;43:03,7;05:24,3;4,15;4;22,34345;0,18573676;1,0375;1;57;71,5;0;1000060;298,3443667;60,04;0;-20;-15;-10;-5
RED;21:34,9;35:05,1;2,82;3;13,504;0,208827014;0,94;1;60;70;0;1000060;311,8483667;62,86;0;-20;-15;-10;-5
RED;58:43,2;24:19,4;6,77;6;25,60276667;0,264424548;1,128333333;1;66;67;0;1000060;337,4511333;69,63;0;-20;-15;-10;-5
RED;40:57,5;02:12,6;2,22;0;21,25148333;0,104463296;inf;1;66;67;0;1000060;358,7026167;71,85;0;-20;-15;-10;-5
RED;32:17,3;41:38,5;2,02;3;9,3527;0,215980412;0,673333333;1;69;65,5;0;1000060;368,0553167;73,87;0;-20;-15;-10;-5
RED;45:35,3;55:49,8;2,02;5;10,24211667;0,197224857;0,404;1;74;63;0;1000060;378,2974333;75,89;0;-20;-15;-10;-5
RED;37:36,5;55:50,4;3,63;6;18,23145;0,199106489;0,605;1;80;60;0;1000060;396,5288833;79,52;0;-20;-15;-10;-5
RED;21:35,6;54:27,6;6,66;10;32,8658;0,20264226;0,666;1;90;55;0;1000060;429,3946833;86,18;0;-20;-15;-10;-5
RED;09:50,9;33:04,5;4,84;12;23,226;0,208387152;0,403333333;1;102;49;0;1000060;452,6206833;91,02;0;-20;-15;-10;-5
RED;38:13,8;03:36,2;5,24;9;25,37456667;0,20650599;0,582222222;1;111;44,5;0;1000060;477,99525;96,26;0;-20;-15;-10;-5
RED;28:14,9;34:12,4;1,21;2;5,95875;0,203062723;0,605;1;113;43,5;0;1000060;483,954;97,47;0;-20;-15;-10;-5
RED;18:54,0;29:13,7;2,61;3;10,32735;0,252726982;0,87;1;116;42;0;1000060;494,28135;100,08;0;-20;-15;-10;-5
RED;29:42,4;48:24,8;4,95;6;18,70756667;0,264598817;0,825;1;122;39;0;1000060;512,9889167;105,03;0;-20;-15;-10;-5
RED;50:25,5;53:01,4;0,61;1;2,597683333;0,234824619;0,61;1;123;38,5;0;1000060;515,5866;105,64;0;-20;-15;-10;-5
RED;22:33,3;45:01,4;4,64;8;22,46771667;0,206518538;0,58;1;131;34,5;0;1000060;538,0543167;110,28;0;-20;-15;-10;-5
RED;45:16,5;51:09,4;1,56;2;5,88035;0,265290331;0,78;1;133;33,5;0;1000060;543,9346667;111,84;3,934666667;-16,06533333;-11,06533333;-6,065333333;-1,065333333
RED;35:24,3;04:48,6;7,55;12;29,40575;0,256752506;0,629166667;1;145;27,5;0;1000060;573,3404167;119,39;33,34041667;13,34041667;18,34041667;23,34041667;28,34041667
RED;03:20,9;18:08,4;3,03;7;14,79011667;0,204866538;0,432857143;1;152;24;0;1000060;588,1305333;122,42;48,13053333;28,13053333;33,13053333;38,13053333;43,13053333
RED;55:32,6;06:51,1;2,22;7;11,30985;0,196289075;0,317142857;1;159;20,5;0;1000060;599,4403833;124,64;59,44038333;39,44038333;44,44038333;49,44038333;54,44038333
RED;13:28,5;31:07,2;3,63;16;17,64621667;0,205709817;0,226875;1;16;92;1;1000061;17,64621667;3,63;0;-20;-15;-10;-5
RED;50:54,2;56:52,8;1,21;1;5,976633333;0,202455117;1,21;1;17;91,5;0;1000061;23,62285;4,84;0;-20;-15;-10;-5
RED;28:11,8;01:41,0;6,66;9;33,48715;0,198882258;0,74;1;26;87;0;1000061;57,11;11,5;0;-20;-15;-10;-5
RED;25:27,1;49:11,3;4,59;6;23,7373;0,193366558;0,765;1;32;84;0;1000061;80,8473;16,09;0;-20;-15;-10;-5
RED;55:20,1;10:10,3;2,94;4;14,83701667;0,198153043;0,735;1;36;82;0;1000061;95,68431667;19,03;0;-20;-15;-10;-5
RED;42:50,8;00:10,3;3,35;7;17,32448333;0,19336796;0,478571429;1;43;78,5;0;1000061;113,0088;22,38;0;-20;-15;-10;-5
RED;32:58,6;54:29,4;4,24;22;21,51241667;0,197095476;0,192727273;1;65;67,5;0;1000061;134,5212167;26,62;0;-20;-15;-10;-5
RED;16:40,7;34:21,6;3,89;4;17,68128333;0,220006655;0,9725;1;69;65,5;0;1000061;152,2025;30,51;0;-20;-15;-10;-5
RED;20:24,2;27:24,5;1,41;5;7,00475;0,20129198;0,282;1;74;63;0;1000061;159,20725;31,92;0;-20;-15;-10;-5
RED;47:00,6;57:29,4;2,61;4;10,47993333;0,249047386;0,6525;1;78;61;0;1000061;169,6871833;34,53;0;-20;-15;-10;-5
RED;12:55,5;28:53,3;3,23;9;15,9636;0,202335313;0,358888889;1;87;56,5;0;1000061;185,6507833;37,76;0;-20;-15;-10;-5
RED;43:56,7;27:58,5;8,75;25;44,02935;0,198731074;0,35;1;112;44;0;1000061;229,6801333;46,51;0;-20;-15;-10;-5
RED;32:37,0;49:03,2;3,43;8;16,43745;0,208669836;0,42875;1;120;40;0;1000061;246,1175833;49,94;0;-20;-15;-10;-5
RED;01:05,4;23:10,2;4,27;6;22,07933333;0,19339352;0,711666667;1;126;37;0;1000061;268,1969167;54,21;0;-20;-15;-10;-5
RED;29:38,1;42:33,3;3,39;6;12,91906667;0,262402857;0,565;1;132;34;0;1000061;281,1159833;57,6;0;-20;-15;-10;-5
RED;31:16,4;44:54,2;3,39;4;13,62945;0,248726104;0,8475;1;136;32;0;1000061;294,7454333;60,99;0;-20;-15;-10;-5
RED;50:58,9;08:17,8;3,43;5;17,31598333;0,198082889;0,686;1;141;29,5;0;1000061;312,0614167;64,42;0;-20;-15;-10;-5
RED;09:40,3;20:44,2;3,14;4;11,06583333;0,283756307;0,785;1;145;27,5;0;1000061;323,12725;67,56;0;-20;-15;-10;-5
RED;38:12,3;22:53,7;12,86;24;44,69088333;0,287754438;0,535833333;1;24;88;1;1000062;44,69088333;12,86;0;-20;-15;-10;-5
RED;11:03,9;18:50,3;1,61;3;7,772983333;0,207127679;0,536666667;1;27;86,5;0;1000062;52,46386667;14,47;0;-20;-15;-10;-5
RED;24:14,9;47:29,5;4,64;8;23,24345;0,199626131;0,58;1;35;82,5;0;1000062;75,70731667;19,11;0;-20;-15;-10;-5
RED;48:45,8;10:36,2;4,44;8;21,84011667;0,203295617;0,555;1;43;78,5;0;1000062;97,54743333;23,55;0;-20;-15;-10;-5
RED;23:53,9;29:37,0;1,21;1;5,7171;0,211645764;1,21;1;44;78;0;1000062;103,2645333;24,76;0;-20;-15;-10;-5
RED;33:38,1;00:38,8;5,36;10;27,01075;0,19843951;0,536;1;54;73;0;1000062;130,2752833;30,12;0;-20;-15;-10;-5
RED;34:09,9;00:44,9;4,99;4;26,58353333;0,187710187;1,2475;1;58;71;0;1000062;156,8588167;35,11;0;-20;-15;-10;-5
RED;20:00,7;45:51,6;1,82;5;25,84798333;0,070411683;0,364;1;63;68,5;0;1000062;182,7068;36,93;0;-20;-15;-10;-5
RED;47:13,7;55:43,4;1,82;3;8,495366667;0,214234426;0,606666667;1;66;67;0;1000062;191,2021667;38,75;0;-20;-15;-10;-5
RED;33:49,1;41:33,8;1,61;4;7,7461;0,207846529;0,4025;1;70;65;0;1000062;198,9482667;40,36;0;-20;-15;-10;-5
RED;42:39,7;13:42,6;7,77;9;31,04796667;0,250257934;0,863333333;1;79;60,5;0;1000062;229,9962333;48,13;0;-20;-15;-10;-5
RED;29:41,2;01:41,3;6,16;9;32,00208333;0,192487468;0,684444444;1;88;56;0;1000062;261,9983167;54,29;0;-20;-15;-10;-5
RED;31:21,8;55:59,9;4,84;11;24,636;0,196460464;0,44;1;99;50,5;0;1000062;286,6343167;59,13;0;-20;-15;-10;-5
RED;14:21,9;33:29,8;4,95;9;19,13066667;0,258746864;0,55;1;108;46;0;1000062;305,7649833;64,08;0;-20;-15;-10;-5
RED;56:01,0;13:00,8;3,43;6;16,99773333;0,201791611;0,571666667;1;114;43;0;1000062;322,7627167;67,51;0;-20;-15;-10;-5
RED;59:24,5;13:44,8;2,82;6;14,33785;0,196682208;0,47;1;120;40;0;1000062;337,1005667;70,33;0;-20;-15;-10;-5
RED;14:12,4;35:11,6;5,47;11;20,98561667;0,260654718;0,497272727;1;131;34,5;0;1000062;358,0861833;75,8;0;-20;-15;-10;-5
RED;48:35,2;52:16,1;0,81;1;3,6816;0,220013038;0,81;1;132;34;0;1000062;361,7677833;76,61;0;-20;-15;-10;-5
RED;20:47,6;29:27,2;1,61;2;8,6614;0,18588219;0,805;1;134;33;0;1000062;370,4291833;78,22;0;-20;-15;-10;-5
RED;37:26,1;54:01,1;3,23;6;16,58301667;0,194777589;0,538333333;1;140;30;0;1000062;387,0122;81,45;0;-20;-15;-10;-5
RED;09:41,1;31:58,8;4,56;7;22,29468333;0,204533069;0,651428571;1;147;26,5;0;1000062;409,3068833;86,01;0;-20;-15;-10;-5
RED;41:43,4;22:28,5;7,94;13;40,75163333;0,194838816;0,610769231;1;13;93,5;1;1000063;40,75163333;7,94;0;-20;-15;-10;-5
RED;43:25,4;56:47,1;2,62;8;13,36273333;0,196067671;0,3275;1;21;89,5;0;1000063;54,11436667;10,56;0;-20;-15;-10;-5
RED;00:34,3;07:03,0;1,41;4;6,478983333;0,217626737;0,3525;1;25;87,5;0;1000063;60,59335;11,97;0;-20;-15;-10;-5
RED;37:16,6;45:06,7;1,61;3;7,83465;0,205497374;0,536666667;1;28;86;0;1000063;68,428;13,58;0;-20;-15;-10;-5
RED;36:46,3;56:59,4;5,21;6;20,21766667;0,257695415;0,868333333;1;34;83;0;1000063;88,64566667;18,79;0;-20;-15;-10;-5
RED;46:43,1;57:47,7;2,22;4;11,07731667;0,200409546;0,555;1;38;81;0;1000063;99,72298333;21,01;0;-20;-15;-10;-5
RED;00:57,5;30:00,2;5,85;11;29,04485;0,201412643;0,531818182;1;49;75,5;0;1000063;128,7678333;26,86;0;-20;-15;-10;-5
RED;23:22,0;36:23,3;2,62;4;13,02041667;0,201222439;0,655;1;53;73,5;0;1000063;141,78825;29,48;0;-20;-15;-10;-5
RED;38:17,9;45:27,0;1,41;2;7,151583333;0,197159137;0,705;1;55;72,5;0;1000063;148,9398333;30,89;0;-20;-15;-10;-5
RED;47:10,4;01:39,8;2,74;4;14,49056667;0,189088533;0,685;1;59;70,5;0;1000063;163,4304;33,63;0;-20;-15;-10;-5
RED;19:12,5;39:55,6;4,15;7;20,71761667;0,200312616;0,592857143;1;66;67;0;1000063;184,1480167;37,78;0;-20;-15;-10;-5
RED;39:10,9;06:44,9;5,45;9;27,56605;0,197706962;0,605555556;1;75;62,5;0;1000063;211,7140667;43,23;0;-20;-15;-10;-5
RED;59:48,7;05:59,5;1,41;2;6,179616667;0,228169493;0,705;1;77;61,5;0;1000063;217,8936833;44,64;0;-20;-15;-10;-5
RED;31:48,9;51:50,8;5,21;9;20,0307;0,260100745;0,578888889;1;86;57;0;1000063;237,9243833;49,85;0;-20;-15;-10;-5
RED;59:50,9;27:41,8;5,65;6;27,84933333;0,202877388;0,941666667;1;92;54;0;1000063;265,7737167;55,5;0;-20;-15;-10;-5
RED;28:47,4;35:48,7;1,41;2;7,021066667;0,200824186;0,705;1;94;53;0;1000063;272,7947833;56,91;0;-20;-15;-10;-5
RED;53:19,1;51:06,0;10,65;7;57,78186667;0,184313879;1,521428571;1;101;49,5;0;1000063;330,57665;67,56;0;-20;-15;-10;-5
RED;56:12,7;02:55,3;1,21;2;6,709566667;0,180339515;0,605;1;103;48,5;0;1000063;337,2862167;68,77;0;-20;-15;-10;-5
RED;06:16,5;19:54,3;2,82;4;13,6304;0,20689048;0,705;1;107;46,5;0;1000063;350,9166167;71,59;0;-20;-15;-10;-5
RED;22:28,7;56:03,2;9,18;12;33,57516667;0,273416364;0,765;1;119;40,5;0;1000063;384,4917833;80,77;0;-20;-15;-10;-5
RED;53:07,6;17:19,0;4,84;10;24,19148333;0,20007041;0,484;1;129;35,5;0;1000063;408,6832667;85,61;0;-20;-15;-10;-5
RED;25:01,4;32:56,7;1,61;3;7,9203;0,203275128;0,536666667;1;132;34;0;1000063;416,6035667;87,22;0;-20;-15;-10;-5
RED;54:34,6;02:44,8;1,49;2;8,170066667;0,182373053;0,745;1;134;33;0;1000063;424,7736333;88,71;0;-20;-15;-10;-5
RED;03:44,6;05:54,9;0,4;0;2,172166667;0,184147932;inf;1;134;33;0;1000063;426,9458;89,11;0;-20;-15;-10;-5
RED;16:41,6;35:24,2;3,83;8;18,70965;0,204707197;0,47875;1;142;29;0;1000063;445,65545;92,94;0;-20;-15;-10;-5
RED;35:25,8;44:55,8;1,82;4;9,49965;0,191586006;0,455;1;146;27;0;1000063;455,1551;94,76;0;-20;-15;-10;-5
RED;56:35,9;22:03,5;6,57;19;25,46023333;0,258049481;0,345789474;1;19;90,5;1;1000064;25,46023333;6,57;0;-20;-15;-10;-5
RED;55:39,7;09:52,0;2,66;2;14,20483333;0,187260205;1,33;1;21;89,5;0;1000064;39,66506667;9,23;0;-20;-15;-10;-5
RED;23:01,0;34:12,8;2,87;4;11,19655;0,256328958;0,7175;1;25;87,5;0;1000064;50,86161667;12,1;0;-20;-15;-10;-5
RED;43:39,3;07:47,9;4,84;9;24,14265;0,200475093;0,537777778;1;34;83;0;1000064;75,00426667;16,94;0;-20;-15;-10;-5
RED;06:28,6;28:27,4;4,44;8;21,98;0,20200182;0,555;1;42;79;0;1000064;96,98426667;21,38;0;-20;-15;-10;-5
RED;31:41,7;59:16,7;5,56;11;27,58406667;0,201565638;0,505454545;1;53;73,5;0;1000064;124,5683333;26,94;0;-20;-15;-10;-5
RED;57:14,4;14:57,6;3,43;5;17,72033333;0,19356295;0,686;1;58;71;0;1000064;142,2886667;30,37;0;-20;-15;-10;-5
RED;21:06,8;43:31,7;5,43;9;22,41553333;0,24224273;0,603333333;1;67;66,5;0;1000064;164,7042;35,8;0;-20;-15;-10;-5
RED;54:29,2;46:41,9;9,99;38;52,21155;0,191336974;0,262894737;1;105;47,5;0;1000064;216,91575;45,79;0;-20;-15;-10;-5
RED;12:12,4;25:06,9;2,62;5;12,90736667;0,202984859;0,524;1;110;45;0;1000064;229,8231167;48,41;0;-20;-15;-10;-5
RED;05:07,5;23:16,8;4,39;4;18,15405;0,241819319;1,0975;1;114;43;0;1000064;247,9771667;52,8;0;-20;-15;-10;-5
RED;57:49,0;14:53,5;3,43;5;17,07626667;0,200863577;0,686;1;119;40,5;0;1000064;265,0534333;56,23;0;-20;-15;-10;-5
RED;04:56,0;22:44,4;3,63;12;17,80613333;0,20386234;0,3025;1;131;34,5;0;1000064;282,8595667;59,86;0;-20;-15;-10;-5
RED;23:56,5;19:31,7;10,21;9;55,58756667;0,183674167;1,134444444;1;140;30;0;1000064;338,4471333;70,07;0;-20;-15;-10;-5
RED;52:10,2;13:20,1;4,24;7;21,16433333;0,200337045;0,605714286;1;147;26,5;0;1000064;359,6114667;74,31;0;-20;-15;-10;-5
RED;17:17,3;33:21,9;3,23;4;16,07595;0,200921252;0,8075;1;151;24,5;0;1000064;375,6874167;77,54;0;-20;-15;-10;-5
RED;02:05,0;10:33,5;2,08;3;8,474233333;0,245449933;0,693333333;1;154;23;0;1000064;384,16165;79,62;0;-20;-15;-10;-5
RED;11:56,1;37:43,2;5,36;9;25,7848;0,207874407;0,595555556;1;9;95,5;1;1000065;25,7848;5,36;0;-20;-15;-10;-5
RED;40:44,7;15:07,4;9,71;28;34,37898333;0,282439998;0,346785714;1;37;81,5;0;1000065;60,16378333;15,07;0;-20;-15;-10;-5
RED;28:08,2;52:37,9;5,04;15;24,49346667;0,205769157;0,336;1;52;74;0;1000065;84,65725;20,11;0;-20;-15;-10;-5
RED;12:32,8;21:23,4;1,82;3;8,842833333;0,205816386;0,606666667;1;55;72,5;0;1000065;93,50008333;21,93;0;-20;-15;-10;-5
RED;24:14,8;36:54,7;2,42;5;12,66583333;0,191065202;0,484;1;60;70;0;1000065;106,1659167;24,35;0;-20;-15;-10;-5
RED;37:39,8;42:17,0;1,01;2;4,620266667;0,218602101;0,505;1;62;69;0;1000065;110,7861833;25,36;0;-20;-15;-10;-5
RED;53:42,0;23:20,4;7,61;7;29,64061667;0,256742297;1,087142857;1;69;65,5;0;1000065;140,4268;32,97;0;-20;-15;-10;-5
RED;28:39,4;53:16,8;6,51;5;24,62258333;0,264391429;1,302;1;74;63;0;1000065;165,0493833;39,48;0;-20;-15;-10;-5
RED;54:29,7;11:01,4;4,86;4;16,52818333;0,294043205;1,215;1;78;61;0;1000065;181,5775667;44,34;0;-20;-15;-10;-5
RED;24:25,8;37:58,4;2,82;4;13,54351667;0,208217708;0,705;1;82;59;0;1000065;195,1210833;47,16;0;-20;-15;-10;-5
RED;38:04,0;52:49,3;2,82;6;14,75451667;0,191127915;0,47;1;88;56;0;1000065;209,8756;49,98;0;-20;-15;-10;-5
RED;54:44,3;09:47,4;4,29;4;15,05183333;0,285015114;1,0725;1;92;54;0;1000065;224,9274333;54,27;0;-20;-15;-10;-5
RED;08:58,8;30:55,5;4,44;9;21,9448;0,202325836;0,493333333;1;101;49,5;0;1000065;246,8722333;58,71;0;-20;-15;-10;-5
RED;31:59,7;45:36,7;2,5;4;13,61716667;0,18359179;0,625;1;105;47,5;0;1000065;260,4894;61,21;0;-20;-15;-10;-5
RED;47:50,2;04:38,9;4,43;2;16,81116667;0,263515322;2,215;1;107;46,5;0;1000065;277,3005667;65,64;0;-20;-15;-10;-5
RED;08:40,7;31:32,9;4,64;7;22,86958333;0,202889573;0,662857143;1;114;43;0;1000065;300,17015;70,28;0;-20;-15;-10;-5
RED;33:10,1;42:21,6;1,82;2;9,190833333;0,198023393;0,91;1;116;42;0;1000065;309,3609833;72,1;0;-20;-15;-10;-5
RED;45:10,4;19:53,6;6,81;7;34,71991667;0,196141024;0,972857143;1;123;38,5;0;1000065;344,0809;78,91;0;-20;-15;-10;-5
RED;30:25,8;48:26,3;3,75;6;18,00938333;0,208224787;0,625;1;129;35,5;0;1000065;362,0902833;82,66;0;-20;-15;-10;-5
RED;24:56,4;41:09,0;3,23;10;16,2097;0,199263404;0,323;1;139;30,5;0;1000065;378,2999833;85,89;0;-20;-15;-10;-5
RED;43:03,4;49:57,6;1,82;2;6,903066667;0,263650938;0,91;1;141;29,5;0;1000065;385,20305;87,71;0;-20;-15;-10;-5
RED;06:37,7;34:12,8;5,65;10;27,58523333;0,204819728;0,565;1;151;24,5;0;1000065;412,7882833;93,36;0;-20;-15;-10;-5
RED;35:43,3;58:17,2;4,44;9;22,56578333;0,196758071;0,493333333;1;9;95,5;1;1000066;22,56578333;4,44;0;-20;-15;-10;-5
RED;04:58,1;12:18,2;1,41;3;7,335683333;0,192211132;0,47;1;12;94;0;1000066;29,90146667;5,85;0;-20;-15;-10;-5
RED;25:21,4;50:32,3;6,21;5;25,18271667;0,2465977;1,242;1;17;91,5;0;1000066;55,08418333;12,06;0;-20;-15;-10;-5
RED;28:00,7;39:37,3;3,43;3;11,6098;0,295440059;1,143333333;1;20;90;0;1000066;66,69398333;15,49;0;-20;-15;-10;-5
RED;45:33,6;33:09,0;18,72;8;107,58895;0,173995564;2,34;1;28;86;0;1000066;174,2829333;34,21;0;-20;-15;-10;-5
RED;40:46,0;53:10,0;2,42;5;12,4007;0,195150274;0,484;1;33;83,5;0;1000066;186,6836333;36,63;0;-20;-15;-10;-5
RED;51:40,5;59:40,6;1,61;2;8,000883333;0,201227781;0,805;1;35;82,5;0;1000066;194,6845167;38,24;0;-20;-15;-10;-5
RED;03:22,7;36:24,5;6,61;14;33,02985;0,200122011;0,472142857;1;49;75,5;0;1000066;227,7143667;44,85;0;-20;-15;-10;-5
RED;37:09,5;44:38,4;1,82;4;7,48185;0,243255345;0,455;1;53;73,5;0;1000066;235,1962167;46,67;0;-20;-15;-10;-5
RED;11:55,3;30:33,1;3,83;9;18,63051667;0,205576693;0,425555556;1;62;69;0;1000066;253,8267333;50,5;0;-20;-15;-10;-5
RED;40:00,4;52:54,9;2,62;7;12,90833333;0,202969658;0,374285714;1;69;65,5;0;1000066;266,7350667;53,12;0;-20;-15;-10;-5
RED;25:44,0;35:41,9;2,02;2;9,965833333;0,202692533;1,01;1;71;64,5;0;1000066;276,7009;55,14;0;-20;-15;-10;-5
RED;11:21,8;37:01,7;6,77;8;25,6644;0,263789529;0,84625;1;79;60,5;0;1000066;302,3653;61,91;0;-20;-15;-10;-5
RED;38:14,0;59:52,5;4,44;10;21,64191667;0,20515743;0,444;1;89;55,5;0;1000066;324,0072167;66,35;0;-20;-15;-10;-5
RED;50:09,8;00:03,0;1,82;4;9,887016667;0,184079795;0,455;1;93;53,5;0;1000066;333,8942333;68,17;0;-20;-15;-10;-5
RED;22:46,8;28:15,3;1,21;1;5,475716667;0,220975641;1,21;1;94;53;0;1000066;339,36995;69,38;0;-20;-15;-10;-5
RED;28:52,0;50:03,6;5,47;16;21,19358333;0,258096987;0,341875;1;110;45;0;1000066;360,5635333;74,85;0;-20;-15;-10;-5
RED;02:06,2;19:41,6;3,63;9;17,59031667;0,206363539;0,403333333;1;119;40,5;0;1000066;378,15385;78,48;0;-20;-15;-10;-5
RED;33:45,6;49:14,5;3,23;7;15,48141667;0,208637237;0,461428571;1;126;37;0;1000066;393,6352667;81,71;0;-20;-15;-10;-5
RED;26:11,1;54:13,9;5,65;12;28,04723333;0,201445894;0,470833333;1;138;31;0;1000066;421,6825;87,36;0;-20;-15;-10;-5
RED;17:32,0;36:50,2;4,81;2;19,30258333;0,249189444;2,405;1;140;30;0;1000066;440,9850833;92,17;0;-20;-15;-10;-5
RED;09:45,1;40:01,4;6,05;10;30,2715;0,199857952;0,605;1;150;25;0;1000066;471,2565833;98,22;0;-20;-15;-10;-5
RED;48:29,9;02:37,9;2,82;4;14,13311667;0,199531361;0,705;1;154;23;0;1000066;485,3897;101,04;0;-20;-15;-10;-5
RED;15:23,7;21:58,9;1,41;3;6,586866667;0,214062326;0,47;1;157;21,5;0;1000066;491,9765667;102,45;0;-20;-15;-10;-5
RED;46:11,6;57:19,4;2,42;4;11,12993333;0,217431671;0,605;1;4;98;1;1000067;11,12993333;2,42;0;-20;-15;-10;-5
RED;02:46,5;13:25,1;2,22;6;10,64435;0,208561349;0,37;1;10;95;0;1000067;21,77428333;4,64;0;-20;-15;-10;-5
RED;21:57,8;33:53,4;2,42;5;11,9275;0,202892475;0,484;1;15;92,5;0;1000067;33,70178333;7,06;0;-20;-15;-10;-5
RED;20:13,2;25:59,1;1,21;1;5,765716667;0,209861162;1,21;1;16;92;0;1000067;39,4675;8,27;0;-20;-15;-10;-5
RED;26:21,5;34:21,5;2,08;2;7,99935;0,260021127;1,04;1;18;91;0;1000067;47,46685;10,35;0;-20;-15;-10;-5
RED;37:29,0;43:24,1;12,97;22;65,91811667;0,196759262;0,589545455;1;40;80;0;1000067;113,3849667;23,32;0;-20;-15;-10;-5
RED;59:50,9;14:49,3;3,61;4;14,97441667;0,241077838;0,9025;1;44;78;0;1000067;128,3593833;26,93;0;-20;-15;-10;-5
RED;14:59,7;19:42,9;1,01;1;4,720466667;0,213961896;1,01;1;45;77,5;0;1000067;133,07985;27,94;0;-20;-15;-10;-5
RED;26:59,7;33:16,4;1,21;2;6,2795;0,192690501;0,605;1;47;76,5;0;1000067;139,35935;29,15;0;-20;-15;-10;-5
RED;42:32,2;59:26,9;4,43;7;16,91146667;0,261952443;0,632857143;1;54;73;0;1000067;156,2708167;33,58;0;-20;-15;-10;-5
RED;24:32,7;33:56,2;1,73;3;9,391166667;0,184215664;0,576666667;1;57;71,5;0;1000067;165,6619833;35,31;0;-20;-15;-10;-5
RED;46:36,6;04:14,2;3,63;10;17,62671667;0,205937389;0,363;1;67;66,5;0;1000067;183,2887;38,94;0;-20;-15;-10;-5
RED;39:33,4;49:07,8;2,02;3;9,573283333;0,211003888;0,673333333;1;70;65;0;1000067;192,8619833;40,96;0;-20;-15;-10;-5
RED;20:21,3;30:30,0;2,02;4;10,14616667;0,199089968;0,505;1;74;63;0;1000067;203,00815;42,98;0;-20;-15;-10;-5
RED;05:26,9;16:53,7;2,87;5;11,44698333;0,250721078;0,574;1;79;60,5;0;1000067;214,4551333;45,85;0;-20;-15;-10;-5
RED;33:36,3;59:07,3;5,24;10;25,51636667;0,205358391;0,524;1;89;55,5;0;1000067;239,9715;51,09;0;-20;-15;-10;-5
RED;07:12,0;13:57,9;1,41;3;6,76515;0,208421099;0,47;1;92;54;0;1000067;246,73665;52,5;0;-20;-15;-10;-5
RED;14:17,1;24:11,6;2,02;3;9,908516667;0,203865025;0,673333333;1;95;52,5;0;1000067;256,6451667;54,52;0;-20;-15;-10;-5
RED;12:32,1;40:52,9;5,77;15;28,34526667;0,203561324;0,384666667;1;110;45;0;1000067;284,9904333;60,29;0;-20;-15;-10;-5
RED;08:53,4;25:29,8;3,43;8;16,60641667;0,206546666;0,42875;1;118;41;0;1000067;301,59685;63,72;0;-20;-15;-10;-5
RED;43:30,1;52:37,2;1,82;3;9,1188;0,199587665;0,606666667;1;121;39,5;0;1000067;310,71565;65,54;0;-20;-15;-10;-5
RED;30:30,3;38:44,6;1,61;2;8,2374;0,195450021;0,805;1;123;38,5;0;1000067;318,95305;67,15;0;-20;-15;-10;-5
RED;41:48,5;08:53,7;7,03;9;27,08651667;0,259538725;0,781111111;1;132;34;0;1000067;346,0395667;74,18;0;-20;-15;-10;-5
RED;49:12,9;04:40,5;3,03;3;15,45993333;0,195990496;1,01;1;135;32,5;0;1000067;361,4995;77,21;0;-20;-15;-10;-5
RED;11:44,0;58:40,7;19,3;18;106,94645;0,180464148;1,072222222;1;153;23,5;0;1000067;468,44595;96,51;0;-20;-15;-10;-5
RED;08:34,0;16:15,6;1,61;2;7,692683333;0,20928978;0,805;1;155;22,5;0;1000067;476,1386333;98,12;0;-20;-15;-10;-5
RED;26:38,6;57:07,9;6,05;14;30,48793333;0,198439164;0,432142857;1;14;93;1;1000068;30,48793333;6,05;0;-20;-15;-10;-5
RED;05:40,2;17:00,6;2,42;6;11,33925;0,213417995;0,403333333;1;20;90;0;1000068;41,82718333;8,47;0;-20;-15;-10;-5
RED;17:03,2;26:38,3;2,02;4;9,584983333;0,210746324;0,505;1;24;88;0;1000068;51,41216667;10,49;0;-20;-15;-10;-5
RED;26:38,9;43:02,3;3,77;6;16,39011667;0,230016667;0,628333333;1;30;85;0;1000068;67,80228333;14,26;0;-20;-15;-10;-5
RED;37:27,5;41:36,4;1,04;1;4,147566667;0,250749435;1,04;1;31;84,5;0;1000068;71,94985;15,3;0;-20;-15;-10;-5
RED;32:04,6;52:10,5;5,21;7;20,09866667;0,259221176;0,744285714;1;38;81;0;1000068;92,04851667;20,51;0;-20;-15;-10;-5
RED;41:26,1;25:40,4;8,99;11;44,23795;0,203219182;0,817272727;1;49;75,5;0;1000068;136,2864667;29,5;0;-20;-15;-10;-5
RED;26:02,7;46:32,2;4,07;4;20,4912;0,198621847;1,0175;1;53;73,5;0;1000068;156,7776667;33,57;0;-20;-15;-10;-5
RED;17:17,4;37:15,2;5,21;7;19,96283333;0,260984997;0,744285714;1;60;70;0;1000068;176,7405;38,78;0;-20;-15;-10;-5
RED;37:58,4;56:08,4;4,69;8;18,16641667;0,25816869;0,58625;1;68;66;0;1000068;194,9069167;43,47;0;-20;-15;-10;-5
RED;09:56,4;44:29,3;26,93;17;154,54915;0,174248775;1,584117647;1;85;57,5;0;1000068;349,4560667;70,4;0;-20;-15;-10;-5
RED;52:46,0;09:34,8;3,43;5;16,81396667;0,203997074;0,686;1;90;55;0;1000068;366,2700333;73,83;0;-20;-15;-10;-5
RED;04:58,6;31:56,5;7,03;8;26,964;0,260717994;0,87875;1;98;51;0;1000068;393,2340333;80,86;0;-20;-15;-10;-5
RED;41:00,7;54:57,8;2,82;3;13,95178333;0,202124699;0,94;1;101;49,5;0;1000068;407,1858167;83,68;0;-20;-15;-10;-5
RED;14:34,0;22:03,1;1,41;1;7,486216667;0,188346138;1,41;1;102;49;0;1000068;414,6720333;85,09;0;-20;-15;-10;-5
RED;33:31,9;46:45,3;2,54;4;13,22405;0,192074289;0,635;1;106;47;0;1000068;427,8960833;87,63;0;-20;-15;-10;-5
RED;55:39,5;12:31,0;3,43;6;16,85811667;0,203462823;0,571666667;1;112;44;0;1000068;444,7542;91,06;0;-20;-15;-10;-5
RED;15:52,8;32:15,2;3,23;5;16,37303333;0,197275602;0,646;1;117;41,5;0;1000068;461,1272333;94,29;0;-20;-15;-10;-5
RED;50:49,2;04:25,5;2,82;3;13,6062;0,207258456;0,94;1;120;40;0;1000068;474,7334333;97,11;0;-20;-15;-10;-5
RED;07:16,8;16:46,6;2,34;3;9,497516667;0,246380194;0,78;1;123;38,5;0;1000068;484,23095;99,45;0;-20;-15;-10;-5
RED;51:27,2;47:48,0;14,28;36;56,3461;0,253433689;0,396666667;1;159;20,5;0;1000068;540,57705;113,73;0,57705;-19,42295;-14,42295;-9,42295;-4,42295
RED;47:57,9;59:17,5;2,22;6;11,32583333;0,196012067;0,37;1;6;97;1;1000069;11,32583333;2,22;0;-20;-15;-10;-5
RED;05:22,1;33:46,5;8,29;9;28,40703333;0,291829136;0,921111111;1;15;92,5;0;1000069;39,73286667;10,51;0;-20;-15;-10;-5
RED;34:42,7;58:24,5;4,64;5;23,69771667;0,195799455;0,928;1;20;90;0;1000069;63,43058333;15,15;0;-20;-15;-10;-5
RED;11:02,7;31:45,6;5,75;5;20,71436667;0,277585122;1,15;1;25;87,5;0;1000069;84,14495;20,9;0;-20;-15;-10;-5
RED;09:59,5;26:42,7;3,18;1;16,71896667;0,190203143;3,18;1;26;87;0;1000069;100,8639167;24,08;0;-20;-15;-10;-5
RED;27:30,5;49:08,7;4,44;9;21,6371;0,2052031;0,493333333;1;35;82,5;0;1000069;122,5010167;28,52;0;-20;-15;-10;-5
RED;55:56,8;09:32,7;2,82;4;13,59873333;0,207372255;0,705;1;39;80,5;0;1000069;136,09975;31,34;0;-20;-15;-10;-5
RED;24:48,6;58:21,0;6,4;6;33,5402;0,190815797;1,066666667;1;45;77,5;0;1000069;169,63995;37,74;0;-20;-15;-10;-5
RED;15:57,1;34:01,2;3,63;6;18,06898333;0,200896748;0,605;1;51;74,5;0;1000069;187,7089333;41,37;0;-20;-15;-10;-5
RED;47:14,7;00:14,6;2,62;5;12,998;0,201569472;0,524;1;56;72;0;1000069;200,7069333;43,99;0;-20;-15;-10;-5
RED;24:43,2;34:17,6;2,02;3;9,5742;0,210983685;0,673333333;1;59;70,5;0;1000069;210,2811333;46,01;0;-20;-15;-10;-5
RED;11:27,1;16:14,5;1,01;2;4,790083333;0,210852282;0,505;1;61;69,5;0;1000069;215,0712167;47,02;0;-20;-15;-10;-5
RED;19:48,5;29:10,2;1,93;2;9,3622;0,206148128;0,965;1;63;68,5;0;1000069;224,4334167;48,95;0;-20;-15;-10;-5
RED;30:43,0;42:10,0;2,42;5;11,45071667;0,211340484;0,484;1;68;66;0;1000069;235,8841333;51,37;0;-20;-15;-10;-5
RED;09:25,8;39:50,3;8,08;13;30,40848333;0,265715324;0,621538462;1;81;59,5;0;1000069;266,2926167;59,45;0;-20;-15;-10;-5
RED;54:02,3;06:37,6;2,62;8;12,58851667;0,208126189;0,3275;1;89;55,5;0;1000069;278,8811333;62,07;0;-20;-15;-10;-5
RED;14:35,6;23:56,8;2,57;7;9,352616667;0,274789408;0,367142857;1;96;52;0;1000069;288,23375;64,64;0;-20;-15;-10;-5
RED;41:43,1;44:44,3;0,61;1;3,019583333;0,202014627;0,61;1;97;51,5;0;1000069;291,2533333;65,25;0;-20;-15;-10;-5
RED;47:32,6;11:28,9;4,38;3;23,93845;0,18296924;1,46;1;100;50;0;1000069;315,1917833;69,63;0;-20;-15;-10;-5
RED;50:44,8;57:16,8;1,21;3;6,533666667;0,185194633;0,403333333;1;103;48,5;0;1000069;321,72545;70,84;0;-20;-15;-10;-5
RED;48:42,7;00:59,5;2,62;5;12,27958333;0,213362288;0,524;1;108;46;0;1000069;334,0050333;73,46;0;-20;-15;-10;-5
RED;25:21,1;55:37,4;7,69;5;30,27291667;0,254022435;1,538;1;113;43,5;0;1000069;364,27795;81,15;0;-20;-15;-10;-5
RED;26:26,0;51:08,9;4,92;11;24,71486667;0,199070465;0,447272727;1;124;38;0;1000069;388,9928167;86,07;0;-20;-15;-10;-5
RED;22:09,6;48:27,7;5,24;21;26,30205;0,199224015;0,24952381;1;145;27,5;0;1000069;415,2948667;91,31;0;-20;-15;-10;-5
RED;10:19,1;29:36,9;3,95;5;19,29528333;0,204713242;0,79;1;150;25;0;1000069;434,59015;95,26;0;-20;-15;-10;-5
RED;37:22,7;45:22,6;2,08;2;7,997633333;0,260076939;1,04;1;152;24;0;1000069;442,5877833;97,34;0;-20;-15;-10;-5
RED;47:15,4;56:53,3;2,86;4;9,6328;0,296902251;0,715;1;156;22;0;1000069;452,2205833;100,2;0;-20;-15;-10;-5
RED;56:51,2;18:42,7;4,35;20;21,85855;0,199006796;0,2175;1;20;90;1;1000070;21,85855;4,35;0;-20;-15;-10;-5
RED;07:21,0;11:20,0;0,81;1;3,983283333;0,203349833;0,81;1;21;89,5;0;1000070;25,84183333;5,16;0;-20;-15;-10;-5
RED;59:31,8;23:21,9;4,76;9;23,83491667;0,199707012;0,528888889;1;30;85;0;1000070;49,67675;9,92;0;-20;-15;-10;-5
RED;53:10,6;30:33,5;6,53;2;37,38158333;0,17468495;3,265;1;32;84;0;1000070;87,05833333;16,45;0;-20;-15;-10;-5
RED;33:16,1;44:59,3;2,22;4;11,7204;0,189413331;0,555;1;36;82;0;1000070;98,77873333;18,67;0;-20;-15;-10;-5
RED;17:25,0;36:36,6;5,46;6;19,19283333;0,284481187;0,91;1;42;79;0;1000070;117,9715667;24,13;0;-20;-15;-10;-5
RED;36:46,7;42:49,4;1,56;1;6,045133333;0,258058824;1,56;1;43;78,5;0;1000070;124,0167;25,69;0;-20;-15;-10;-5
RED;55:26,2;21:33,0;5,24;5;26,11271667;0,200668512;1,048;1;48;76;0;1000070;150,1294167;30,93;0;-20;-15;-10;-5
RED;13:09,4;28:25,4;3,03;6;15,26678333;0,198470099;0,505;1;54;73;0;1000070;165,3962;33,96;0;-20;-15;-10;-5
RED;40:12,9;52:26,9;2,67;1;12,23348333;0,218253455;2,67;1;55;72,5;0;1000070;177,6296833;36,63;0;-20;-15;-10;-5
RED;59:39,5;26:47,6;5,28;5;27,13338333;0,194594236;1,056;1;60;70;0;1000070;204,7630667;41,91;0;-20;-15;-10;-5
RED;53:26,8;59:31,4;1,21;2;6,07645;0,199129426;0,605;1;62;69;0;1000070;210,8395167;43,12;0;-20;-15;-10;-5
RED;00:17,0;16:10,5;14,31;23;75,89175;0,188558045;0,622173913;1;85;57,5;0;1000070;286,7312667;57,43;0;-20;-15;-10;-5
RED;20:43,8;40:58,4;4,03;16;20,24428333;0,199068544;0,251875;1;101;49,5;0;1000070;306,97555;61,46;0;-20;-15;-10;-5
RED;46:42,0;54:43,9;1,61;2;8,03215;0,200444464;0,805;1;103;48,5;0;1000070;315,0077;63,07;0;-20;-15;-10;-5
RED;12:20,0;32:29,3;4,03;7;20,15606667;0,199939803;0,575714286;1;110;45;0;1000070;335,1637667;67,1;0;-20;-15;-10;-5
RED;45:15,4;07:44,6;4,44;8;22,48736667;0,197444195;0,555;1;118;41;0;1000070;357,6511333;71,54;0;-20;-15;-10;-5
RED;10:19,3;14:28,4;0,81;1;4,151666667;0,195102369;0,81;1;119;40,5;0;1000070;361,8028;72,35;0;-20;-15;-10;-5
RED;44:59,0;03:34,8;3,83;9;18,59606667;0,205957532;0,425555556;1;128;36;0;1000070;380,3988667;76,18;0;-20;-15;-10;-5
RED;14:08,9;23:08,9;1,82;3;9,0002;0,202217728;0,606666667;1;131;34,5;0;1000070;389,3990667;78;0;-20;-15;-10;-5
RED;28:43,3;43:38,1;3,03;8;14,91336667;0,203173439;0,37875;1;139;30,5;0;1000070;404,3124333;81,03;0;-20;-15;-10;-5
RED;45:19,2;02:17,4;4,43;8;16,9699;0,261050448;0,55375;1;147;26,5;0;1000070;421,2823333;85,46;0;-20;-15;-10;-5
RED;05:46,9;13:20,6;1,61;3;7,562233333;0,212900069;0,536666667;1;150;25;0;1000070;428,8445667;87,07;0;-20;-15;-10;-5
RED;23:39,4;37:22,5;2,62;6;13,71858333;0,190981819;0,436666667;1;156;22;0;1000070;442,56315;89,69;0;-20;-15;-10;-5
RED;50:14,6;28:46,4;7,02;9;38,53028333;0,182194352;0,78;1;9;95,5;1;1000071;38,53028333;7,02;0;-20;-15;-10;-5
RED;29:49,2;01:17,5;8,86;8;31,47213333;0,281518889;1,1075;1;17;91,5;0;1000071;70,00241667;15,88;0;-20;-15;-10;-5
RED;03:37,0;23:55,4;5,21;7;20,30655;0,256567462;0,744285714;1;24;88;0;1000071;90,30896667;21,09;0;-20;-15;-10;-5
RED;30:20,0;41:38,7;2,22;3;11,31078333;0,196272878;0,74;1;27;86,5;0;1000071;101,61975;23,31;0;-20;-15;-10;-5
RED;09:30,6;37:39,3;5,65;8;28,14453333;0,200749465;0,70625;1;35;82,5;0;1000071;129,7642833;28,96;0;-20;-15;-10;-5
RED;39:03,7;03:48,3;6,01;8;24,74465;0,242880784;0,75125;1;43;78,5;0;1000071;154,5089333;34,97;0;-20;-15;-10;-5
RED;05:39,7;22:48,8;3,63;6;17,15206667;0,211636304;0,605;1;49;75,5;0;1000071;171,661;38,6;0;-20;-15;-10;-5
RED;28:28,1;58:16,5;5,93;12;29,80765;0,198942218;0,494166667;1;61;69,5;0;1000071;201,46865;44,53;0;-20;-15;-10;-5
RED;51:19,0;57:10,2;1,71;3;5,853433333;0,292136239;0,57;1;64;68;0;1000071;207,3220833;46,24;0;-20;-15;-10;-5
RED;16:00,5;23:21,6;1,41;3;7,351433333;0,191799332;0,47;1;67;66,5;0;1000071;214,6735167;47,65;0;-20;-15;-10;-5
RED;41:31,6;50:49,4;1,82;4;9,295983333;0,195783484;0,455;1;71;64,5;0;1000071;223,9695;49,47;0;-20;-15;-10;-5
RED;09:46,8;26:55,6;3,43;9;17,14581667;0,200048797;0,381111111;1;80;60;0;1000071;241,1153167;52,9;0;-20;-15;-10;-5
RED;35:34,4;52:45,5;3,43;8;17,1845;0,199598475;0,42875;1;88;56;0;1000071;258,2998167;56,33;0;-20;-15;-10;-5
RED;58:37,5;09:06,5;2,02;5;10,4833;0,192687417;0,404;1;93;53,5;0;1000071;268,7831167;58,35;0;-20;-15;-10;-5
RED;26:05,5;50:09,5;6,86;8;24,0673;0,28503405;0,8575;1;101;49,5;0;1000071;292,8504167;65,21;0;-20;-15;-10;-5
RED;01:44,7;14:42,8;2,3;2;12,96763333;0,177364669;1,15;1;103;48,5;0;1000071;305,81805;67,51;0;-20;-15;-10;-5
RED;37:13,9;50:06,7;2,62;3;12,87985;0,203418518;0,873333333;1;106;47;0;1000071;318,6979;70,13;0;-20;-15;-10;-5
RED;37:21,6;57:55,5;3,91;6;20,56356667;0,190142112;0,651666667;1;112;44;0;1000071;339,2614667;74,04;0;-20;-15;-10;-5
RED;04:28,6;18:06,8;2,82;5;13,63736667;0,20678479;0,564;1;117;41,5;0;1000071;352,8988333;76,86;0;-20;-15;-10;-5
RED;19:20,2;06:48,7;9,68;18;47,47351667;0,203903159;0,537777778;1;135;32,5;0;1000071;400,37235;86,54;0;-20;-15;-10;-5
RED;46:02,9;49:59,0;0,81;1;3,933783333;0,205908646;0,81;1;136;32;0;1000071;404,3061333;87,35;0;-20;-15;-10;-5
RED;50:55,9;09:54,8;3,83;7;18,98198333;0,201770275;0,547142857;1;143;28,5;0;1000071;423,2881167;91,18;0;-20;-15;-10;-5
RED;17:17,0;29:18,1;2,42;6;12,01795;0,201365458;0,403333333;1;149;25,5;0;1000071;435,3060667;93,6;0;-20;-15;-10;-5
RED;34:22,4;49:00,5;2,82;4;14,63581667;0,192678008;0,705;1;153;23,5;0;1000071;449,9418833;96,42;0;-20;-15;-10;-5
RED;08:47,9;12:19,4;12,28;11;63,52403333;0,193312662;1,116363636;1;11;94,5;1;1000072;63,52403333;12,28;0;-20;-15;-10;-5
RED;41:32,6;06:00,1;4,84;19;24,45876667;0,197884058;0,254736842;1;30;85;0;1000072;87,9828;17,12;0;-20;-15;-10;-5
RED;42:26,6;48:06,3;1,21;2;5,661866667;0,213710437;0,605;1;32;84;0;1000072;93,64466667;18,33;0;-20;-15;-10;-5
RED;52:36,5;05:11,4;2,62;4;12,58206667;0,208232882;0,655;1;36;82;0;1000072;106,2267333;20,95;0;-20;-15;-10;-5
RED;20:21,3;37:20,8;3,43;5;16,99095;0,201872173;0,686;1;41;79,5;0;1000072;123,2176833;24,38;0;-20;-15;-10;-5
RED;37:39,1;57:54,9;4,03;6;20,26203333;0,198894155;0,671666667;1;47;76,5;0;1000072;143,4797167;28,41;0;-20;-15;-10;-5
RED;18:25,2;29:46,4;2,22;3;11,35283333;0,195545899;0,74;1;50;75;0;1000072;154,83255;30,63;0;-20;-15;-10;-5
RED;29:54,6;49:12,6;3,83;7;19,29981667;0,198447481;0,547142857;1;57;71,5;0;1000072;174,1323667;34,46;0;-20;-15;-10;-5
RED;50:03,2;08:44,4;3,83;8;18,68741667;0,204950747;0,47875;1;65;67,5;0;1000072;192,8197833;38,29;0;-20;-15;-10;-5
RED;10:08,1;33:34,4;4,38;3;23,43981667;0,18686153;1,46;1;68;66;0;1000072;216,2596;42,67;0;-20;-15;-10;-5
RED;56:10,3;17:30,5;6;6;21,3374;0,281196397;1;1;74;63;0;1000072;237,597;48,67;0;-20;-15;-10;-5
RED;38:50,5;58:15,9;5,71;6;19,42416667;0,293963705;0,951666667;1;80;60;0;1000072;257,0211667;54,38;0;-20;-15;-10;-5
RED;03:53,9;39:58,4;9,38;9;36,07395;0,260021428;1,042222222;1;89;55,5;0;1000072;293,0951167;63,76;0;-20;-15;-10;-5
RED;41:47,0;47:46,1;1,21;2;5,986266667;0,202129318;0,605;1;91;54,5;0;1000072;299,0813833;64,97;0;-20;-15;-10;-5
RED;10:04,9;19:26,7;1,82;2;9,362616667;0,194390101;0,91;1;93;53,5;0;1000072;308,444;66,79;0;-20;-15;-10;-5
RED;07:48,3;35:27,7;5,65;20;27,65585;0,20429674;0,2825;1;113;43,5;0;1000072;336,09985;72,44;0;-20;-15;-10;-5
RED;37:20,2;46:12,5;1,82;1;8,8705;0,205174455;1,82;1;114;43;0;1000072;344,97035;74,26;0;-20;-15;-10;-5
RED;48:32,3;13:47,5;5,24;5;25,2548;0,20748531;1,048;1;119;40,5;0;1000072;370,22515;79,5;0;-20;-15;-10;-5
RED;58:56,2;06:59,4;2,29;2;8,052066667;0,284399036;1,145;1;121;39,5;0;1000072;378,2772167;81,79;0;-20;-15;-10;-5
RED;37:18,7;46:14,3;2,57;3;8,926883333;0,287894431;0,856666667;1;124;38;0;1000072;387,2041;84,36;0;-20;-15;-10;-5
RED;47:22,8;54:51,7;1,61;2;7,481483333;0,215197967;0,805;1;126;37;0;1000072;394,6855833;85,97;0;-20;-15;-10;-5
RED;08:40,6;32:19,9;4,76;17;23,65496667;0,20122624;0,28;1;143;28,5;0;1000072;418,34055;90,73;0;-20;-15;-10;-5
RED;40:55,4;56:34,4;3,23;6;15,65083333;0,206378787;0,538333333;1;149;25,5;0;1000072;433,9913833;93,96;0;-20;-15;-10;-5
RED;44:02,6;12:37,4;5,85;10;28,58093333;0,204681909;0,585;1;159;20,5;0;1000072;462,5723167;99,81;0;-20;-15;-10;-5
RED;13:53,7;33:32,6;4,03;7;19,64733333;0,205116895;0,575714286;1;7;96,5;1;1000073;19,64733333;4,03;0;-20;-15;-10;-5
RED;46:24,1;08:14,8;4,44;10;21,84486667;0,203251412;0,444;1;17;91,5;0;1000073;41,4922;8,47;0;-20;-15;-10;-5
RED;13:09,0;22:17,8;1,82;1;9,145366667;0,199007876;1,82;1;18;91;0;1000073;50,63756667;10,29;0;-20;-15;-10;-5
RED;23:15,0;26:24,0;0,78;1;3,150716667;0,247562724;0,78;1;19;90,5;0;1000073;53,78828333;11,07;0;-20;-15;-10;-5
RED;26:48,2;41:30,4;3,91;5;14,70345;0,265923984;0,782;1;24;88;0;1000073;68,49173333;14,98;0;-20;-15;-10;-5
RED;42:27,9;57:02,7;2,82;5;14,57928333;0,193425145;0,564;1;29;85,5;0;1000073;83,07101667;17,8;0;-20;-15;-10;-5
RED;28:09,2;38:15,6;2,02;4;10,1073;0,19985555;0,505;1;33;83,5;0;1000073;93,17831667;19,82;0;-20;-15;-10;-5
RED;39:55,8;54:42,5;3,03;8;14,77775;0,205037979;0,37875;1;41;79,5;0;1000073;107,9560667;22,85;0;-20;-15;-10;-5
RED;54:44,5;11:29,0;3,43;6;16,74116667;0,204884168;0,571666667;1;47;76,5;0;1000073;124,6972333;26,28;0;-20;-15;-10;-5
RED;11:53,3;19:56,9;1,61;3;8,05905;0,199775408;0,536666667;1;50;75;0;1000073;132,7562833;27,89;0;-20;-15;-10;-5
RED;01:40,6;17:15,3;3,03;6;15,5786;0,19449758;0,505;1;56;72;0;1000073;148,3348833;30,92;0;-20;-15;-10;-5
RED;20:24,1;36:32,4;3,23;5;16,13973333;0,200127222;0,646;1;61;69,5;0;1000073;164,4746167;34,15;0;-20;-15;-10;-5
RED;39:46,3;55:47,5;3,23;11;16,02043333;0,201617518;0,293636364;1;72;64;0;1000073;180,49505;37,38;0;-20;-15;-10;-5
RED;17:46,9;28:32,1;2,22;6;10,75315;0,206451133;0,37;1;78;61;0;1000073;191,2482;39,6;0;-20;-15;-10;-5
RED;50:07,2;00:19,7;2,02;4;10,20861667;0,197872059;0,505;1;82;59;0;1000073;201,4568167;41,62;0;-20;-15;-10;-5
RED;02:52,4;34:57,7;8,34;14;32,0876;0,259913487;0,595714286;1;96;52;0;1000073;233,5444167;49,96;0;-20;-15;-10;-5
RED;37:19,7;45:27,1;1,61;2;8,1228;0,198207515;0,805;1;98;51;0;1000073;241,6672167;51,57;0;-20;-15;-10;-5
RED;03:04,5;05:30,7;0,61;0;2,436316667;0,250377961;inf;1;98;51;0;1000073;244,1035333;52,18;0;-20;-15;-10;-5
RED;48:39,7;03:56,6;3,14;5;15,28168333;0,205474746;0,628;1;103;48,5;0;1000073;259,3852167;55,32;0;-20;-15;-10;-5
RED;26:13,4;46:12,8;4,03;11;19,9893;0,20160786;0,366363636;1;114;43;0;1000073;279,3745167;59,35;0;-20;-15;-10;-5
RED;57:58,7;14:56,9;3,43;7;16,97006667;0,202120597;0,49;1;121;39,5;0;1000073;296,3445833;62,78;0;-20;-15;-10;-5
RED;16:43,1;21:53,2;1,21;2;5,16915;0,234081038;0,605;1;123;38,5;0;1000073;301,5137333;63,99;0;-20;-15;-10;-5
RED;55:07,1;26:58,9;5,74;4;31,86295;0,180146534;1,435;1;127;36,5;0;1000073;333,3766833;69,73;0;-20;-15;-10;-5
RED;30:52,8;39:47,2;12,02;7;68,90558333;0,174441597;1,717142857;1;134;33;0;1000073;402,2822667;81,75;0;-20;-15;-10;-5
RED;42:12,0;15:24,8;6,66;24;33,21351667;0,200520772;0,2775;1;158;21;0;1000073;435,4957833;88,41;0;-20;-15;-10;-5
RED;23:16,2;20:58,3;12,73;8;57,70243333;0,220614613;1,59125;1;8;96;1;1000074;57,70243333;12,73;0;-20;-15;-10;-5
RED;26:38,2;44:29,7;4,69;5;17,85813333;0,262625433;0,938;1;13;93,5;0;1000074;75,56056667;17,42;0;-20;-15;-10;-5
RED;18:36,1;43:52,8;4,79;9;25,2774;0,189497338;0,532222222;1;22;89;0;1000074;100,8379667;22,21;0;-20;-15;-10;-5
RED;02:06,7;31:29,6;5,85;11;29,38255;0,199097764;0,531818182;1;33;83,5;0;1000074;130,2205167;28,06;0;-20;-15;-10;-5
RED;00:39,5;26:51,2;5,24;13;26,19536667;0,200035375;0,403076923;1;46;77;0;1000074;156,4158833;33,3;0;-20;-15;-10;-5
RED;06:03,2;22:27,6;4,35;6;16,40718333;0,265127774;0,725;1;52;74;0;1000074;172,8230667;37,65;0;-20;-15;-10;-5
RED;33:37,3;51:33,5;3,63;11;17,93678333;0,202377424;0,33;1;63;68,5;0;1000074;190,75985;41,28;0;-20;-15;-10;-5
RED;17:11,8;40:16,9;4,64;13;23,0847;0,20099893;0,356923077;1;76;62;0;1000074;213,84455;45,92;0;-20;-15;-10;-5
RED;06:03,7;23:09,5;3,43;7;17,09616667;0,200629771;0,49;1;83;58,5;0;1000074;230,9407167;49,35;0;-20;-15;-10;-5
RED;21:51,5;40:55,1;3,83;6;19,0604;0,200940169;0,638333333;1;89;55,5;0;1000074;250,0011167;53,18;0;-20;-15;-10;-5
RED;44:54,7;53:25,2;1,82;2;8,509716667;0,213873161;0,91;1;91;54,5;0;1000074;258,5108333;55;0;-20;-15;-10;-5
RED;56:27,9;14:47,2;3,62;4;18,32133333;0,197583873;0,905;1;95;52,5;0;1000074;276,8321667;58,62;0;-20;-15;-10;-5
RED;56:57,6;11:10,5;3,71;4;14,2144;0,261002927;0,9275;1;99;50,5;0;1000074;291,0465667;62,33;0;-20;-15;-10;-5
RED;33:28,6;37:29,4;0,81;2;4,0127;0,201859097;0,405;1;101;49,5;0;1000074;295,0592667;63,14;0;-20;-15;-10;-5
RED;01:08,0;19:59,9;5,43;8;18,86588333;0,287821137;0,67875;1;109;45,5;0;1000074;313,92515;68,57;0;-20;-15;-10;-5
RED;20:46,9;38:08,9;3,63;7;17,36618333;0,209026931;0,518571429;1;116;42;0;1000074;331,2913333;72,2;0;-20;-15;-10;-5
RED;16:18,0;40:41,4;6,86;11;24,38951667;0,281268386;0,623636364;1;127;36,5;0;1000074;355,68085;79,06;0;-20;-15;-10;-5
RED;49:49,3;59:55,4;2,02;4;10,10308333;0,199938963;0,505;1;131;34,5;0;1000074;365,7839333;81,08;0;-20;-15;-10;-5
RED;23:51,2;38:34,4;3,03;5;14,7204;0,205836798;0,606;1;136;32;0;1000074;380,5043333;84,11;0;-20;-15;-10;-5
RED;00:34,5;34:01,4;6,66;16;33,4485;0,199112068;0,41625;1;152;24;0;1000074;413,9528333;90,77;0;-20;-15;-10;-5
RED;41:10,1;09:58,6;7,35;9;28,8089;0,255129491;0,816666667;1;9;95,5;1;1000075;28,8089;7,35;0;-20;-15;-10;-5
RED;22:05,7;32:50,9;2,22;3;10,75301667;0,206453693;0,74;1;12;94;0;1000075;39,56191667;9,57;0;-20;-15;-10;-5
RED;41:36,7;55:48,8;2,82;5;14,20263333;0,198554728;0,564;1;17;91,5;0;1000075;53,76455;12,39;0;-20;-15;-10;-5
RED;17:38,4;31:46,4;3,65;4;14,13421667;0,258238577;0,9125;1;21;89,5;0;1000075;67,89876667;16,04;0;-20;-15;-10;-5
RED;41:22,1;57:44,9;3,23;7;16,37983333;0,197193704;0,461428571;1;28;86;0;1000075;84,2786;19,27;0;-20;-15;-10;-5
RED;52:27,3;19:20,0;5,28;11;26,87966667;0,196431007;0,48;1;39;80,5;0;1000075;111,1582667;24,55;0;-20;-15;-10;-5
RED;22:37,8;55:16,4;6,45;17;32,64363333;0,1975883;0,379411765;1;56;72;0;1000075;143,8019;31;0;-20;-15;-10;-5
RED;47:28,5;52:21,7;1,43;2;4,886616667;0,292636009;0,715;1;58;71;0;1000075;148,6885167;32,43;0;-20;-15;-10;-5
RED;53:58,7;06:32,5;2,62;4;12,56326667;0,208544487;0,655;1;62;69;0;1000075;161,2517833;35,05;0;-20;-15;-10;-5
RED;34:58,9;56:48,1;4,44;7;21,82078333;0,203475738;0,634285714;1;69;65,5;0;1000075;183,0725667;39,49;0;-20;-15;-10;-5
RED;59:36,3;15:08,1;3,03;5;15,52996667;0,195106665;0,606;1;74;63;0;1000075;198,6025333;42,52;0;-20;-15;-10;-5
RED;40:38,7;02:03,2;4,15;9;21,4083;0,193850049;0,461111111;1;83;58,5;0;1000075;220,0108333;46,67;0;-20;-15;-10;-5
RED;06:40,7;32:41,3;5,24;8;26,01101667;0,201453102;0,655;1;91;54,5;0;1000075;246,02185;51,91;0;-20;-15;-10;-5
RED;04:08,9;17:17,8;2,62;5;13,14868333;0,199259495;0,524;1;96;52;0;1000075;259,1705333;54,53;0;-20;-15;-10;-5
RED;58:38,6;13:46,2;3,03;11;15,12591667;0,200318438;0,275454545;1;107;46,5;0;1000075;274,29645;57,56;0;-20;-15;-10;-5
RED;19:14,3;21:58,8;0,61;1;2,7424;0,222432905;0,61;1;108;46;0;1000075;277,03885;58,17;0;-20;-15;-10;-5
RED;28:06,7;01:57,9;8,86;16;33,85283333;0,261721077;0,55375;1;124;38;0;1000075;310,8916833;67,03;0;-20;-15;-10;-5
RED;06:12,9;17:54,2;2,42;5;11,68808333;0,20704849;0,484;1;129;35,5;0;1000075;322,5797667;69,45;0;-20;-15;-10;-5
RED;34:23,8;46:33,7;2,34;5;12,16598333;0,19233957;0,468;1;134;33;0;1000075;334,74575;71,79;0;-20;-15;-10;-5
RED;22:46,2;40:44,4;4,69;7;17,9695;0,260997802;0,67;1;141;29,5;0;1000075;352,71525;76,48;0;-20;-15;-10;-5
RED;44:59,7;53:33,2;2,34;4;8,55735;0,27344914;0,585;1;145;27,5;0;1000075;361,2726;78,82;0;-20;-15;-10;-5
RED;02:16,2;28:19,1;6,77;10;26,04785;0,259906288;0,677;1;155;22,5;0;1000075;387,32045;85,59;0;-20;-15;-10;-5
RED;36:53,2;44:52,2;1,61;2;7,98435;0,201644467;0,805;1;157;21,5;0;1000075;395,3048;87,2;0;-20;-15;-10;-5
RED;52:46,7;04:33,4;3,13;6;11,77846667;0,265739174;0,521666667;1;6;97;1;1000076;11,77846667;3,13;0;-20;-15;-10;-5
RED;06:17,6;19:26,5;2,62;2;13,14785;0,199272124;1,31;1;8;96;0;1000076;24,92631667;5,75;0;-20;-15;-10;-5
RED;26:01,2;42:05,8;3,23;5;16,07658333;0,200913337;0,646;1;13;93,5;0;1000076;41,0029;8,98;0;-20;-15;-10;-5
RED;50:36,8;10:59,4;4,15;8;20,37651667;0,203665821;0,51875;1;21;89,5;0;1000076;61,37941667;13,13;0;-20;-15;-10;-5
RED;13:59,4;22:37,7;1,82;2;8,63905;0,210671312;0,91;1;23;88,5;0;1000076;70,01846667;14,95;0;-20;-15;-10;-5
RED;37:40,1;50:03,2;2,62;6;12,3848;0,211549641;0,436666667;1;29;85,5;0;1000076;82,40326667;17,57;0;-20;-15;-10;-5
RED;57:00,4;05:06,7;12,36;19;68,1051;0,181484206;0,650526316;1;48;76;0;1000076;150,5083667;29,93;0;-20;-15;-10;-5
RED;08:30,3;16:58,7;2,29;1;8,472666667;0,270280903;2,29;1;49;75,5;0;1000076;158,9810333;32,22;0;-20;-15;-10;-5
RED;19:49,4;34:54,4;4,29;8;15,0828;0,284429947;0,53625;1;57;71,5;0;1000076;174,0638333;36,51;0;-20;-15;-10;-5
RED;41:23,1;50:47,7;1,82;2;9,410366667;0,193403729;0,91;1;59;70,5;0;1000076;183,4742;38,33;0;-20;-15;-10;-5
RED;53:45,3;09:20,2;4,57;7;15,5817;0,293292773;0,652857143;1;66;67;0;1000076;199,0559;42,9;0;-20;-15;-10;-5
RED;11:00,6;37:02,7;15,41;11;86,03531667;0,179112492;1,400909091;1;77;61,5;0;1000076;285,0912167;58,31;0;-20;-15;-10;-5
RED;40:38,5;06:58,9;5,16;8;26,3404;0,195896797;0,645;1;85;57,5;0;1000076;311,4316167;63,47;0;-20;-15;-10;-5
RED;28:32,1;35:41,2;1,41;1;7,152366667;0,197137544;1,41;1;86;57;0;1000076;318,5839833;64,88;0;-20;-15;-10;-5
RED;26:59,3;37:17,9;2,14;3;10,3104;0,207557418;0,713333333;1;89;55,5;0;1000076;328,8943833;67,02;0;-20;-15;-10;-5
RED;46:36,1;52:08,2;1,21;1;5,5343;0,218636503;1,21;1;90;55;0;1000076;334,4286833;68,23;0;-20;-15;-10;-5
RED;32:39,1;36:54,7;1,14;2;4,260383333;0,267581556;0,57;1;92;54;0;1000076;338,6890667;69,37;0;-20;-15;-10;-5
RED;46:11,2;02:33,1;3,43;8;16,36461667;0,209598555;0,42875;1;100;50;0;1000076;355,0536833;72,8;0;-20;-15;-10;-5
RED;24:52,6;38:04,7;4;7;13,20186667;0,302987456;0,571428571;1;107;46,5;0;1000076;368,25555;76,8;0;-20;-15;-10;-5
RED;42:32,6;59:22,3;4,43;10;16,82843333;0,263244945;0,443;1;117;41,5;0;1000076;385,0839833;81,23;0;-20;-15;-10;-5
RED;02:20,0;16:12,4;2,82;7;13,8734;0,203266683;0,402857143;1;124;38;0;1000076;398,9573833;84,05;0;-20;-15;-10;-5
RED;32:15,8;46:23,7;2,82;7;14,13151667;0,199553952;0,402857143;1;131;34,5;0;1000076;413,0889;86,87;0;-20;-15;-10;-5
RED;11:32,8;25:28,4;2,7;4;13,92613333;0,193880091;0,675;1;135;32,5;0;1000076;427,0150333;89,57;0;-20;-15;-10;-5
RED;25:13,5;29:32,8;0,72;0;4,321466667;0,166610102;inf;1;135;32,5;0;1000076;431,3365;90,29;0;-20;-15;-10;-5
RED;48:39,0;03:12,6;2,82;4;14,55945;0,193688635;0,705;1;139;30,5;0;1000076;445,89595;93,11;0;-20;-15;-10;-5
RED;14:36,7;23:58,5;1,82;4;9,363916667;0,194363114;0,455;1;143;28,5;0;1000076;455,2598667;94,93;0;-20;-15;-10;-5
RED;41:12,1;59:26,6;3,83;17;18,24203333;0,209954665;0,225294118;1;17;91,5;1;1000077;18,24203333;3,83;0;-20;-15;-10;-5
RED;33:30,7;42:15,8;1,82;5;8,751016667;0,207975835;0,364;1;22;89;0;1000077;26,99305;5,65;0;-20;-15;-10;-5
RED;11:02,6;30:00,7;4,95;8;18,96785;0,260967901;0,61875;1;30;85;0;1000077;45,9609;10,6;0;-20;-15;-10;-5
RED;03:01,7;17:23,2;2,82;7;14,35821667;0,196403221;0,402857143;1;37;81,5;0;1000077;60,31911667;13,42;0;-20;-15;-10;-5
RED;20:34,1;30:08,5;2,02;3;9,57285;0,211013439;0,673333333;1;40;80;0;1000077;69,89196667;15,44;0;-20;-15;-10;-5
RED;31:58,3;48:58,8;3,43;8;17,00775;0,201672767;0,42875;1;48;76;0;1000077;86,89971667;18,87;0;-20;-15;-10;-5
RED;52:00,9;24:46,8;6,66;13;32,76561667;0,203261854;0,512307692;1;61;69,5;0;1000077;119,6653333;25,53;0;-20;-15;-10;-5
RED;25:50,1;30:16,1;1,01;1;4,433566667;0,227807559;1,01;1;62;69;0;1000077;124,0989;26,54;0;-20;-15;-10;-5
RED;21:04,9;03:15,8;7,67;7;42,18076667;0,181836429;1,095714286;1;69;65,5;0;1000077;166,2796667;34,21;0;-20;-15;-10;-5
RED;52:16,9;02:16,8;2,86;4;9,998866667;0,286032417;0,715;1;73;63,5;0;1000077;176,2785333;37,07;0;-20;-15;-10;-5
RED;03:10,3;29:07,4;5,24;9;25,9512;0,201917445;0,582222222;1;82;59;0;1000077;202,2297333;42,31;0;-20;-15;-10;-5
RED;44:33,3;54:41,4;2,4;3;10,13463333;0,236811725;0,8;1;85;57,5;0;1000077;212,3643667;44,71;0;-20;-15;-10;-5
RED;00:38,4;10:36,6;2,61;3;9,970483333;0,261772666;0,87;1;88;56;0;1000077;222,33485;47,32;0;-20;-15;-10;-5
RED;10:41,5;20:39,6;2,02;4;9,96885;0,202631196;0,505;1;92;54;0;1000077;232,3037;49,34;0;-20;-15;-10;-5
RED;21:40,6;00:42,8;11,14;12;39,03558333;0,285380646;0,928333333;1;104;48;0;1000077;271,3392833;60,48;0;-20;-15;-10;-5
RED;58:34,5;19:18,9;4,24;7;20,74113333;0,204424702;0,605714286;1;111;44,5;0;1000077;292,0804167;64,72;0;-20;-15;-10;-5
RED;33:27,8;40:49,1;1,41;2;7,355133333;0,191702847;0,705;1;113;43,5;0;1000077;299,43555;66,13;0;-20;-15;-10;-5
RED;41:23,8;09:17,0;5,65;10;27,88643333;0,202607481;0,565;1;123;38,5;0;1000077;327,3219833;71,78;0;-20;-15;-10;-5
RED;56:27,6;22:10,6;4,91;8;25,71523333;0,190937408;0,61375;1;131;34,5;0;1000077;353,0372167;76,69;0;-20;-15;-10;-5
RED;49:19,5;58:02,0;1,82;5;8,7097;0,208962421;0,364;1;136;32;0;1000077;361,7469167;78,51;0;-20;-15;-10;-5
RED;01:26,3;26:59,3;5,04;17;25,55043333;0,197256928;0,296470588;1;153;23,5;0;1000077;387,29735;83,55;0;-20;-15;-10;-5
RED;57:43,7;12:31,7;3,03;9;14,79991667;0,204730882;0,336666667;1;9;95,5;1;1000078;14,79991667;3,03;0;-20;-15;-10;-5
RED;30:07,0;43:18,6;2,62;4;13,19358333;0,198581381;0,655;1;13;93,5;0;1000078;27,9935;5,65;0;-20;-15;-10;-5
RED;45:39,6;01:01,1;3,03;6;15,35926667;0,197275044;0,505;1;19;90,5;0;1000078;43,35276667;8,68;0;-20;-15;-10;-5
RED;02:40,8;17:43,5;3,03;8;15,04495;0,201396482;0,37875;1;27;86,5;0;1000078;58,39771667;11,71;0;-20;-15;-10;-5
RED;19:11,0;35:25,5;3,23;6;16,24155;0,198872645;0,538333333;1;33;83,5;0;1000078;74,63926667;14,94;0;-20;-15;-10;-5
RED;53:39,3;04:54,6;2,22;6;11,25625;0,197223765;0,37;1;39;80,5;0;1000078;85,89551667;17,16;0;-20;-15;-10;-5
RED;50:44,9;55:36,4;1,01;1;4,8571;0,207943011;1,01;1;40;80;0;1000078;90,75261667;18,17;0;-20;-15;-10;-5
RED;58:22,0;15:10,9;3,35;6;16,8149;0,199228066;0,558333333;1;46;77;0;1000078;107,5675167;21,52;0;-20;-15;-10;-5
RED;28:57,6;34:43,2;1,56;2;5,75975;0,270845089;0,78;1;48;76;0;1000078;113,3272667;23,08;0;-20;-15;-10;-5
RED;43:15,4;04:55,3;4,44;8;21,66565;0,204932693;0,555;1;56;72;0;1000078;134,9929167;27,52;0;-20;-15;-10;-5
RED;10:24,2;21:02,9;2,14;4;10,64341667;0,201063255;0,535;1;60;70;0;1000078;145,6363333;29,66;0;-20;-15;-10;-5
RED;27:43,9;50:37,3;4,47;5;22,88891667;0,195291025;0,894;1;65;67,5;0;1000078;168,52525;34,13;0;-20;-15;-10;-5
RED;54:03,9;03:31,3;2,02;3;9,456016667;0,213620605;0,673333333;1;68;66;0;1000078;177,9812667;36,15;0;-20;-15;-10;-5
RED;25:07,2;31:40,0;1,41;3;6,546683333;0,215376234;0,47;1;71;64,5;0;1000078;184,52795;37,56;0;-20;-15;-10;-5
RED;12:48,2;26:36,2;2,7;5;13,79956667;0,195658318;0,54;1;76;62;0;1000078;198,3275167;40,26;0;-20;-15;-10;-5
RED;56:09,3;08:12,0;2,42;5;12,04573333;0,200901011;0,484;1;81;59,5;0;1000078;210,37325;42,68;0;-20;-15;-10;-5
RED;22:23,6;57:30,3;7,5;9;35,11251667;0,213599044;0,833333333;1;90;55;0;1000078;245,4857667;50,18;0;-20;-15;-10;-5
RED;18:45,9;24:33,5;1,56;1;5,7927;0,269304469;1,56;1;91;54,5;0;1000078;251,2784667;51,74;0;-20;-15;-10;-5
RED;27:07,8;52:12,6;6,51;16;25,08095;0,259559546;0,406875;1;107;46,5;0;1000078;276,3594167;58,25;0;-20;-15;-10;-5
RED;18:57,3;29:06,2;2,02;4;10,14813333;0,199051385;0,505;1;111;44,5;0;1000078;286,50755;60,27;0;-20;-15;-10;-5
RED;10:03,4;25:06,1;3,91;5;15,04541667;0,259879808;0,782;1;116;42;0;1000078;301,5529667;64,18;0;-20;-15;-10;-5
RED;39:19,4;04:31,6;6,57;11;25,20458333;0,260666876;0,597272727;1;127;36,5;0;1000078;326,75755;70,75;0;-20;-15;-10;-5
RED;04:32,9;07:45,1;0,81;1;3,20245;0,252931349;0,81;1;128;36;0;1000078;329,96;71,56;0;-20;-15;-10;-5
RED;09:48,3;20:46,6;2,22;3;10,972;0,202333212;0,74;1;131;34,5;0;1000078;340,932;73,78;0;-20;-15;-10;-5
RED;21:36,2;56:31,6;7,06;18;34,92441667;0,202150835;0,392222222;1;149;25,5;0;1000078;375,8564167;80,84;0;-20;-15;-10;-5
RED;59:28,8;10:21,7;2,09;3;10,88181667;0,192063519;0,696666667;1;152;24;0;1000078;386,7382333;82,93;0;-20;-15;-10;-5
RED;11:21,3;39:25,0;5,65;23;28,0619;0,201340608;0,245652174;1;23;88,5;1;1000079;28,0619;5,65;0;-20;-15;-10;-5
RED;44:12,9;03:09,7;3,83;7;18,94718333;0,202140864;0,547142857;1;30;85;0;1000079;47,00908333;9,48;0;-20;-15;-10;-5
RED;34:07,8;48:31,1;2,82;6;14,38736667;0,196005292;0,47;1;36;82;0;1000079;61,39645;12,3;0;-20;-15;-10;-5
RED;54:58,2;26:05,2;6,25;9;31,11696667;0,200855053;0,694444444;1;45;77,5;0;1000079;92,51341667;18,55;0;-20;-15;-10;-5
RED;59:18,5;10:01,3;3,14;4;10,71256667;0,293113695;0,785;1;49;75,5;0;1000079;103,2259833;21,69;0;-20;-15;-10;-5
RED;00:50,2;16:40,3;2,98;3;15,83436667;0,188198244;0,993333333;1;52;74;0;1000079;119,06035;24,67;0;-20;-15;-10;-5
RED;21:39,1;47:30,3;5,24;7;25,85293333;0,202684931;0,748571429;1;59;70,5;0;1000079;144,9132833;29,91;0;-20;-15;-10;-5
RED;00:19,8;27:54,3;21,31;48;87,57458333;0,243335443;0,443958333;1;107;46,5;0;1000079;232,4878667;51,22;0;-20;-15;-10;-5
RED;36:48,7;14:40,6;7,37;10;37,86531667;0,194637221;0,737;1;117;41,5;0;1000079;270,3531833;58,59;0;-20;-15;-10;-5
RED;37:28,8;01:32,6;4,59;5;24,06261667;0,190752322;0,918;1;122;39;0;1000079;294,4158;63,18;0;-20;-15;-10;-5
RED;10:35,0;28:39,2;3,51;4;18,06991667;0,1942455;0,8775;1;126;37;0;1000079;312,4857167;66,69;0;-20;-15;-10;-5
RED;37:37,3;12:28,8;9,75;17;34,85876667;0,279700085;0,573529412;1;143;28,5;0;1000079;347,3444833;76,44;0;-20;-15;-10;-5
RED;46:57,0;56:34,2;2,02;4;9,618883333;0,210003587;0,505;1;147;26,5;0;1000079;356,9633667;78,46;0;-20;-15;-10;-5
RED;00:11,0;06:16,2;1,56;4;6,086033333;0,25632459;0,39;1;151;24,5;0;1000079;363,0494;80,02;0;-20;-15;-10;-5
RED;14:08,1;32:55,6;44,63;34;258,79105;0,172455732;1,312647059;1;34;83;1;1000080;258,79105;44,63;0;-20;-15;-10;-5
RED;19:45,3;33:18,7;2,82;6;13,55775;0,207999115;0,47;1;40;80;0;1000080;272,3488;47,45;0;-20;-15;-10;-5
RED;03:11,4;10:44,8;1,41;3;7,555916667;0,186608728;0,47;1;43;78,5;0;1000080;279,9047167;48,86;0;-20;-15;-10;-5
RED;42:17,2;52:54,7;2,22;3;10,62521667;0,208936916;0,74;1;46;77;0;1000080;290,5299333;51,08;0;-20;-15;-10;-5
RED;02:06,2;21:12,8;3,83;11;19,10886667;0,200430516;0,348181818;1;57;71,5;0;1000080;309,6388;54,91;0;-20;-15;-10;-5
RED;04:22,3;09:57,5;1,21;1;5,587283333;0,216563208;1,21;1;58;71;0;1000080;315,2260833;56,12;0;-20;-15;-10;-5
RED;12:19,2;26:18,8;14;22;73,99406667;0,18920436;0,636363636;1;80;60;0;1000080;389,22015;70,12;0;-20;-15;-10;-5
RED;34:54,2;45:18,0;2,02;3;10,3971;0,194284945;0,673333333;1;83;58,5;0;1000080;399,61725;72,14;0;-20;-15;-10;-5
RED;51:59,6;10:07,9;3,63;6;18,13698333;0,200143537;0,605;1;89;55,5;0;1000080;417,7542333;75,77;0;-20;-15;-10;-5
RED;34:53,5;46:28,7;2,42;4;11,5864;0,208865567;0,605;1;93;53,5;0;1000080;429,3406333;78,19;0;-20;-15;-10;-5
RED;19:42,7;16:06,1;25,14;52;116,3901667;0,215997629;0,483461538;1;145;27,5;0;1000080;545,7308;103,33;5,7308;-14,2692;-9,2692;-4,2692;0,7308
RED;16:08,1;58:56,6;9,38;8;42,808;0,219117922;1,1725;1;153;23,5;0;1000080;588,5388;112,71;48,5388;28,5388;33,5388;38,5388;43,5388
RED;00:32,7;16:14,4;2,94;6;15,69446667;0,187327168;0,49;1;159;20,5;0;1000080;604,2332667;115,65;64,23326667;44,23326667;49,23326667;54,23326667;59,23326667
RED;24:46,2;30:02,7;1,71;1;5,275433333;0,324143988;1,71;1;1;99,5;1;1000081;5,275433333;1,71;0;-20;-15;-10;-5
RED;37:38,0;44:26,8;1,41;3;6,8128;0,206963363;0,47;1;4;98;0;1000081;12,08823333;3,12;0;-20;-15;-10;-5
RED;11:08,8;22:18,2;2,22;8;11,1556;0,199003191;0,2775;1;12;94;0;1000081;23,24383333;5,34;0;-20;-15;-10;-5
RED;31:19,1;54:02,4;4,23;6;22,7223;0,186160732;0,705;1;18;91;0;1000081;45,96613333;9,57;0;-20;-15;-10;-5
RED;55:21,4;04:26,5;1,82;2;9,084883333;0,200332787;0,91;1;20;90;0;1000081;55,05101667;11,39;0;-20;-15;-10;-5
RED;46:21,2;50:11,4;12,56;23;63,83541667;0,196755981;0,546086957;1;43;78,5;0;1000081;118,8864333;23,95;0;-20;-15;-10;-5
RED;02:15,3;25:17,4;6,32;6;23,03525;0,274362119;1,053333333;1;49;75,5;0;1000081;141,9216833;30,27;0;-20;-15;-10;-5
RED;33:57,8;46:44,6;3,39;3;12,78051667;0,265247493;1,13;1;52;74;0;1000081;154,7022;33,66;0;-20;-15;-10;-5
RED;18:57,6;44:48,3;4,66;3;25,8458;0,180300087;1,553333333;1;55;72,5;0;1000081;180,548;38,32;0;-20;-15;-10;-5
RED;45:06,0;50:03,8;1,01;2;4,964216667;0,203456067;0,505;1;57;71,5;0;1000081;185,5122167;39,33;0;-20;-15;-10;-5
RED;19:07,3;27:37,6;1,82;3;8,505416667;0,213981286;0,606666667;1;60;70;0;1000081;194,0176333;41,15;0;-20;-15;-10;-5
RED;40:58,4;14:22,6;6,77;8;33,40225;0,202680957;0,84625;1;68;66;0;1000081;227,4198833;47,92;0;-20;-15;-10;-5
RED;38:47,6;28:15,7;109;327;1549,46885;0,070346687;0,333333333;1;327;-63,5;0;1000081;1776,888733;156,92;1236,888733;1216,888733;1221,888733;1226,888733;1231,888733
RED;50:21,0;05:37,5;3,03;8;15,27473333;0,198366802;0,37875;1;8;96;1;1000082;15,27473333;3,03;0;-20;-15;-10;-5
RED;33:08,7;39:08,8;1,21;2;6,001683333;0,201610104;0,605;1;10;95;0;1000082;21,27641667;4,24;0;-20;-15;-10;-5
RED;54:29,2;05:22,8;2,22;6;10,89316667;0,203797488;0,37;1;16;92;0;1000082;32,16958333;6,46;0;-20;-15;-10;-5
RED;17:56,1;33:47,7;3,23;6;15,86023333;0,203654003;0,538333333;1;22;89;0;1000082;48,02981667;9,69;0;-20;-15;-10;-5
RED;36:10,4;53:08,9;3,43;8;16,97501667;0,202061657;0,42875;1;30;85;0;1000082;65,00483333;13,12;0;-20;-15;-10;-5
RED;05:37,2;46:44,0;10,24;11;41,11258333;0,249072162;0,930909091;1;41;79,5;0;1000082;106,1174167;23,36;0;-20;-15;-10;-5
RED;49:38,5;07:20,5;3,43;6;17,69906667;0,19379553;0,571666667;1;47;76,5;0;1000082;123,8164833;26,79;0;-20;-15;-10;-5
RED;07:57,4;18:10,6;2,02;6;10,21928333;0,197665524;0,336666667;1;53;73,5;0;1000082;134,0357667;28,81;0;-20;-15;-10;-5
RED;40:11,5;41:42,7;0,32;0;1,520716667;0,210427101;inf;1;53;73,5;0;1000082;135,5564833;29,13;0;-20;-15;-10;-5
RED;47:56,1;57:07,4;2,02;3;9,188333333;0,219844005;0,673333333;1;56;72;0;1000082;144,7448167;31,15;0;-20;-15;-10;-5
RED;59:07,3;00:13,1;11,25;18;61,09701667;0,184133377;0,625;1;74;63;0;1000082;205,8418333;42,4;0;-20;-15;-10;-5
RED;28:24,9;22:17,3;12,7;12;53,87326667;0,235738443;1,058333333;1;86;57;0;1000082;259,7151;55,1;0;-20;-15;-10;-5
RED;49:37,9;04:35,6;3,03;4;14,96083333;0,202528825;0,7575;1;90;55;0;1000082;274,6759333;58,13;0;-20;-15;-10;-5
RED;46:32,3;21:39,1;6,98;13;35,1133;0,198785076;0,536923077;1;103;48,5;0;1000082;309,7892333;65,11;0;-20;-15;-10;-5
RED;26:09,0;02:12,6;7,97;10;36,0603;0,221018683;0,797;1;113;43,5;0;1000082;345,8495333;73,08;0;-20;-15;-10;-5
RED;11:55,8;26:48,2;3,91;6;14,87263333;0,262898971;0,651666667;1;119;40,5;0;1000082;360,7221667;76,99;0;-20;-15;-10;-5
RED;29:59,0;10:23,1;8,07;18;40,40225;0,199741351;0,448333333;1;137;31,5;0;1000082;401,1244167;85,06;0;-20;-15;-10;-5
RED;46:26,0;56:28,7;2,02;3;10,04353333;0,201124438;0,673333333;1;140;30;0;1000082;411,16795;87,08;0;-20;-15;-10;-5
RED;11:02,1;24:04,2;2,62;4;13,03441667;0,20100631;0,655;1;144;28;0;1000082;424,2023667;89,7;0;-20;-15;-10;-5
RED;08:01,9;38:30,9;6,17;11;30,4831;0,202407235;0,560909091;1;155;22,5;0;1000082;454,6854667;95,87;0;-20;-15;-10;-5
RED;59:05,6;13:43,4;2,82;5;14,63105;0,192740781;0,564;1;5;97,5;1;1000083;14,63105;2,82;0;-20;-15;-10;-5
RED;34:58,7;50:00,5;3,03;8;15,03055;0,20158943;0,37875;1;13;93,5;0;1000083;29,6616;5,85;0;-20;-15;-10;-5
RED;20:59,0;34:19,7;2,62;7;13,34605;0,196312767;0,374285714;1;20;90;0;1000083;43,00765;8,47;0;-20;-15;-10;-5
RED;14:26,4;26:11,1;2,42;3;11,74605;0,206026707;0,806666667;1;23;88,5;0;1000083;54,7537;10,89;0;-20;-15;-10;-5
RED;24:09,7;58:00,5;24,11;33;93,84608333;0,256910029;0,730606061;1;56;72;0;1000083;148,5997833;35;0;-20;-15;-10;-5
RED;52:35,6;07:38,2;3,03;7;15,04381667;0,201411654;0,432857143;1;63;68,5;0;1000083;163,6436;38,03;0;-20;-15;-10;-5
RED;04:05,6;15:07,6;2,87;4;11,03381667;0,260109451;0,7175;1;67;66,5;0;1000083;174,6774167;40,9;0;-20;-15;-10;-5
RED;16:55,2;33:56,8;3,43;11;17,02616667;0,201454624;0,311818182;1;78;61;0;1000083;191,7035833;44,33;0;-20;-15;-10;-5
RED;11:03,1;30:00,5;3,83;10;18,95731667;0,202032812;0,383;1;88;56;0;1000083;210,6609;48,16;0;-20;-15;-10;-5
RED;18:01,9;43:41,3;5,04;17;25,65715;0,196436471;0,296470588;1;105;47,5;0;1000083;236,31805;53,2;0;-20;-15;-10;-5
RED;23:23,7;30:47,4;1,61;3;7,395666667;0,217695047;0,536666667;1;108;46;0;1000083;243,7137167;54,81;0;-20;-15;-10;-5
RED;31:16,3;58:52,2;5,45;9;27,5976;0,19748094;0,605555556;1;117;41,5;0;1000083;271,3113167;60,26;0;-20;-15;-10;-5
RED;55:55,8;00:43,4;12,27;20;64,79191667;0,189375475;0,6135;1;137;31,5;0;1000083;336,1032333;72,53;0;-20;-15;-10;-5
RED;22:02,8;29:33,0;2,08;3;7,504233333;0,277176882;0,693333333;1;140;30;0;1000083;343,6074667;74,61;0;-20;-15;-10;-5
RED;47:47,2;58:19,1;2,02;3;10,5315;0,191805536;0,673333333;1;143;28,5;0;1000083;354,1389667;76,63;0;-20;-15;-10;-5
RED;35:12,1;30:20,2;55,83;32;295,13415;0,189168214;1,7446875;1;32;84;1;1000084;295,13415;55,83;0;-20;-15;-10;-5
RED;57:37,7;34:25,2;9,64;16;36,79265;0,262008852;0,6025;1;48;76;0;1000084;331,9268;65,47;0;-20;-15;-10;-5
RED;56:42,1;08:12,7;2,22;2;11,51026667;0,192871292;1,11;1;50;75;0;1000084;343,4370667;67,69;0;-20;-15;-10;-5
RED;12:53,0;29:53,9;3,43;6;17,01545;0,201581504;0,571666667;1;56;72;0;1000084;360,4525167;71,12;0;-20;-15;-10;-5
RED;42:32,5;55:02,3;2,62;4;12,49646667;0,209659264;0,655;1;60;70;0;1000084;372,9489833;73,74;0;-20;-15;-10;-5
RED;47:08,8;03:03,1;3,23;6;15,90413333;0,203091859;0,538333333;1;66;67;0;1000084;388,8531167;76,97;0;-20;-15;-10;-5
RED;06:22,1;20:45,8;2,82;5;14,39573333;0,195891375;0,564;1;71;64,5;0;1000084;403,24885;79,79;0;-20;-15;-10;-5
RED;34:42,5;42:37,7;1,61;5;7,920033333;0,203281973;0,322;1;76;62;0;1000084;411,1688833;81,4;0;-20;-15;-10;-5
RED;41:19,2;46:39,8;1,01;2;5,344916667;0,188964593;0,505;1;78;61;0;1000084;416,5138;82,41;0;-20;-15;-10;-5
RED;47:23,0;05:31,2;3,63;3;18,1376;0,200136733;1,21;1;81;59,5;0;1000084;434,6514;86,04;0;-20;-15;-10;-5
RED;08:10,8;12:30,8;0,81;2;4,332966667;0,186938895;0,405;1;83;58,5;0;1000084;438,9843667;86,85;0;-20;-15;-10;-5
RED;37:29,9;36:55,1;20,39;9;119,4199833;0,170741943;2,265555556;1;92;54;0;1000084;558,40435;107,24;18,40435;-1,59565;3,40435;8,40435;13,40435
RED;46:54,0;56:17,3;2,02;3;9,388533333;0,215156077;0,673333333;1;95;52,5;0;1000084;567,7928833;109,26;27,79288333;7,792883333;12,79288333;17,79288333;22,79288333
RED;05:54,6;21:24,2;3,03;8;15,49263333;0,195576823;0,37875;1;103;48,5;0;1000084;583,2855167;112,29;43,28551667;23,28551667;28,28551667;33,28551667;38,28551667
RED;27:43,7;36:40,8;1,82;3;8,952366667;0,203298197;0,606666667;1;106;47;0;1000084;592,2378833;114,11;52,23788333;32,23788333;37,23788333;42,23788333;47,23788333
RED;44:10,6;00:36,2;4,61;8;16,42601667;0,280652339;0,57625;1;114;43;0;1000084;608,6639;118,72;68,6639;48,6639;53,6639;58,6639;63,6639
RED;04:24,7;15:34,9;2,22;4;11,16911667;0,198762361;0,555;1;118;41;0;1000084;619,8330167;120,94;79,83301667;59,83301667;64,83301667;69,83301667;74,83301667
RED;20:29,1;41:57,1;5,73;8;21,46663333;0,26692588;0,71625;1;126;37;0;1000084;641,29965;126,67;101,29965;81,29965;86,29965;91,29965;96,29965
RED;44:49,0;59:30,9;2,82;7;14,6978;0,191865449;0,402857143;1;133;33,5;0;1000084;655,99745;129,49;115,99745;95,99745;100,99745;105,99745;110,99745
RED;36:50,7;02:22,8;5,24;15;25,53468333;0,205211082;0,349333333;1;148;26;0;1000084;681,5321333;134,73;141,5321333;121,5321333;126,5321333;131,5321333;136,5321333
RED;29:27,7;41:12,0;2,42;4;11,73881667;0,206153658;0,605;1;152;24;0;1000084;693,27095;137,15;153,27095;133,27095;138,27095;143,27095;148,27095
RED;53:18,4;01:22,1;2,08;4;8,062233333;0,257993029;0,52;1;156;22;0;1000084;701,3331833;139,23;161,3331833;141,3331833;146,3331833;151,3331833;156,3331833
RED;34:45,1;51:26,7;3,35;7;16,69261667;0,20068753;0,478571429;1;7;96,5;1;1000085;16,69261667;3,35;0;-20;-15;-10;-5
RED;54:52,3;59:49,9;1,01;2;4,960133333;0,203623559;0,505;1;9;95,5;0;1000085;21,65275;4,36;0;-20;-15;-10;-5
RED;37:16,9;52:06,0;3,91;7;14,81786667;0,263870643;0,558571429;1;16;92;0;1000085;36,47061667;8,27;0;-20;-15;-10;-5
RED;54:06,8;14:30,2;4,15;10;20,3901;0,203530145;0,415;1;26;87;0;1000085;56,86071667;12,42;0;-20;-15;-10;-5
RED;40:53,2;54:36,0;2,74;3;13,71286667;0,199812342;0,913333333;1;29;85,5;0;1000085;70,57358333;15,16;0;-20;-15;-10;-5
RED;22:48,8;50:12,7;5,45;9;27,39905;0,198912006;0,605555556;1;38;81;0;1000085;97,97263333;20,61;0;-20;-15;-10;-5
RED;50:46,9;08:52,4;3,55;4;18,09078333;0,19623252;0,8875;1;42;79;0;1000085;116,0634167;24,16;0;-20;-15;-10;-5
RED;21:40,4;47:32,7;6,77;20;25,87241667;0,261668637;0,3385;1;62;69;0;1000085;141,9358333;30,93;0;-20;-15;-10;-5
RED;50:30,0;05:13,8;3,03;4;14,73136667;0,205683564;0,7575;1;66;67;0;1000085;156,6672;33,96;0;-20;-15;-10;-5
RED;30:30,5;45:03,8;2,82;6;14,55501667;0,193747631;0,47;1;72;64;0;1000085;171,2222167;36,78;0;-20;-15;-10;-5
RED;47:58,7;59:40,6;2,22;6;11,69713333;0,189790091;0,37;1;78;61;0;1000085;182,91935;39;0;-20;-15;-10;-5
RED;15:33,6;36:37,0;4,24;11;21,05643333;0,201363637;0,385454545;1;89;55,5;0;1000085;203,9757833;43,24;0;-20;-15;-10;-5
RED;44:52,9;37:36,3;15,14;16;52,72433333;0,287153939;0,94625;1;105;47,5;0;1000085;256,7001167;58,38;0;-20;-15;-10;-5
RED;39:43,9;50:45,1;2,22;4;11,01923333;0,201465922;0,555;1;109;45,5;0;1000085;267,71935;60,6;0;-20;-15;-10;-5
RED;50:53,3;02:13,9;2,22;5;11,34398333;0,195698454;0,444;1;114;43;0;1000085;279,0633333;62,82;0;-20;-15;-10;-5
RED;21:46,6;33:31,8;2,22;5;11,75338333;0,188881783;0,444;1;119;40,5;0;1000085;290,8167167;65,04;0;-20;-15;-10;-5
RED;33:35,2;48:52,3;4,29;4;15,28611667;0,280646818;1,0725;1;123;38,5;0;1000085;306,1028333;69,33;0;-20;-15;-10;-5
RED;54:29,3;13:30,9;3,83;7;19,02691667;0,201293781;0,547142857;1;130;35;0;1000085;325,12975;73,16;0;-20;-15;-10;-5
RED;13:41,9;35:52,9;4,44;10;22,18405;0,200143797;0,444;1;140;30;0;1000085;347,3138;77,6;0;-20;-15;-10;-5
RED;43:50,2;57:33,8;2,82;4;13,7264;0,205443525;0,705;1;144;28;0;1000085;361,0402;80,42;0;-20;-15;-10;-5
RED;58:23,7;13:32,3;3,23;5;15,14343333;0,213293771;0,646;1;149;25,5;0;1000085;376,1836333;83,65;0;-20;-15;-10;-5
RED;41:35,3;05:40,8;4,67;8;24,09121667;0,193846582;0,58375;1;157;21,5;0;1000085;400,27485;88,32;0;-20;-15;-10;-5
RED;06:23,5;19:43,6;2,82;4;13,33496667;0,211474094;0,705;1;4;98;1;1000086;13,33496667;2,82;0;-20;-15;-10;-5
RED;02:07,2;40:40,4;9,26;25;38,55263333;0,240191115;0,3704;1;29;85,5;0;1000086;51,8876;12,08;0;-20;-15;-10;-5
RED;43:47,8;57:01,0;3,71;6;13,22048333;0,280625141;0,618333333;1;35;82,5;0;1000086;65,10808333;15,79;0;-20;-15;-10;-5
RED;30:24,8;50:13,1;5,21;9;19,806;0,263051601;0,578888889;1;44;78;0;1000086;84,91408333;21;0;-20;-15;-10;-5
RED;28:25,3;46:57,4;3,83;8;18,53501667;0,206635908;0,47875;1;52;74;0;1000086;103,4491;24,83;0;-20;-15;-10;-5
RED;47:01,1;00:58,1;2,82;5;13,9506;0,202141843;0,564;1;57;71,5;0;1000086;117,3997;27,65;0;-20;-15;-10;-5
RED;06:01,0;17:41,8;2,42;4;11,67915;0,20720686;0,605;1;61;69,5;0;1000086;129,07885;30,07;0;-20;-15;-10;-5
RED;32:56,1;43:24,7;2,02;4;10,47641667;0,192814019;0,505;1;65;67,5;0;1000086;139,5552667;32,09;0;-20;-15;-10;-5
RED;18:29,1;36:59,9;3,75;4;18,51275;0,202563098;0,9375;1;69;65,5;0;1000086;158,0680167;35,84;0;-20;-15;-10;-5
RED;51:48,8;59:47,5;1,61;2;7,978333333;0,201796532;0,805;1;71;64,5;0;1000086;166,04635;37,45;0;-20;-15;-10;-5
RED;40:45,7;57:28,1;3,1;6;16,70803333;0,185539491;0,516666667;1;77;61,5;0;1000086;182,7543833;40,55;0;-20;-15;-10;-5
RED;18:53,5;38:40,4;5,71;9;19,78191667;0,28864746;0,634444444;1;86;57;0;1000086;202,5363;46,26;0;-20;-15;-10;-5
RED;43:41,9;53:19,2;2,02;4;9,621633333;0,209943565;0,505;1;90;55;0;1000086;212,1579333;48,28;0;-20;-15;-10;-5
RED;53:42,4;16:25,4;4,64;11;22,71621667;0,204259365;0,421818182;1;101;49,5;0;1000086;234,87415;52,92;0;-20;-15;-10;-5
RED;17:30,5;35:45,8;4,51;5;18,25591667;0,247043196;0,902;1;106;47;0;1000086;253,1300667;57,43;0;-20;-15;-10;-5
RED;52:04,8;58:38,2;1,41;2;6,555916667;0,215072899;0,705;1;108;46;0;1000086;259,6859833;58,84;0;-20;-15;-10;-5
RED;38:35,6;54:20,6;3,06;7;15,74903333;0,194297639;0,437142857;1;115;42,5;0;1000086;275,4350167;61,9;0;-20;-15;-10;-5
RED;56:23,9;26:09,2;5,88;7;29,75431667;0,197618385;0,84;1;122;39;0;1000086;305,1893333;67,78;0;-20;-15;-10;-5
RED;09:54,3;17:40,5;2,08;4;7,7697;0,267706604;0,52;1;126;37;0;1000086;312,9590333;69,86;0;-20;-15;-10;-5
RED;19:09,2;41:56,4;4,64;7;22,78661667;0,203628299;0,662857143;1;133;33,5;0;1000086;335,74565;74,5;0;-20;-15;-10;-5
RED;22:22,6;27:38,3;1,71;2;5,261466667;0,325004435;0,855;1;135;32,5;0;1000086;341,0071167;76,21;0;-20;-15;-10;-5
RED;21:11,0;30:10,9;1,82;4;8,997366667;0,202281408;0,455;1;139;30,5;0;1000086;350,0044833;78,03;0;-20;-15;-10;-5
RED;26:54,9;55:30,7;5,77;17;28,5976;0,201765183;0,339411765;1;156;22;0;1000086;378,6020833;83,8;0;-20;-15;-10;-5
RED;30:44,1;08:37,3;7,21;10;37,88743333;0,190300566;0,721;1;10;95;1;1000087;37,88743333;7,21;0;-20;-15;-10;-5
RED;15:25,1;29:32,8;2,82;8;14,1279;0,199605037;0,3525;1;18;91;0;1000087;52,01533333;10,03;0;-20;-15;-10;-5
RED;09:26,7;29:54,3;4,24;10;20,46023333;0,207231263;0,424;1;28;86;0;1000087;72,47556667;14,27;0;-20;-15;-10;-5
RED;02:09,7;20:39,9;3,55;5;18,50276667;0,191863199;0,71;1;33;83,5;0;1000087;90,97833333;17,82;0;-20;-15;-10;-5
RED;21:35,2;34:04,1;2,62;4;12,48213333;0,209900017;0,655;1;37;81,5;0;1000087;103,4604667;20,44;0;-20;-15;-10;-5
RED;26:19,8;42:07,4;3,23;8;15,79268333;0,204525091;0,40375;1;45;77,5;0;1000087;119,25315;23,67;0;-20;-15;-10;-5
RED;11:46,1;24:21,1;2,42;5;12,58276667;0,192326542;0,484;1;50;75;0;1000087;131,8359167;26,09;0;-20;-15;-10;-5
RED;31:50,7;11:06,4;10,22;21;39,26105;0,260308881;0,486666667;1;71;64,5;0;1000087;171,0969667;36,31;0;-20;-15;-10;-5
RED;19:07,8;32:47,1;3,65;6;13,65498333;0,267301681;0,608333333;1;77;61,5;0;1000087;184,75195;39,96;0;-20;-15;-10;-5
RED;51:23,2;59:57,2;1,61;2;8,567016667;0,187930065;0,805;1;79;60,5;0;1000087;193,3189667;41,57;0;-20;-15;-10;-5
RED;00:01,4;11:00,7;2,14;3;10,98853333;0,194748465;0,713333333;1;82;59;0;1000087;204,3075;43,71;0;-20;-15;-10;-5
RED;11:32,5;19:54,2;1,61;2;8,3616;0,192546881;0,805;1;84;58;0;1000087;212,6691;45,32;0;-20;-15;-10;-5
RED;22:14,6;43:59,2;5,73;7;21,74333333;0,263529051;0,818571429;1;91;54,5;0;1000087;234,4124333;51,05;0;-20;-15;-10;-5
RED;46:25,2;25:20,2;10,64;14;38,9177;0,273397452;0,76;1;105;47,5;0;1000087;273,3301333;61,69;0;-20;-15;-10;-5
RED;05:28,9;44:20,5;7,87;8;38,85926667;0,202525695;0,98375;1;113;43,5;0;1000087;312,1894;69,56;0;-20;-15;-10;-5
RED;20:14,2;34:16,2;2,82;3;14,03341667;0,200948925;0,94;1;116;42;0;1000087;326,2228167;72,38;0;-20;-15;-10;-5
RED;35:23,7;45:09,1;2,02;2;9,75665;0,207038276;1,01;1;118;41;0;1000087;335,9794667;74,4;0;-20;-15;-10;-5
RED;45:31,0;57:43,5;12,49;10;72,20896667;0,172970208;1,249;1;128;36;0;1000087;408,1884333;86,89;0;-20;-15;-10;-5
RED;21:59,4;35:21,3;2,62;4;13,3649;0,196035885;0,655;1;132;34;0;1000087;421,5533333;89,51;0;-20;-15;-10;-5
RED;21:55,1;40:37,7;3,83;7;18,70938333;0,204710114;0,547142857;1;139;30,5;0;1000087;440,2627167;93,34;0;-20;-15;-10;-5
RED;50:52,6;13:55,3;4,64;8;23,04503333;0,201344903;0,58;1;147;26,5;0;1000087;463,30775;97,98;0;-20;-15;-10;-5
RED;15:37,4;22:31,0;1,41;1;6,893016667;0,204554851;1,41;1;148;26;0;1000087;470,2007667;99,39;0;-20;-15;-10;-5
RED;43:51,3;04:41,2;4,24;5;20,83105;0,203542308;0,848;1;153;23,5;0;1000087;491,0318167;103,63;0;-20;-15;-10;-5
RED;43:24,6;08:22,4;5,04;13;24,9618;0,201908516;0,387692308;1;13;93,5;1;1000088;24,9618;5,04;0;-20;-15;-10;-5
RED;23:11,0;47:29,1;5,04;10;24,30098333;0,207399015;0,504;1;23;88,5;0;1000088;49,26278333;10,08;0;-20;-15;-10;-5
RED;47:30,9;14:42,0;5,45;11;27,18643333;0,200467635;0,495454545;1;34;83;0;1000088;76,44921667;15,53;0;-20;-15;-10;-5
RED;15:18,9;29:31,5;2,82;5;14,20903333;0,198465296;0,564;1;39;80,5;0;1000088;90,65825;18,35;0;-20;-15;-10;-5
RED;24:47,0;53:12,9;6,55;7;28,43143333;0,230378818;0,935714286;1;46;77;0;1000088;119,0896833;24,9;0;-20;-15;-10;-5
RED;32:04,3;45:28,9;2,62;4;13,41028333;0,195372457;0,655;1;50;75;0;1000088;132,4999667;27,52;0;-20;-15;-10;-5
RED;52:49,0;10:49,5;3,63;6;18,00968333;0,201558236;0,605;1;56;72;0;1000088;150,50965;31,15;0;-20;-15;-10;-5
RED;30:59,8;38:51,7;1,41;3;7,864566667;0,179285148;0,47;1;59;70,5;0;1000088;158,3742167;32,56;0;-20;-15;-10;-5
RED;59:05,5;07:01,8;1,61;2;7,938683333;0,202804411;0,805;1;61;69,5;0;1000088;166,3129;34,17;0;-20;-15;-10;-5
RED;14:12,9;18:46,8;1,3;1;4,564316667;0,2848181;1,3;1;62;69;0;1000088;170,8772167;35,47;0;-20;-15;-10;-5
RED;18:49,6;29:38,0;3,14;4;10,8053;0,290598132;0,785;1;66;67;0;1000088;181,6825167;38,61;0;-20;-15;-10;-5
RED;31:44,7;42:50,4;2,22;4;11,0945;0,200099148;0,555;1;70;65;0;1000088;192,7770167;40,83;0;-20;-15;-10;-5
RED;59:43,9;03:23,0;0,81;1;3,652433333;0,221769962;0,81;1;71;64,5;0;1000088;196,42945;41,64;0;-20;-15;-10;-5
RED;03:38,6;21:07,2;3,51;7;17,47718333;0,200833277;0,501428571;1;78;61;0;1000088;213,9066333;45,15;0;-20;-15;-10;-5
RED;25:58,8;50:08,0;4,84;12;24,15266667;0,200391951;0,403333333;1;90;55;0;1000088;238,0593;49,99;0;-20;-15;-10;-5
RED;29:41,1;48:20,2;4,95;6;18,65183333;0,265389461;0,825;1;96;52;0;1000088;256,7111333;54,94;0;-20;-15;-10;-5
RED;51:09,1;19:23,2;8,03;12;28,23491667;0,284399635;0,669166667;1;108;46;0;1000088;284,94605;62,97;0;-20;-15;-10;-5
RED;24:08,5;38:08,6;2,82;4;14,00178333;0,201402917;0,705;1;112;44;0;1000088;298,9478333;65,79;0;-20;-15;-10;-5
RED;41:53,6;07:19,6;5,24;7;25,43443333;0,206019923;0,748571429;1;119;40,5;0;1000088;324,3822667;71,03;0;-20;-15;-10;-5
RED;52:58,0;32:03,3;7,87;7;39,08836667;0,201338676;1,124285714;1;126;37;0;1000088;363,4706333;78,9;0;-20;-15;-10;-5
RED;48:12,8;25:25,5;8,43;7;37,21118333;0,226544798;1,204285714;1;133;33,5;0;1000088;400,6818167;87,33;0;-20;-15;-10;-5
RED;49:10,1;06:34,5;13,01;5;77,40648333;0,168073777;2,602;1;138;31;0;1000088;478,0883;100,34;0;-20;-15;-10;-5
RED;06:56,9;27:14,2;3,95;6;20,28865;0,194690135;0,658333333;1;144;28;0;1000088;498,37695;104,29;0;-20;-15;-10;-5
RED;27:19,6;00:24,5;6,66;10;33,08093333;0,201324429;0,666;1;154;23;0;1000088;531,4578833;110,95;0;-20;-15;-10;-5
RED;40:54,0;49:14,5;1,73;2;8,341066667;0,207407526;0,865;1;156;22;0;1000088;539,79895;112,68;0;-20;-15;-10;-5
RED;13:06,8;53:50,5;11,71;21;40,72778333;0,287518717;0,557619048;1;21;89,5;1;1000089;40,72778333;11,71;0;-20;-15;-10;-5
RED;57:21,8;08:35,7;2,22;4;11,23068333;0,197672745;0,555;1;25;87,5;0;1000089;51,95846667;13,93;0;-20;-15;-10;-5
RED;16:55,8;46:55,0;5,88;13;29,98646667;0,196088458;0,452307692;1;38;81;0;1000089;81,94493333;19,81;0;-20;-15;-10;-5
RED;53:12,4;04:25,2;2,22;2;11,21355;0,197974772;1,11;1;40;80;0;1000089;93,15848333;22,03;0;-20;-15;-10;-5
RED;14:55,2;28:27,0;2,82;4;13,52988333;0,208427518;0,705;1;44;78;0;1000089;106,6883667;24,85;0;-20;-15;-10;-5
RED;32:46,1;54:44,9;6,29;9;21,9809;0,286157528;0,698888889;1;53;73,5;0;1000089;128,6692667;31,14;0;-20;-15;-10;-5
RED;55:25,3;26:53,4;8,89;14;31,46891667;0,282500986;0,635;1;67;66,5;0;1000089;160,1381833;40,03;0;-20;-15;-10;-5
RED;28:35,9;43:25,2;2,82;5;14,82058333;0,190275911;0,564;1;72;64;0;1000089;174,9587667;42,85;0;-20;-15;-10;-5
RED;44:00,3;56:07,8;3,13;6;12,12506667;0,258142911;0,521666667;1;78;61;0;1000089;187,0838333;45,98;0;-20;-15;-10;-5
RED;58:18,3;14:06,8;3,14;6;15,80793333;0,198634441;0,523333333;1;84;58;0;1000089;202,8917667;49,12;0;-20;-15;-10;-5
RED;23:57,6;34:27,1;2,87;3;10,49103333;0,273566951;0,956666667;1;87;56,5;0;1000089;213,3828;51,99;0;-20;-15;-10;-5
RED;39:11,0;45:28,5;1,41;2;6,291733333;0,224103586;0,705;1;89;55,5;0;1000089;219,6745333;53,4;0;-20;-15;-10;-5
RED;45:42,4;11:40,2;5,08;13;25,9645;0,195651755;0,390769231;1;102;49;0;1000089;245,6390333;58,48;0;-20;-15;-10;-5
RED;41:22,8;49:47,3;2,08;4;8,408716667;0,24736236;0,52;1;106;47;0;1000089;254,04775;60,56;0;-20;-15;-10;-5
RED;15:20,1;32:30,2;3,43;6;17,16848333;0,199784683;0,571666667;1;112;44;0;1000089;271,2162333;63,99;0;-20;-15;-10;-5
RED;50:31,9;05:40,5;2,94;3;15,14336667;0,194144411;0,98;1;115;42,5;0;1000089;286,3596;66,93;0;-20;-15;-10;-5
RED;18:09,3;15:45,1;16,57;37;57,59693333;0,287688928;0,447837838;1;152;24;0;1000089;343,9565333;83,5;0;-20;-15;-10;-5
RED;02:35,8;06:50,6;0,81;1;4,246916667;0,190726606;0,81;1;153;23,5;0;1000089;348,20345;84,31;0;-20;-15;-10;-5
RED;13:49,6;49:35,3;6,68;18;35,76211667;0,186789839;0,371111111;1;18;91;1;1000090;35,76211667;6,68;0;-20;-15;-10;-5
RED;51:13,0;59:20,7;1,61;2;8,128433333;0,198070149;0,805;1;20;90;0;1000090;43,89055;8,29;0;-20;-15;-10;-5
RED;30:53,6;43:54,1;2,62;7;13,00861667;0,201404966;0,374285714;1;27;86,5;0;1000090;56,89916667;10,91;0;-20;-15;-10;-5
RED;49:09,6;03:09,3;2,82;4;13,99611667;0,201484459;0,705;1;31;84,5;0;1000090;70,89528333;13,73;0;-20;-15;-10;-5
RED;11:10,4;26:34,0;3,03;4;15,39246667;0,196849541;0,7575;1;35;82,5;0;1000090;86,28775;16,76;0;-20;-15;-10;-5
RED;31:39,3;23:41,9;10,31;15;52,04283333;0,198106047;0,687333333;1;50;75;0;1000090;138,3305833;27,07;0;-20;-15;-10;-5
RED;21:41,2;32:02,6;1,85;3;10,35751667;0,178614243;0,616666667;1;53;73,5;0;1000090;148,6881;28,92;0;-20;-15;-10;-5
RED;41:21,1;00:31,5;4,95;4;19,17328333;0,258171744;1,2375;1;57;71,5;0;1000090;167,8613833;33,87;0;-20;-15;-10;-5
RED;01:39,2;05:28,3;0,68;0;3,818866667;0,1780633;inf;1;57;71,5;0;1000090;171,68025;34,55;0;-20;-15;-10;-5
RED;13:21,1;29:56,5;3,43;7;16,59031667;0,206747109;0,49;1;64;68;0;1000090;188,2705667;37,98;0;-20;-15;-10;-5
RED;18:30,3;36:58,3;4,69;6;18,46695;0,253967223;0,781666667;1;70;65;0;1000090;206,7375167;42,67;0;-20;-15;-10;-5
RED;37:30,7;45:22,0;28,29;26;127,8539833;0,221268038;1,088076923;1;96;52;0;1000090;334,5915;70,96;0;-20;-15;-10;-5
RED;18:04,4;35:40,2;3,26;5;17,59693333;0,185259553;0,652;1;101;49,5;0;1000090;352,1884333;74,22;0;-20;-15;-10;-5
RED;43:35,4;09:35,7;5,24;15;26,00426667;0,201505394;0,349333333;1;116;42;0;1000090;378,1927;79,46;0;-20;-15;-10;-5
RED;14:51,8;32:11,8;3,63;8;17,3333;0,20942348;0,45375;1;124;38;0;1000090;395,526;83,09;0;-20;-15;-10;-5
RED;34:33,9;12:33,0;7,66;18;37,98506667;0,201658196;0,425555556;1;142;29;0;1000090;433,5110667;90,75;0;-20;-15;-10;-5
RED;40:31,6;59:13,7;4,95;8;18,70055;0,264698097;0,61875;1;150;25;0;1000090;452,2116167;95,7;0;-20;-15;-10;-5
RED;24:45,1;36:51,1;3,13;4;12,09883333;0,25870263;0,7825;1;154;23;0;1000090;464,31045;98,83;0;-20;-15;-10;-5
RED;23:20,4;35:46,7;2,42;3;12,43833333;0,194559828;0,806666667;1;157;21,5;0;1000090;476,7487833;101,25;0;-20;-15;-10;-5
RED;18:20,7;47:27,2;15,76;11;89,10843333;0,17686317;1,432727273;1;11;94,5;1;1000091;89,10843333;15,76;0;-20;-15;-10;-5
RED;45:13,7;10:57,7;5,24;10;25,73318333;0,20362813;0,524;1;21;89,5;0;1000091;114,8416167;21;0;-20;-15;-10;-5
RED;10:32,9;15:04,9;14,41;12;64,53336667;0,223295339;1,200833333;1;33;83,5;0;1000091;179,3749833;35,41;0;-20;-15;-10;-5
RED;19:32,1;35:40,9;3,23;6;16,14666667;0,200041288;0,538333333;1;39;80,5;0;1000091;195,52165;38,64;0;-20;-15;-10;-5
RED;01:53,3;11:05,1;1,82;3;9,197;0,197890617;0,606666667;1;42;79;0;1000091;204,71865;40,46;0;-20;-15;-10;-5
RED;36:58,8;49:15,1;2,42;4;12,27131667;0,197207852;0,605;1;46;77;0;1000091;216,9899667;42,88;0;-20;-15;-10;-5
RED;14:38,6;24:24,6;2,02;5;9,765633333;0,206847823;0,404;1;51;74,5;0;1000091;226,7556;44,9;0;-20;-15;-10;-5
RED;51:29,0;13:59,6;5,53;7;22,51125;0,24565495;0,79;1;58;71;0;1000091;249,26685;50,43;0;-20;-15;-10;-5
RED;16:22,5;46:29,3;6,05;4;30,11326667;0,200908127;1,5125;1;62;69;0;1000091;279,3801167;56,48;0;-20;-15;-10;-5
RED;56:17,2;20:13,3;4,84;7;23,93501667;0,20221419;0,691428571;1;69;65,5;0;1000091;303,3151333;61,32;0;-20;-15;-10;-5
RED;43:52,9;56:37,7;2,62;3;12,74606667;0,205553609;0,873333333;1;72;64;0;1000091;316,0612;63,94;0;-20;-15;-10;-5
RED;57:03,5;58:52,6;0,4;0;1,819033333;0,219897015;inf;1;72;64;0;1000091;317,8802333;64,34;0;-20;-15;-10;-5
RED;59:47,2;19:56,2;4,24;10;20,1501;0,210420792;0,424;1;82;59;0;1000091;338,0303333;68,58;0;-20;-15;-10;-5
RED;46:01,6;50:51,7;1,01;1;4,835033333;0,208892045;1,01;1;83;58,5;0;1000091;342,8653667;69,59;0;-20;-15;-10;-5
RED;31:15,1;55:56,6;5,04;11;24,6913;0,20412048;0,458181818;1;94;53;0;1000091;367,5566667;74,63;0;-20;-15;-10;-5
RED;05:32,6;18:27,5;2,62;7;12,91386667;0,202882689;0,374285714;1;101;49,5;0;1000091;380,4705333;77,25;0;-20;-15;-10;-5
RED;24:57,5;12:21,4;9,35;13;47,39841667;0,197263973;0,719230769;1;114;43;0;1000091;427,86895;86,6;0;-20;-15;-10;-5
RED;13:06,9;10:41,3;21,43;17;117,57295;0,182269816;1,260588235;1;131;34,5;0;1000091;545,4419;108,03;5,4419;-14,5581;-9,5581;-4,5581;0,4419
RED;15:52,3;23:34,8;1,41;3;7,708;0,182926829;0,47;1;134;33;0;1000091;553,1499;109,44;13,1499;-6,8501;-1,8501;3,1499;8,1499
RED;53:38,6;12:28,0;3,83;6;18,8233;0,20347123;0,638333333;1;140;30;0;1000091;571,9732;113,27;31,9732;11,9732;16,9732;21,9732;26,9732
RED;27:01,4;46:57,8;4,03;5;19,94156667;0,202090441;0,806;1;145;27,5;0;1000091;591,9147667;117,3;51,91476667;31,91476667;36,91476667;41,91476667;46,91476667
RED;14:39,2;24:46,7;2,61;2;10,12358333;0,25781385;1,305;1;147;26,5;0;1000091;602,03835;119,91;62,03835;42,03835;47,03835;52,03835;57,03835
RED;25:37,8;52:57,9;66,39;36;867,3344167;0,07654487;1,844166667;1;36;82;1;1000092;867,3344167;66,39;327,3344167;307,3344167;312,3344167;317,3344167;322,3344167
RED;56:19,6;10:55,7;3,65;5;14,60205;0,249964902;0,73;1;41;79,5;0;1000092;881,9364667;70,04;341,9364667;321,9364667;326,9364667;331,9364667;336,9364667
RED;13:20,9;50:43,1;7,46;19;37,36906667;0,199630354;0,392631579;1;60;70;0;1000092;919,3055333;77,5;379,3055333;359,3055333;364,3055333;369,3055333;374,3055333
RED;53:21,0;09:43,9;3,23;5;16,3813;0,197176048;0,646;1;65;67,5;0;1000092;935,6868333;80,73;395,6868333;375,6868333;380,6868333;385,6868333;390,6868333
RED;32:24,6;10:29,4;10,86;36;38,08003333;0,285188826;0,301666667;1;101;49,5;0;1000092;973,7668667;91,59;433,7668667;413,7668667;418,7668667;423,7668667;428,7668667
RED;31:46,2;47:29,7;3,14;6;15,72535;0,199677591;0,523333333;1;107;46,5;0;1000092;989,4922167;94,73;449,4922167;429,4922167;434,4922167;439,4922167;444,4922167
RED;57:23,3;09:52,3;2,34;4;12,4828;0,187457942;0,585;1;111;44,5;0;1000092;1001,975017;97,07;461,9750167;441,9750167;446,9750167;451,9750167;456,9750167
RED;09:56,4;22:47,0;2,17;1;12,8431;0,168962322;2,17;1;112;44;0;1000092;1014,818117;99,24;474,8181167;454,8181167;459,8181167;464,8181167;469,8181167
RED;33:21,7;57:39,6;4,84;13;24,29901667;0,199185015;0,372307692;1;125;37,5;0;1000092;1039,117133;104,08;499,1171333;479,1171333;484,1171333;489,1171333;494,1171333
RED;59:35,4;09:31,1;2,02;4;9,928483333;0,203455043;0,505;1;129;35,5;0;1000092;1049,045617;106,1;509,0456167;489,0456167;494,0456167;499,0456167;504,0456167
RED;10:53,4;35:33,0;4,63;10;24,66051667;0,187749513;0,463;1;139;30,5;0;1000092;1073,706133;110,73;533,7061333;513,7061333;518,7061333;523,7061333;528,7061333
RED;37:07,5;44:22,5;1,41;2;7,25005;0,194481417;0,705;1;141;29,5;0;1000092;1080,956183;112,14;540,9561833;520,9561833;525,9561833;530,9561833;535,9561833
RED;54:39,1;07:48,2;2,62;5;13,15243333;0,199202682;0,524;1;146;27;0;1000092;1094,108617;114,76;554,1086167;534,1086167;539,1086167;544,1086167;549,1086167
RED;15:53,3;35:13,3;3,83;8;19,33256667;0,198111304;0,47875;1;154;23;0;1000092;1113,441183;118,59;573,4411833;553,4411833;558,4411833;563,4411833;568,4411833
RED;29:33,3;34:06,7;1,01;1;4,55665;0,221654066;1,01;1;155;22,5;0;1000092;1117,997833;119,6;577,9978333;557,9978333;562,9978333;567,9978333;572,9978333
RED;59:16,3;07:26,3;1,61;2;8,16765;0,197119122;0,805;1;157;21,5;0;1000092;1126,165483;121,21;586,1654833;566,1654833;571,1654833;576,1654833;581,1654833
RED;13:25,4;36:06,6;4,44;20;22,68608333;0,1957147;0,222;1;20;90;1;1000093;22,68608333;4,44;0;-20;-15;-10;-5
RED;37:10,6;49:15,1;2,42;3;12,07446667;0,200422931;0,806666667;1;23;88,5;0;1000093;34,76055;6,86;0;-20;-15;-10;-5
RED;54:57,1;08:37,2;2,82;4;13,66843333;0,206314793;0,705;1;27;86,5;0;1000093;48,42898333;9,68;0;-20;-15;-10;-5
RED;10:01,2;30:15,7;4,03;9;20,24188333;0,199092146;0,447777778;1;36;82;0;1000093;68,67086667;13,71;0;-20;-15;-10;-5
RED;41:51,9;52:47,9;2,22;4;10,93366667;0,20304259;0,555;1;40;80;0;1000093;79,60453333;15,93;0;-20;-15;-10;-5
RED;32:51,4;40:03,1;1,41;3;7,1945;0,195983043;0,47;1;43;78,5;0;1000093;86,79903333;17,34;0;-20;-15;-10;-5
RED;51:55,0;04:07,2;2,42;5;12,20356667;0,198302682;0,484;1;48;76;0;1000093;99,0026;19,76;0;-20;-15;-10;-5
RED;08:46,1;17:58,5;2,34;4;9,206166667;0,254177454;0,585;1;52;74;0;1000093;108,2087667;22,1;0;-20;-15;-10;-5
RED;16:02,6;34:59,4;3,83;9;18,94691667;0,202143709;0,425555556;1;61;69,5;0;1000093;127,1556833;25,93;0;-20;-15;-10;-5
RED;36:22,1;55:18,4;3,51;4;18,93793333;0,185342294;0,8775;1;65;67,5;0;1000093;146,0936167;29,44;0;-20;-15;-10;-5
RED;05:16,8;50:48,2;9,28;26;45,52361667;0,203850236;0,356923077;1;91;54,5;0;1000093;191,6172333;38,72;0;-20;-15;-10;-5
RED;33:48,2;48:00,6;2,82;6;14,2068;0,198496495;0,47;1;97;51,5;0;1000093;205,8240333;41,54;0;-20;-15;-10;-5
RED;01:17,1;07:45,5;1,41;3;6,473066667;0,217825657;0,47;1;100;50;0;1000093;212,2971;42,95;0;-20;-15;-10;-5
RED;01:18,4;11:32,5;2,02;2;10,23435;0,197374528;1,01;1;102;49;0;1000093;222,53145;44,97;0;-20;-15;-10;-5
RED;47:03,0;06:53,9;4,03;8;19,84838333;0,203039206;0,50375;1;110;45;0;1000093;242,3798333;49;0;-20;-15;-10;-5
RED;09:36,1;35:30,8;6,77;20;25,91268333;0,26126202;0,3385;1;130;35;0;1000093;268,2925167;55,77;0;-20;-15;-10;-5
RED;40:11,7;55:17,2;2,94;6;15,09161667;0,194810143;0,49;1;136;32;0;1000093;283,3841333;58,71;0;-20;-15;-10;-5
RED;43:28,4;45:59,0;0,61;0;2,508766667;0,243147363;inf;1;136;32;0;1000093;285,8929;59,32;0;-20;-15;-10;-5
RED;14:51,5;28:03,7;2,62;4;13,20478333;0,198412949;0,655;1;140;30;0;1000093;299,0976833;61,94;0;-20;-15;-10;-5
RED;33:22,7;11:39,6;7,87;15;38,2823;0,205578035;0,524666667;1;155;22,5;0;1000093;337,3799833;69,81;0;-20;-15;-10;-5
RED;14:10,1;21:29,5;1,61;3;7,323283333;0,219846745;0,536666667;1;158;21;0;1000093;344,7032667;71,42;0;-20;-15;-10;-5
RED;13:07,8;23:36,9;2,02;5;10,48613333;0,192635353;0,404;1;5;97,5;1;1000094;10,48613333;2,02;0;-20;-15;-10;-5
RED;31:29,3;47:15,5;3,23;8;15,77051667;0,204812567;0,40375;1;13;93,5;0;1000094;26,25665;5,25;0;-20;-15;-10;-5
RED;30:47,5;45:16,2;2,82;6;14,47785;0,194780302;0,47;1;19;90,5;0;1000094;40,7345;8,07;0;-20;-15;-10;-5
RED;23:40,8;53:01,9;6,05;11;29,35166667;0,206121174;0,55;1;30;85;0;1000094;70,08616667;14,12;0;-20;-15;-10;-5
RED;17:05,6;54:57,0;7,66;20;37,85731667;0,202338694;0,383;1;50;75;0;1000094;107,9434833;21,78;0;-20;-15;-10;-5
RED;00:25,3;10:11,9;2,61;3;9,776883333;0,266956239;0,87;1;53;73,5;0;1000094;117,7203667;24,39;0;-20;-15;-10;-5
RED;09:02,4;30:18,8;4,24;6;21,27423333;0,199302129;0,706666667;1;59;70,5;0;1000094;138,9946;28,63;0;-20;-15;-10;-5
RED;29:43,9;02:00,2;8,34;13;32,27243333;0,258424889;0,641538462;1;72;64;0;1000094;171,2670333;36,97;0;-20;-15;-10;-5
RED;13:49,1;33:31,4;5,21;3;19,70536667;0,264394979;1,736666667;1;75;62,5;0;1000094;190,9724;42,18;0;-20;-15;-10;-5
RED;33:50,5;43:51,1;2,02;4;10,01076667;0,201782747;0,505;1;79;60,5;0;1000094;200,9831667;44,2;0;-20;-15;-10;-5
RED;47:25,6;56:54,4;2,34;4;9,48095;0,24681071;0,585;1;83;58,5;0;1000094;210,4641167;46,54;0;-20;-15;-10;-5
RED;59:56,8;13:04,2;2,62;8;13,12321667;0,199646174;0,3275;1;91;54,5;0;1000094;223,5873333;49,16;0;-20;-15;-10;-5
RED;43:07,3;54:41,6;2,42;4;11,57233333;0,209119452;0,605;1;95;52,5;0;1000094;235,1596667;51,58;0;-20;-15;-10;-5
RED;39:52,4;57:52,4;5,14;5;17,99998333;0,28555582;1,028;1;100;50;0;1000094;253,15965;56,72;0;-20;-15;-10;-5
RED;12:48,8;24:52,6;2,42;7;12,06291667;0,200614832;0,345714286;1;107;46,5;0;1000094;265,2225667;59,14;0;-20;-15;-10;-5
RED;35:02,3;54:50,9;3,67;5;19,81101667;0,185250462;0,734;1;112;44;0;1000094;285,0335833;62,81;0;-20;-15;-10;-5
RED;00:15,9;17:52,2;3,63;6;17,6049;0,206192594;0,605;1;118;41;0;1000094;302,6384833;66,44;0;-20;-15;-10;-5
RED;56:44,2;20:18,2;4,84;10;23,56521667;0,20538746;0,484;1;128;36;0;1000094;326,2037;71,28;0;-20;-15;-10;-5
RED;06:57,5;14:34,6;1,41;1;7,617516667;0,185099693;1,41;1;129;35,5;0;1000094;333,8212167;72,69;0;-20;-15;-10;-5
RED;39:55,9;55:25,1;3,03;5;15,48625;0,195657438;0,606;1;134;33;0;1000094;349,3074667;75,72;0;-20;-15;-10;-5
RED;30:49,9;40:06,4;1,82;3;9,274433333;0,196238405;0,606666667;1;137;31,5;0;1000094;358,5819;77,54;0;-20;-15;-10;-5
RED;56:23,2;06:19,6;2,02;2;9,940533333;0,203208413;1,01;1;139;30,5;0;1000094;368,5224333;79,56;0;-20;-15;-10;-5
RED;07:52,6;17:18,9;2,34;3;9,439433333;0,247896237;0,78;1;142;29;0;1000094;377,9618667;81,9;0;-20;-15;-10;-5
RED;24:50,6;42:57,3;3,83;5;18,11123333;0,211470966;0,766;1;147;26,5;0;1000094;396,0731;85,73;0;-20;-15;-10;-5
RED;43:18,8;11:03,3;5,65;7;27,74055;0,203672963;0,807142857;1;154;23;0;1000094;423,81365;91,38;0;-20;-15;-10;-5
RED;22:44,7;34:10,5;2,42;4;11,43153333;0,211695136;0,605;1;158;21;0;1000094;435,2451833;93,8;0;-20;-15;-10;-5
RED;06:39,7;14:53,8;1,61;2;8,235066667;0,1955054;0,805;1;2;99;1;1000095;8,235066667;1,61;0;-20;-15;-10;-5
RED;39:42,0;01:59,2;4,44;9;22,28626667;0,199225831;0,493333333;1;11;94,5;0;1000095;30,52133333;6,05;0;-20;-15;-10;-5
RED;18:40,7;32:49,7;2,82;5;14,15063333;0,199284367;0,564;1;16;92;0;1000095;44,67196667;8,87;0;-20;-15;-10;-5
RED;34:23,6;06:28,2;6,45;9;32,0766;0,201081162;0,716666667;1;25;87,5;0;1000095;76,74856667;15,32;0;-20;-15;-10;-5
RED;15:19,9;41:27,0;5,24;19;26,1181;0,200627151;0,275789474;1;44;78;0;1000095;102,8666667;20,56;0;-20;-15;-10;-5
RED;41:47,3;59:46,4;4,49;7;17,98481667;0,249655033;0,641428571;1;51;74,5;0;1000095;120,8514833;25,05;0;-20;-15;-10;-5
RED;01:12,4;15:01,6;3,65;4;13,82018333;0,264106482;0,9125;1;55;72,5;0;1000095;134,6716667;28,7;0;-20;-15;-10;-5
RED;46:37,3;58:56,2;2,62;4;12,3156;0,212738316;0,655;1;59;70,5;0;1000095;146,9872667;31,32;0;-20;-15;-10;-5
RED;04:45,1;30:39,2;4,99;8;25,90168333;0,192651572;0,62375;1;67;66,5;0;1000095;172,88895;36,31;0;-20;-15;-10;-5
RED;02:02,8;19:22,0;3,63;5;17,31881667;0,209598616;0,726;1;72;64;0;1000095;190,2077667;39,94;0;-20;-15;-10;-5
RED;25:41,2;43:44,4;4,69;8;18,05303333;0,259790137;0,58625;1;80;60;0;1000095;208,2608;44,63;0;-20;-15;-10;-5
RED;09:14,9;26:59,7;3,63;7;17,74638333;0,20454872;0,518571429;1;87;56,5;0;1000095;226,0071833;48,26;0;-20;-15;-10;-5
RED;27:00,8;50:04,1;4,64;11;23,0548;0,201259608;0,421818182;1;98;51;0;1000095;249,0619833;52,9;0;-20;-15;-10;-5
RED;27:57,0;33:50,1;1,21;1;5,884783333;0,205615047;1,21;1;99;50,5;0;1000095;254,9467667;54,11;0;-20;-15;-10;-5
RED;38:10,7;43:30,6;1,01;2;5,331866667;0,189427092;0,505;1;101;49,5;0;1000095;260,2786333;55,12;0;-20;-15;-10;-5
RED;40:59,8;11:18,3;8,57;19;30,30821667;0,282761605;0,451052632;1;120;40;0;1000095;290,58685;63,69;0;-20;-15;-10;-5
RED;25:56,6;44:45,3;4,75;5;18,81275;0,252488339;0,95;1;125;37,5;0;1000095;309,3996;68,44;0;-20;-15;-10;-5
RED;49:04,1;08:14,2;3,83;6;19,1674;0,199818442;0,638333333;1;131;34,5;0;1000095;328,567;72,27;0;-20;-15;-10;-5
RED;10:11,4;22:42,1;3,39;3;12,51173333;0,270945672;1,13;1;134;33;0;1000095;341,0787333;75,66;0;-20;-15;-10;-5
RED;27:21,7;45:13,3;4,49;6;17,859;0,251413853;0,748333333;1;140;30;0;1000095;358,9377333;80,15;0;-20;-15;-10;-5
RED;47:17,6;07:30,1;4,24;7;20,20833333;0,209814433;0,605714286;1;147;26,5;0;1000095;379,1460667;84,39;0;-20;-15;-10;-5
RED;26:06,5;34:50,2;1,82;3;8,728816667;0,20850478;0,606666667;1;150;25;0;1000095;387,8748833;86,21;0;-20;-15;-10;-5
RED;43:05,1;17:47,2;7,06;29;34,70168333;0,203448344;0,243448276;1;29;85,5;1;1000096;34,70168333;7,06;0;-20;-15;-10;-5
RED;26:42,2;32:25,2;1,56;1;5,716366667;0,272900619;1,56;1;30;85;0;1000096;40,41805;8,62;0;-20;-15;-10;-5
RED;38:13,9;52:20,6;2,82;3;14,11218333;0,199827336;0,94;1;33;83,5;0;1000096;54,53023333;11,44;0;-20;-15;-10;-5
RED;03:55,9;24:48,9;6;6;20,8838;0,287304035;1;1;39;80,5;0;1000096;75,41403333;17,44;0;-20;-15;-10;-5
RED;55:19,9;37:39,1;7,93;9;42,32073333;0,187378606;0,881111111;1;48;76;0;1000096;117,7347667;25,37;0;-20;-15;-10;-5
RED;50:15,0;03:49,4;2,62;3;13,57233333;0,193039762;0,873333333;1;51;74,5;0;1000096;131,3071;27,99;0;-20;-15;-10;-5
RED;10:01,5;27:48,4;3,63;4;17,78106667;0,204149732;0,9075;1;55;72,5;0;1000096;149,0881667;31,62;0;-20;-15;-10;-5
RED;38:40,5;49:20,9;2,87;3;10,67321667;0,26889738;0,956666667;1;58;71;0;1000096;159,7613833;34,49;0;-20;-15;-10;-5
RED;51:04,2;05:39,6;3,03;5;14,5895;0,207683608;0,606;1;63;68,5;0;1000096;174,3508833;37,52;0;-20;-15;-10;-5
RED;15:31,5;27:28,7;2,42;3;11,95325;0,202455399;0,806666667;1;66;67;0;1000096;186,3041333;39,94;0;-20;-15;-10;-5
RED;28:08,8;41:03,7;2,62;3;12,91561667;0,2028552;0,873333333;1;69;65,5;0;1000096;199,21975;42,56;0;-20;-15;-10;-5
RED;44:18,7;04:11,5;4,03;5;19,87968333;0,202719527;0,806;1;74;63;0;1000096;219,0994333;46,59;0;-20;-15;-10;-5
RED;11:24,7;23:57,3;2,42;3;12,54373333;0,19292502;0,806666667;1;77;61,5;0;1000096;231,6431667;49,01;0;-20;-15;-10;-5
RED;38:12,3;10:53,7;6,45;10;32,69035;0,197305933;0,645;1;87;56,5;0;1000096;264,3335167;55,46;0;-20;-15;-10;-5
RED;39:42,2;46:42,3;1,41;1;7,001633333;0,201381582;1,41;1;88;56;0;1000096;271,33515;56,87;0;-20;-15;-10;-5
RED;47:57,2;58:48,4;2,87;4;10,85358333;0,264428798;0,7175;1;92;54;0;1000096;282,1887333;59,74;0;-20;-15;-10;-5
RED;07:45,1;01:41,7;23,8;27;113,9440833;0,208874382;0,881481481;1;119;40,5;0;1000096;396,1328167;83,54;0;-20;-15;-10;-5
RED;30:49,1;54:53,7;15,31;22;84,07711667;0,182094732;0,695909091;1;141;29,5;0;1000096;480,2099333;98,85;0;-20;-15;-10;-5
RED;05:53,4;24:55,9;3,87;3;19,04123333;0,203243137;1,29;1;144;28;0;1000096;499,2511667;102,72;0;-20;-15;-10;-5
RED;48:05,6;05:36,0;3,63;6;17,50675;0,207348594;0,605;1;150;25;0;1000096;516,7579167;106,35;0;-20;-15;-10;-5
RED;35:55,9;48:01,5;3,13;6;12,09418333;0,258802096;0,521666667;1;156;22;0;1000096;528,8521;109,48;0;-20;-15;-10;-5
RED;02:19,2;16:15,0;2,82;6;13,9289;0,202456763;0,47;1;6;97;1;1000097;13,9289;2,82;0;-20;-15;-10;-5
RED;17:48,1;19:18,4;14,54;21;61,50515;0,236402968;0,692380952;1;27;86,5;0;1000097;75,43405;17,36;0;-20;-15;-10;-5
RED;48:09,1;59:36,0;2,34;2;11,44755;0,204410551;1,17;1;29;85,5;0;1000097;86,8816;19,7;0;-20;-15;-10;-5
RED;16:51,0;36:49,7;3,95;4;19,97856667;0,197711881;0,9875;1;33;83,5;0;1000097;106,8601667;23,65;0;-20;-15;-10;-5
RED;48:58,6;27:09,0;7,66;8;38,17311667;0,200664778;0,9575;1;41;79,5;0;1000097;145,0332833;31,31;0;-20;-15;-10;-5
RED;40:31,2;07:26,0;5,36;9;26,91323333;0,19915853;0,595555556;1;50;75;0;1000097;171,9465167;36,67;0;-20;-15;-10;-5
RED;13:39,8;40:53,8;7,03;8;27,23396667;0,258133532;0,87875;1;58;71;0;1000097;199,1804833;43,7;0;-20;-15;-10;-5
RED;46:21,2;39:18,4;9,93;16;52,95358333;0,18752272;0,620625;1;74;63;0;1000097;252,1340667;53,63;0;-20;-15;-10;-5
RED;04:13,4;46:47,5;8,26;12;42,56716667;0,194046272;0,688333333;1;86;57;0;1000097;294,7012333;61,89;0;-20;-15;-10;-5
RED;58:20,5;10:04,8;2,42;6;11,7384;0,206160976;0,403333333;1;92;54;0;1000097;306,4396333;64,31;0;-20;-15;-10;-5
RED;28:27,2;12:40,7;12,57;30;44,2252;0,284227092;0,419;1;122;39;0;1000097;350,6648333;76,88;0;-20;-15;-10;-5
RED;16:29,1;33:38,6;3,43;12;17,15846667;0,199901312;0,285833333;1;134;33;0;1000097;367,8233;80,31;0;-20;-15;-10;-5
RED;59:33,8;31:58,4;6,66;20;32,4094;0,205495936;0,333;1;154;23;0;1000097;400,2327;86,97;0;-20;-15;-10;-5
RED;50:20,5;58:27,4;1,61;4;8,114233333;0,198416774;0,4025;1;158;21;0;1000097;408,3469333;88,58;0;-20;-15;-10;-5
RED;00:07,9;23:18,8;4,64;15;23,18045;0,200168677;0,309333333;1;15;92,5;1;1000098;23,18045;4,64;0;-20;-15;-10;-5
RED;28:20,4;28:57,5;11,08;10;60,61776667;0,182784695;1,108;1;25;87,5;0;1000098;83,79821667;15,72;0;-20;-15;-10;-5
RED;29:25,6;56:37,8;5,56;7;27,20251667;0,204392853;0,794285714;1;32;84;0;1000098;111,0007333;21,28;0;-20;-15;-10;-5
RED;09:02,0;22:43,3;2,82;4;13,68838333;0,206014102;0,705;1;36;82;0;1000098;124,6891167;24,1;0;-20;-15;-10;-5
RED;46:48,4;57:51,2;3,14;6;11,0467;0,284247784;0,523333333;1;42;79;0;1000098;135,7358167;27,24;0;-20;-15;-10;-5
RED;07:14,0;16:48,5;2,02;4;9,575616667;0,210952471;0,505;1;46;77;0;1000098;145,3114333;29,26;0;-20;-15;-10;-5
RED;16:52,3;28:16,8;2,22;3;11,40821667;0,194596585;0,74;1;49;75,5;0;1000098;156,71965;31,48;0;-20;-15;-10;-5
RED;02:46,6;15:20,0;2,62;4;12,55623333;0,208661302;0,655;1;53;73,5;0;1000098;169,2758833;34,1;0;-20;-15;-10;-5
RED;42:02,3;03:05,3;5,47;10;21,0514;0,259840201;0,547;1;63;68,5;0;1000098;190,3272833;39,57;0;-20;-15;-10;-5
RED;27:56,4;47:38,3;5,21;9;19,69836667;0,264488934;0,578888889;1;72;64;0;1000098;210,02565;44,78;0;-20;-15;-10;-5
RED;46:13,7;55:45,4;2,02;4;9,5283;0,212000042;0,505;1;76;62;0;1000098;219,55395;46,8;0;-20;-15;-10;-5
RED;16:13,6;22:46,8;1,21;2;6,55215;0,184672207;0,605;1;78;61;0;1000098;226,1061;48,01;0;-20;-15;-10;-5
RED;24:31,9;31:47,7;1,61;3;7,262733333;0,221679625;0,536666667;1;81;59,5;0;1000098;233,3688333;49,62;0;-20;-15;-10;-5
RED;52:14,3;05:19,2;2,74;3;13,08166667;0,209453434;0,913333333;1;84;58;0;1000098;246,4505;52,36;0;-20;-15;-10;-5
RED;22:17,1;32:27,5;2,02;4;10,17298333;0,198565154;0,505;1;88;56;0;1000098;256,6234833;54,38;0;-20;-15;-10;-5
RED;49:05,9;07:24,9;4,49;4;18,31753333;0,24512034;1,1225;1;92;54;0;1000098;274,9410167;58,87;0;-20;-15;-10;-5
RED;49:28,1;08:58,3;5,21;6;19,50315;0,267136334;0,868333333;1;98;51;0;1000098;294,4441667;64,08;0;-20;-15;-10;-5
RED;18:19,7;30:36,9;2,62;6;12,2862;0,213247383;0,436666667;1;104;48;0;1000098;306,7303667;66,7;0;-20;-15;-10;-5
RED;38:24,3;52:24,9;2,74;3;14,00945;0,195582268;0,913333333;1;107;46,5;0;1000098;320,7398167;69,44;0;-20;-15;-10;-5
RED;44:24,7;47:54,4;0,81;1;3,494183333;0,231813824;0,81;1;108;46;0;1000098;324,234;70,25;0;-20;-15;-10;-5
RED;02:55,8;11:57,5;2,34;3;9,0267;0,259230948;0,78;1;111;44,5;0;1000098;333,2607;72,59;0;-20;-15;-10;-5
RED;34:20,1;44:58,8;2,22;3;10,64553333;0,208538166;0,74;1;114;43;0;1000098;343,9062333;74,81;0;-20;-15;-10;-5
RED;50:20,5;57:34,6;1,41;2;7,2349;0,194888665;0,705;1;116;42;0;1000098;351,1411333;76,22;0;-20;-15;-10;-5
RED;58:58,4;14:15,3;3,03;5;15,28138333;0,198280479;0,606;1;121;39,5;0;1000098;366,4225167;79,25;0;-20;-15;-10;-5
RED;19:28,1;44:24,9;5,04;9;24,9471;0,20202749;0,56;1;130;35;0;1000098;391,3696167;84,29;0;-20;-15;-10;-5
RED;10:52,9;55:14,9;8,27;9;44,36543333;0,186406384;0,918888889;1;139;30,5;0;1000098;435,73505;92,56;0;-20;-15;-10;-5
RED;03:50,6;20:52,6;3,26;6;17,03345;0,191388122;0,543333333;1;145;27,5;0;1000098;452,7685;95,82;0;-20;-15;-10;-5
RED;22:28,6;30:12,3;1,61;3;7,728716667;0,208314015;0,536666667;1;148;26;0;1000098;460,4972167;97,43;0;-20;-15;-10;-5
RED;35:31,2;48:03,0;2,42;7;12,52896667;0,193152402;0,345714286;1;155;22,5;0;1000098;473,0261833;99,85;0;-20;-15;-10;-5
RED;00:10,4;45:03,9;9,08;40;44,89158333;0,202265087;0,227;1;40;80;1;1000099;44,89158333;9,08;0;-20;-15;-10;-5
RED;45:50,2;55:08,0;1,82;2;9,2957;0,195789451;0,91;1;42;79;0;1000099;54,18728333;10,9;0;-20;-15;-10;-5
RED;16:57,7;39:43,7;4,64;6;22,76556667;0,203816583;0,773333333;1;48;76;0;1000099;76,95285;15,54;0;-20;-15;-10;-5
RED;57:19,0;12:50,5;3,03;7;15,52528333;0,19516552;0,432857143;1;55;72,5;0;1000099;92,47813333;18,57;0;-20;-15;-10;-5
RED;23:48,7;35:15,8;2,42;4;11,45165;0,211323259;0,605;1;59;70,5;0;1000099;103,9297833;20,99;0;-20;-15;-10;-5
RED;36:01,5;47:59,8;2,52;2;11,97061667;0,210515471;1,26;1;61;69,5;0;1000099;115,9004;23,51;0;-20;-15;-10;-5
RED;55:14,7;06:41,8;2,22;3;11,45251667;0,193843857;0,74;1;64;68;0;1000099;127,3529167;25,73;0;-20;-15;-10;-5
RED;51:36,4;25:10,4;9,71;14;33,56725;0,289270047;0,693571429;1;78;61;0;1000099;160,9201667;35,44;0;-20;-15;-10;-5
RED;28:46,4;40:29,9;2,42;4;11,72455;0,20640451;0,605;1;82;59;0;1000099;172,6447167;37,86;0;-20;-15;-10;-5
RED;47:56,0;15:00,0;5,45;14;27,06593333;0,201360135;0,389285714;1;96;52;0;1000099;199,71065;43,31;0;-20;-15;-10;-5
RED;16:32,3;25:43,3;2,34;2;9,183416667;0,254807125;1,17;1;98;51;0;1000099;208,8940667;45,65;0;-20;-15;-10;-5
RED;51:11,5;04:50,9;2,62;6;13,65665;0,191847928;0,436666667;1;104;48;0;1000099;222,5507167;48,27;0;-20;-15;-10;-5
RED;35:59,9;48:32,5;2,42;4;12,5433;0,192931685;0,605;1;108;46;0;1000099;235,0940167;50,69;0;-20;-15;-10;-5
RED;57:32,3;09:51,7;2,62;5;12,32426667;0,212588714;0,524;1;113;43,5;0;1000099;247,4182833;53,31;0;-20;-15;-10;-5
RED;34:35,8;40:56,5;1,21;2;6,344966667;0,190702341;0,605;1;115;42,5;0;1000099;253,76325;54,52;0;-20;-15;-10;-5
RED;16:12,5;27:29,7;3,14;5;11,28813333;0,278168224;0,628;1;120;40;0;1000099;265,0513833;57,66;0;-20;-15;-10;-5
RED;28:26,7;43:44,9;3,03;4;15,304;0,197987454;0,7575;1;124;38;0;1000099;280,3553833;60,69;0;-20;-15;-10;-5
RED;47:20,3;10:41,4;6,57;6;23,35178333;0,281348962;1,095;1;130;35;0;1000099;303,7071667;67,26;0;-20;-15;-10;-5
RED;18:14,7;47:08,8;5,77;11;28,90146667;0,199643847;0,524545455;1;141;29,5;0;1000099;332,6086333;73,03;0;-20;-15;-10;-5
RED;13:48,5;26:03,1;3,09;2;12,24321667;0,252384654;1,545;1;143;28,5;0;1000099;344,85185;76,12;0;-20;-15;-10;-5
RED;31:35,8;52:51,2;6;17;21,25675;0,282263281;0,352941176;1;17;91,5;1;1000100;21,25675;6;0;-20;-15;-10;-5
RED;06:20,4;23:07,3;4,43;15;16,78165;0,26397881;0,295333333;1;32;84;0;1000100;38,0384;10,43;0;-20;-15;-10;-5
RED;25:23,4;48:35,3;4,64;18;23,19818333;0,200015662;0,257777778;1;50;75;0;1000100;61,23658333;15,07;0;-20;-15;-10;-5
RED;22:15,4;42:49,2;5,21;7;20,56421667;0,253352709;0,744285714;1;57;71,5;0;1000100;81,8008;20,28;0;-20;-15;-10;-5
RED;49:25,4;03:55,0;2,82;6;14,4936;0,194568637;0,47;1;63;68,5;0;1000100;96,2944;23,1;0;-20;-15;-10;-5
RED;54:14,9;21:34,1;5,45;5;27,31976667;0,199489259;1,09;1;68;66;0;1000100;123,6141667;28,55;0;-20;-15;-10;-5
RED;24:53,7;39:26,0;2,82;4;14,5377;0,193978415;0,705;1;72;64;0;1000100;138,1518667;31,37;0;-20;-15;-10;-5
RED;41:12,7;50:27,3;1,82;2;9,244616667;0,196871332;0,91;1;74;63;0;1000100;147,3964833;33,19;0;-20;-15;-10;-5
RED;56:27,4;07:53,4;2,93;3;11,43296667;0,25627644;0,976666667;1;77;61,5;0;1000100;158,82945;36,12;0;-20;-15;-10;-5
RED;18:59,1;27:30,6;1,82;3;8,524883333;0,213492658;0,606666667;1;80;60;0;1000100;167,3543333;37,94;0;-20;-15;-10;-5
RED;41:54,1;54:56,9;2,62;4;13,04646667;0,200820656;0,655;1;84;58;0;1000100;180,4008;40,56;0;-20;-15;-10;-5
RED;59:08,1;25:54,3;7,03;10;26,7713;0,262594644;0,703;1;94;53;0;1000100;207,1721;47,59;0;-20;-15;-10;-5
RED;32:13,2;10:17,6;9,3;22;38,07363333;0,244263528;0,422727273;1;116;42;0;1000100;245,2457333;56,89;0;-20;-15;-10;-5
RED;10:38,4;22:14,6;2,22;2;11,60336667;0,191323782;1,11;1;118;41;0;1000100;256,8491;59,11;0;-20;-15;-10;-5
RED;27:51,6;12:53,5;8,99;21;45,032;0,199635815;0,428095238;1;139;30,5;0;1000100;301,8811;68,1;0;-20;-15;-10;-5
RED;14:22,0;35:05,3;4,15;5;20,72276667;0,200262835;0,83;1;144;28;0;1000100;322,6038667;72,25;0;-20;-15;-10;-5
RED;55:30,2;39:24,2;17,82;12;103,8996667;0,171511619;1,485;1;156;22;0;1000100;426,5035333;90,07;0;-20;-15;-10;-5
RED;05:36,2;10:45,8;11,64;10;65,16041667;0,178636058;1,164;1;10;95;1;1000101;65,16041667;11,64;0;-20;-15;-10;-5
RED;47:09,9;02:17,7;3,03;5;15,12991667;0,200265478;0,606;1;15;92,5;0;1000101;80,29033333;14,67;0;-20;-15;-10;-5
RED;49:10,6;01:50,4;2,42;4;12,66408333;0,191091604;0,605;1;19;90,5;0;1000101;92,95441667;17,09;0;-20;-15;-10;-5
RED;35:05,3;56:00,6;4,24;10;20,92273333;0,202650387;0,424;1;29;85,5;0;1000101;113,87715;21,33;0;-20;-15;-10;-5
RED;34:12,8;49:52,8;3,02;2;15,66613333;0,19277252;1,51;1;31;84,5;0;1000101;129,5432833;24,35;0;-20;-15;-10;-5
RED;24:32,0;33:34,5;15,92;22;69,04068333;0,230588679;0,723636364;1;53;73,5;0;1000101;198,5839667;40,27;0;-20;-15;-10;-5
RED;47:54,2;56:28,3;1,82;3;8,568583333;0,21240384;0,606666667;1;56;72;0;1000101;207,15255;42,09;0;-20;-15;-10;-5
RED;57:22,0;38:49,7;10,68;8;41,46161667;0,25758764;1,335;1;64;68;0;1000101;248,6141667;52,77;0;-20;-15;-10;-5
RED;40:42,1;55:13,1;3,91;5;14,51638333;0,269350837;0,782;1;69;65,5;0;1000101;263,13055;56,68;0;-20;-15;-10;-5
RED;55:13,5;39:33,7;9,08;12;44,33631667;0,204798249;0,756666667;1;81;59,5;0;1000101;307,4668667;65,76;0;-20;-15;-10;-5
RED;45:30,5;56:30,5;2,22;6;11,00043333;0,201810232;0,37;1;87;56,5;0;1000101;318,4673;67,98;0;-20;-15;-10;-5
RED;58:17,5;22:42,7;5,04;9;24,42041667;0,206384685;0,56;1;96;52;0;1000101;342,8877167;73,02;0;-20;-15;-10;-5
RED;10:37,3;33:33,4;6,57;7;22,9353;0,286457993;0,938571429;1;103;48,5;0;1000101;365,8230167;79,59;0;-20;-15;-10;-5
RED;12:29,6;30:53,3;4,69;8;18,3947;0,254964745;0,58625;1;111;44,5;0;1000101;384,2177167;84,28;0;-20;-15;-10;-5
RED;35:27,5;53:33,6;3,55;6;18,10093333;0,196122484;0,591666667;1;117;41,5;0;1000101;402,31865;87,83;0;-20;-15;-10;-5
RED;57:10,8;28:48,5;8,14;10;31,62908333;0,257358075;0,814;1;127;36,5;0;1000101;433,9477333;95,97;0;-20;-15;-10;-5
RED;49:16,2;05:25,9;3,23;7;16,16165;0,199855832;0,461428571;1;134;33;0;1000101;450,1093833;99,2;0;-20;-15;-10;-5
RED;10:09,6;43:11,5;8,6;17;33,03175;0,260355567;0,505882353;1;151;24,5;0;1000101;483,1411333;107,8;0;-20;-15;-10;-5
RED;20:13,0;25:19,9;1,01;1;5,115;0,197458456;1,01;1;152;24;0;1000101;488,2561333;108,81;0;-20;-15;-10;-5
RED;45:49,1;01:40,7;4,07;2;15,8599;0,256622047;2,035;1;154;23;0;1000101;504,1160333;112,88;0;-20;-15;-10;-5
RED;16:14,4;46:20,7;6,05;11;30,10558333;0,200959401;0,55;1;11;94,5;1;1000102;30,10558333;6,05;0;-20;-15;-10;-5
RED;51:34,7;59:53,0;1,82;3;8,305416667;0,219134099;0,606666667;1;14;93;0;1000102;38,411;7,87;0;-20;-15;-10;-5
RED;23:03,8;59:49,3;7,46;26;36,75901667;0,202943405;0,286923077;1;40;80;0;1000102;75,17001667;15,33;0;-20;-15;-10;-5
RED;38:02,1;46:22,9;1,49;1;8,34735;0,178499763;1,49;1;41;79,5;0;1000102;83,51736667;16,82;0;-20;-15;-10;-5
RED;01:08,5;22:29,2;6,03;7;21,3463;0,282484552;0,861428571;1;48;76;0;1000102;104,8636667;22,85;0;-20;-15;-10;-5
RED;26:23,8;36:49,2;2,56;2;10,42441667;0,24557729;1,28;1;50;75;0;1000102;115,2880833;25,41;0;-20;-15;-10;-5
RED;42:52,6;59:32,4;3,62;4;16,6637;0,217238668;0,905;1;54;73;0;1000102;131,9517833;29,03;0;-20;-15;-10;-5
RED;00:33,4;10:26,5;2,02;1;9,885366667;0,204342446;2,02;1;55;72,5;0;1000102;141,83715;31,05;0;-20;-15;-10;-5
RED;17:35,3;32:09,2;3,03;7;14,56591667;0,208019864;0,432857143;1;62;69;0;1000102;156,4030667;34,08;0;-20;-15;-10;-5
RED;32:28,9;56:55,4;4,88;7;24,44165;0,199659188;0,697142857;1;69;65,5;0;1000102;180,8447167;38,96;0;-20;-15;-10;-5
RED;59:11,7;13:17,4;3,65;5;14,0938;0,258979126;0,73;1;74;63;0;1000102;194,9385167;42,61;0;-20;-15;-10;-5
RED;49:59,4;03:34,9;2,82;8;13,59048333;0,207498139;0,3525;1;82;59;0;1000102;208,529;45,43;0;-20;-15;-10;-5
RED;05:08,0;37:16,3;7,43;10;32,13905;0,231182938;0,743;1;92;54;0;1000102;240,66805;52,86;0;-20;-15;-10;-5
RED;43:06,3;50:34,7;1,61;3;7,4733;0,21543361;0,536666667;1;95;52,5;0;1000102;248,14135;54,47;0;-20;-15;-10;-5
RED;22:33,9;30:45,9;2,29;5;8,199133333;0,279297812;0,458;1;100;50;0;1000102;256,3404833;56,76;0;-20;-15;-10;-5
RED;08:19,8;21:32,8;2,62;3;13,21601667;0,198244302;0,873333333;1;103;48,5;0;1000102;269,5565;59,38;0;-20;-15;-10;-5
RED;22:44,1;42:37,4;5,21;8;19,88726667;0,261976675;0,65125;1;111;44,5;0;1000102;289,4437667;64,59;0;-20;-15;-10;-5
RED;42:58,1;55:32,3;2,62;4;12,5689;0,208451018;0,655;1;115;42,5;0;1000102;302,0126667;67,21;0;-20;-15;-10;-5
RED;06:00,9;19:43,9;3,45;6;13,71673333;0,251517611;0,575;1;121;39,5;0;1000102;315,7294;70,66;0;-20;-15;-10;-5
RED;46:06,4;53:17,4;1,41;2;7,1836;0,196280417;0,705;1;123;38,5;0;1000102;322,913;72,07;0;-20;-15;-10;-5
RED;55:47,4;00:39,2;23,06;31;124,8623667;0,184683349;0,743870968;1;154;23;0;1000102;447,7753667;95,13;0;-20;-15;-10;-5
RED;23:53,9;31:42,6;2,08;2;7,811416667;0,266276924;1,04;1;156;22;0;1000102;455,5867833;97,21;0;-20;-15;-10;-5
RED;52:32,5;05:49,7;2,62;5;13,28605;0,197199318;0,524;1;5;97,5;1;1000103;13,28605;2,62;0;-20;-15;-10;-5
RED;39:49,6;55:55,8;4,32;7;16,10413333;0,268254113;0,617142857;1;12;94;0;1000103;29,39018333;6,94;0;-20;-15;-10;-5
RED;18:45,2;29:43,7;2,22;3;10,97418333;0,202292957;0,74;1;15;92,5;0;1000103;40,36436667;9,16;0;-20;-15;-10;-5
RED;37:19,6;05:12,3;5,65;10;27,8776;0,202671679;0,565;1;25;87,5;0;1000103;68,24196667;14,81;0;-20;-15;-10;-5
RED;37:12,2;00:01,2;4,64;5;22,8166;0,203360711;0,928;1;30;85;0;1000103;91,05856667;19,45;0;-20;-15;-10;-5
RED;09:49,1;39:48,4;5,97;11;29,98861667;0,199075538;0,542727273;1;41;79,5;0;1000103;121,0471833;25,42;0;-20;-15;-10;-5
RED;49:43,4;01:48,6;2,42;2;12,08573333;0,200236091;1,21;1;43;78,5;0;1000103;133,1329167;27,84;0;-20;-15;-10;-5
RED;06:04,7;24:20,9;3,83;10;18,27053333;0,209627159;0,383;1;53;73,5;0;1000103;151,40345;31,67;0;-20;-15;-10;-5
RED;26:46,2;40:59,9;2,82;5;14,22675;0,198218145;0,564;1;58;71;0;1000103;165,6302;34,49;0;-20;-15;-10;-5
RED;06:41,1;15:40,8;1,82;2;8,994333333;0,202349628;0,91;1;60;70;0;1000103;174,6245333;36,31;0;-20;-15;-10;-5
RED;34:27,9;47:29,7;3,39;4;13,03065;0,260155863;0,8475;1;64;68;0;1000103;187,6551833;39,7;0;-20;-15;-10;-5
RED;01:32,8;16:25,0;4,29;5;14,86925;0,288514888;0,858;1;69;65,5;0;1000103;202,5244333;43,99;0;-20;-15;-10;-5
RED;16:40,6;22:04,2;1,01;1;5,393366667;0,187267075;1,01;1;70;65;0;1000103;207,9178;45;0;-20;-15;-10;-5
RED;44:49,2;05:20,2;23,78;10;140,5172333;0,169231912;2,378;1;80;60;0;1000103;348,4350333;68,78;0;-20;-15;-10;-5
RED;09:20,1;23:35,5;2,82;5;14,25765;0,197788556;0,564;1;85;57,5;0;1000103;362,6926833;71,6;0;-20;-15;-10;-5
RED;23:36,4;46:58,1;4,51;7;23,36151667;0,193052534;0,644285714;1;92;54;0;1000103;386,0542;76,11;0;-20;-15;-10;-5
RED;17:43,2;33:29,4;3,03;7;15,77103333;0,19212438;0,432857143;1;99;50,5;0;1000103;401,8252333;79,14;0;-20;-15;-10;-5
RED;35:34,6;45:06,6;2,02;3;9,5337;0,211879963;0,673333333;1;102;49;0;1000103;411,3589333;81,16;0;-20;-15;-10;-5
RED;53:09,4;12:44,2;4,95;8;19,58056667;0,252801672;0,61875;1;110;45;0;1000103;430,9395;86,11;0;-20;-15;-10;-5
RED;13:30,3;55:13,4;10,94;33;41,71848333;0,262233886;0,331515152;1;143;28,5;0;1000103;472,6579833;97,05;0;-20;-15;-10;-5
RED;55:53,9;50:38,8;14,09;15;54,74726667;0,257364447;0,939333333;1;158;21;0;1000103;527,40525;111,14;0;-20;-15;-10;-5
RED;52:51,0;11:33,8;3,83;6;18,71373333;0,204662529;0,638333333;1;6;97;1;1000104;18,71373333;3,83;0;-20;-15;-10;-5
RED;55:43,2;29:18,4;6,77;13;33,58705;0,201565782;0,520769231;1;19;90,5;0;1000104;52,30078333;10,6;0;-20;-15;-10;-5
RED;35:17,6;54:52,0;3,83;12;19,57221667;0,195685551;0,319166667;1;31;84,5;0;1000104;71,873;14,43;0;-20;-15;-10;-5
RED;01:15,2;07:36,9;1,41;1;6,362366667;0,221615646;1,41;1;32;84;0;1000104;78,23536667;15,84;0;-20;-15;-10;-5
RED;15:33,0;30:39,0;3,03;6;15,10115;0,200646971;0,505;1;38;81;0;1000104;93,33651667;18,87;0;-20;-15;-10;-5
RED;12:33,6;39:48,1;5,45;15;27,24255;0,200054694;0,363333333;1;53;73,5;0;1000104;120,5790667;24,32;0;-20;-15;-10;-5
RED;49:50,0;21:23,7;8,08;12;31,5618;0,256005678;0,673333333;1;65;67,5;0;1000104;152,1408667;32,4;0;-20;-15;-10;-5
RED;37:08,1;40:09,6;11,65;13;63,02503333;0,184847185;0,896153846;1;78;61;0;1000104;215,1659;44,05;0;-20;-15;-10;-5
RED;45:19,5;55:40,2;2,22;5;10,34556667;0,214584669;0,444;1;83;58,5;0;1000104;225,5114667;46,27;0;-20;-15;-10;-5
RED;24:17,8;59:22,3;7,06;8;35,0751;0,201282391;0,8825;1;91;54,5;0;1000104;260,5865667;53,33;0;-20;-15;-10;-5
RED;48:03,4;13:27,7;5,04;8;25,4054;0,198383021;0,63;1;99;50,5;0;1000104;285,9919667;58,37;0;-20;-15;-10;-5
RED;22:04,8;36:36,1;3,03;5;14,5224;0,208643199;0,606;1;104;48;0;1000104;300,5143667;61,4;0;-20;-15;-10;-5
RED;38:19,8;52:32,3;3,65;4;14,20826667;0,256892701;0,9125;1;108;46;0;1000104;314,7226333;65,05;0;-20;-15;-10;-5
RED;30:31,2;43:37,6;2,62;4;13,1071;0,199891662;0,655;1;112;44;0;1000104;327,8297333;67,67;0;-20;-15;-10;-5
RED;51:19,2;57:29,5;1,21;2;6,171666667;0,196057251;0,605;1;114;43;0;1000104;334,0014;68,88;0;-20;-15;-10;-5
RED;02:10,8;09:31,2;1,61;3;7,3412;0,219310195;0,536666667;1;117;41,5;0;1000104;341,3426;70,49;0;-20;-15;-10;-5
RED;10:54,5;23:37,5;2,54;2;12,71638333;0,199742327;1,27;1;119;40,5;0;1000104;354,0589833;73,03;0;-20;-15;-10;-5
RED;23:55,6;37:16,7;2,82;4;13,35158333;0,211210905;0,705;1;123;38,5;0;1000104;367,4105667;75,85;0;-20;-15;-10;-5
RED;59:10,7;08:49,8;2,02;5;9,651833333;0,209286664;0,404;1;128;36;0;1000104;377,0624;77,87;0;-20;-15;-10;-5
RED;32:18,7;36:48,7;1,01;2;4,5006;0,224414523;0,505;1;130;35;0;1000104;381,563;78,88;0;-20;-15;-10;-5
RED;36:14,2;43:11,2;11,42;11;66,95041667;0,170573994;1,038181818;1;141;29,5;0;1000104;448,5134167;90,3;0;-20;-15;-10;-5
RED;37:15,3;44:55,6;1,61;3;7,671283333;0,20987362;0,536666667;1;144;28;0;1000104;456,1847;91,91;0;-20;-15;-10;-5
RED;15:26,6;40:02,4;6,01;7;24,59618333;0,244346853;0,858571429;1;151;24,5;0;1000104;480,7808833;97,92;0;-20;-15;-10;-5
RED;29:07,7;34:43,8;1,21;3;5,601166667;0,216026423;0,403333333;1;154;23;0;1000104;486,38205;99,13;0;-20;-15;-10;-5
RED;44:19,8;04:24,8;4,03;10;20,08413333;0,200655907;0,403;1;10;95;1;1000105;20,08413333;4,03;0;-20;-15;-10;-5
RED;46:20,8;52:01,0;1,21;1;5,671;0,213366249;1,21;1;11;94,5;0;1000105;25,75513333;5,24;0;-20;-15;-10;-5
RED;05:02,6;26:06,4;4,24;6;21,06275;0,201303249;0,706666667;1;17;91,5;0;1000105;46,81788333;9,48;0;-20;-15;-10;-5
RED;51:26,6;38:38,1;45,24;37;227,1926167;0,199126189;1,222702703;1;54;73;0;1000105;274,0105;54,72;0;-20;-15;-10;-5
RED;11:29,6;38:54,3;5,45;19;27,4105;0,198828916;0,286842105;1;73;63,5;0;1000105;301,421;60,17;0;-20;-15;-10;-5
RED;14:20,5;34:56,6;4,24;13;20,60286667;0,205796604;0,326153846;1;86;57;0;1000105;322,0238667;64,41;0;-20;-15;-10;-5
RED;26:20,1;42:54,7;3,23;4;16,5768;0,194850635;0,8075;1;90;55;0;1000105;338,6006667;67,64;0;-20;-15;-10;-5
RED;48:26,4;01:23,6;3,39;5;12,95418333;0,261691526;0,678;1;95;52,5;0;1000105;351,55485;71,03;0;-20;-15;-10;-5
RED;03:54,5;16:02,0;2,42;4;12,12513333;0,199585434;0,605;1;99;50,5;0;1000105;363,6799833;73,45;0;-20;-15;-10;-5
RED;40:16,2;46:51,6;1,33;1;6,590633333;0,201801547;1,33;1;100;50;0;1000105;370,2706167;74,78;0;-20;-15;-10;-5
RED;48:37,4;00:31,8;2,42;4;11,90815;0,203222163;0,605;1;104;48;0;1000105;382,1787667;77,2;0;-20;-15;-10;-5
RED;08:07,4;34:19,9;5,08;7;26,20745;0,193838012;0,725714286;1;111;44,5;0;1000105;408,3862167;82,28;0;-20;-15;-10;-5
RED;34:32,7;56:58,4;4,51;6;22,42863333;0,201082248;0,751666667;1;117;41,5;0;1000105;430,81485;86,79;0;-20;-15;-10;-5
RED;01:09,3;14:56,4;2,74;4;13,78403333;0,198780715;0,685;1;121;39,5;0;1000105;444,5988833;89,53;0;-20;-15;-10;-5
RED;28:35,3;36:52,9;1,61;2;8,29285;0,194143147;0,805;1;123;38,5;0;1000105;452,8917333;91,14;0;-20;-15;-10;-5
RED;39:08,1;59:00,0;4,03;9;19,86555;0,202863752;0,447777778;1;132;34;0;1000105;472,7572833;95,17;0;-20;-15;-10;-5
RED;59:30,3;23:10,9;4,84;9;23,676;0,204426423;0,537777778;1;141;29,5;0;1000105;496,4332833;100,01;0;-20;-15;-10;-5
RED;11:54,3;12:27,7;11,96;34;60,558;0,197496615;0,351764706;1;34;83;1;1000106;60,558;11,96;0;-20;-15;-10;-5
RED;38:42,3;20:13,9;11,5;15;41,52695;0,276928597;0,766666667;1;49;75,5;0;1000106;102,08495;23,46;0;-20;-15;-10;-5
RED;31:02,3;00:46,6;7,21;19;29,73873333;0,242444758;0,379473684;1;68;66;0;1000106;131,8236833;30,67;0;-20;-15;-10;-5
RED;41:23,6;55:13,4;3,65;7;13,83038333;0,263911702;0,521428571;1;75;62,5;0;1000106;145,6540667;34,32;0;-20;-15;-10;-5
RED;00:12,3;18:58,6;3,83;21;18,77058333;0,204042673;0,182380952;1;96;52;0;1000106;164,42465;38,15;0;-20;-15;-10;-5
RED;41:50,5;00:11,0;3,62;5;18,34135;0,197368242;0,724;1;101;49,5;0;1000106;182,766;41,77;0;-20;-15;-10;-5
RED;15:42,3;29:34,8;2,82;7;13,87483333;0,203245685;0,402857143;1;108;46;0;1000106;196,6408333;44,59;0;-20;-15;-10;-5
RED;57:33,5;17:54,2;4,03;5;20,34556667;0,19807755;0,806;1;113;43,5;0;1000106;216,9864;48,62;0;-20;-15;-10;-5
RED;23:26,4;31:21,7;1,61;2;7,921416667;0,203246473;0,805;1;115;42,5;0;1000106;224,9078167;50,23;0;-20;-15;-10;-5
RED;00:09,2;10:21,9;2,02;5;10,21226667;0,197801337;0,404;1;120;40;0;1000106;235,1200833;52,25;0;-20;-15;-10;-5
RED;29:24,8;52:34,9;4,64;8;23,16826667;0,200273938;0,58;1;128;36;0;1000106;258,28835;56,89;0;-20;-15;-10;-5
RED;20:53,9;29:28,9;1,82;1;8,583133333;0,212043776;1,82;1;129;35,5;0;1000106;266,8714833;58,71;0;-20;-15;-10;-5
RED;30:19,7;35:14,2;1,01;1;4,90865;0,205759221;1,01;1;130;35;0;1000106;271,7801333;59,72;0;-20;-15;-10;-5
RED;46:06,0;57:28,1;2,42;5;11,36811667;0,21287607;0,484;1;135;32,5;0;1000106;283,14825;62,14;0;-20;-15;-10;-5
RED;01:31,5;05:38,0;0,81;1;4,109;0,197128255;0,81;1;136;32;0;1000106;287,25725;62,95;0;-20;-15;-10;-5
RED;13:04,5;26:17,5;3,71;5;13,21713333;0,280696268;0,742;1;141;29,5;0;1000106;300,4743833;66,66;0;-20;-15;-10;-5
RED;25:37,1;30:03,9;1,43;0;4,447866667;0,321502443;inf;1;141;29,5;0;1000106;304,92225;68,09;0;-20;-15;-10;-5
RED;10:12,5;40:34,6;6,17;8;30,36703333;0,203180862;0,77125;1;149;25,5;0;1000106;335,2892833;74,26;0;-20;-15;-10;-5
RED;45:34,8;00:34,6;3,03;8;14,99563333;0,202058822;0,37875;1;157;21,5;0;1000106;350,2849167;77,29;0;-20;-15;-10;-5
RED;11:33,1;21:14,8;2,02;4;9,695166667;0,20835124;0,505;1;4;98;1;1000107;9,695166667;2,02;0;-20;-15;-10;-5
RED;24:34,5;06:22,5;8,14;10;41,80011667;0,194736299;0,814;1;14;93;0;1000107;51,49528333;10,16;0;-20;-15;-10;-5
RED;12:30,1;21:07,4;1,82;3;8,62145;0,211101381;0,606666667;1;17;91,5;0;1000107;60,11673333;11,98;0;-20;-15;-10;-5
RED;34:28,7;44:14,2;2,02;3;9,7586;0,206996905;0,673333333;1;20;90;0;1000107;69,87533333;14;0;-20;-15;-10;-5
RED;50:58,8;15:54,8;5,04;8;24,9332;0,202140118;0,63;1;28;86;0;1000107;94,80853333;19,04;0;-20;-15;-10;-5
RED;32:19,5;05:20,4;6,66;17;33,0149;0,201727099;0,391764706;1;45;77,5;0;1000107;127,8234333;25,7;0;-20;-15;-10;-5
RED;52:36,4;01:12,0;1,61;3;8,592166667;0,187379978;0,536666667;1;48;76;0;1000107;136,4156;27,31;0;-20;-15;-10;-5
RED;02:17,6;18:12,7;4,17;6;15,91785;0,261970052;0,695;1;54;73;0;1000107;152,33345;31,48;0;-20;-15;-10;-5
RED;25:13,8;37:07,4;3,13;5;11,89416667;0,263154207;0,626;1;59;70,5;0;1000107;164,2276167;34,61;0;-20;-15;-10;-5
RED;57:05,5;03:03,1;1,21;1;5,95885;0,203059315;1,21;1;60;70;0;1000107;170,1864667;35,82;0;-20;-15;-10;-5
RED;11:00,2;07:46,5;11,08;20;56,77248333;0,19516497;0,554;1;80;60;0;1000107;226,95895;46,9;0;-20;-15;-10;-5
RED;55:47,2;02:59,5;1,41;4;7,205266667;0,19569019;0,3525;1;84;58;0;1000107;234,1642167;48,31;0;-20;-15;-10;-5
RED;51:08,9;12:05,2;4,24;10;20,9379;0,202503594;0,424;1;94;53;0;1000107;255,1021167;52,55;0;-20;-15;-10;-5
RED;58:20,3;09:27,1;2,22;4;11,11255;0,199774129;0,555;1;98;51;0;1000107;266,2146667;54,77;0;-20;-15;-10;-5
RED;11:36,2;22:41,4;2,87;4;11,08601667;0,258884691;0,7175;1;102;49;0;1000107;277,3006833;57,64;0;-20;-15;-10;-5
RED;23:57,8;34:09,2;2,02;3;10,18943333;0,198244587;0,673333333;1;105;47,5;0;1000107;287,4901167;59,66;0;-20;-15;-10;-5
RED;23:04,3;35:16,7;12,17;4;72,20635;0,168544733;3,0425;1;109;45,5;0;1000107;359,6964667;71,83;0;-20;-15;-10;-5
RED;16:47,7;27:53,4;2,22;4;11,09535;0,200083819;0,555;1;113;43,5;0;1000107;370,7918167;74,05;0;-20;-15;-10;-5
RED;57:52,8;12:01,0;2,82;4;14,13605;0,199489957;0,705;1;117;41,5;0;1000107;384,9278667;76,87;0;-20;-15;-10;-5
RED;14:39,9;17:36,3;13,39;8;62,94005;0,212742125;1,67375;1;125;37,5;0;1000107;447,8679167;90,26;0;-20;-15;-10;-5
RED;18:19,6;35:19,4;4,43;4;16,99726667;0,260630141;1,1075;1;129;35,5;0;1000107;464,8651833;94,69;0;-20;-15;-10;-5
RED;36:23,1;24:35,8;9,18;9;48,21158333;0,190410672;1,02;1;138;31;0;1000107;513,0767667;103,87;0;-20;-15;-10;-5
RED;24:59,9;33:04,7;1,61;2;8,079766667;0,19926318;0,805;1;140;30;0;1000107;521,1565333;105,48;0;-20;-15;-10;-5
RED;33:14,5;54:12,9;4,24;8;20,97431667;0,202151997;0,53;1;148;26;0;1000107;542,13085;109,72;2,13085;-17,86915;-12,86915;-7,86915;-2,86915
RED;24:32,0;54:04,9;6,05;15;29,5488;0,204746047;0,403333333;1;15;92,5;1;1000108;29,5488;6,05;0;-20;-15;-10;-5
RED;56:00,4;24:53,1;5,85;15;28,87835;0,202573901;0,39;1;30;85;0;1000108;58,42715;11,9;0;-20;-15;-10;-5
RED;48:49,2;06:48,8;3,63;6;17,99301667;0,201744936;0,605;1;36;82;0;1000108;76,42016667;15,53;0;-20;-15;-10;-5
RED;18:12,7;38:23,4;4,03;4;20,17836667;0,199718841;1,0075;1;40;80;0;1000108;96,59853333;19,56;0;-20;-15;-10;-5
RED;01:34,0;39:34,4;7,66;8;38,00686667;0,201542528;0,9575;1;48;76;0;1000108;134,6054;27,22;0;-20;-15;-10;-5
RED;45:08,9;55:10,9;2,61;3;10,0323;0,260159684;0,87;1;51;74,5;0;1000108;144,6377;29,83;0;-20;-15;-10;-5
RED;04:38,0;18:40,2;2,82;6;14,03765;0,200888325;0,47;1;57;71,5;0;1000108;158,67535;32,65;0;-20;-15;-10;-5
RED;35:11,7;43:57,0;1,82;2;8,75505;0,207880024;0,91;1;59;70,5;0;1000108;167,4304;34,47;0;-20;-15;-10;-5
RED;44:35,9;50:32,4;1,21;2;5,940633333;0,203681987;0,605;1;61;69,5;0;1000108;173,3710333;35,68;0;-20;-15;-10;-5
RED;12:06,8;20:53,4;1,82;4;8,77715;0,207356602;0,455;1;65;67,5;0;1000108;182,1481833;37,5;0;-20;-15;-10;-5
RED;21:19,6;28:43,2;1,61;3;7,3937;0,217752952;0,536666667;1;68;66;0;1000108;189,5418833;39,11;0;-20;-15;-10;-5
RED;41:09,9;48:15,0;1,41;2;7,084516667;0,199025575;0,705;1;70;65;0;1000108;196,6264;40,52;0;-20;-15;-10;-5
RED;23:50,7;26:12,3;0,57;1;2,360283333;0,241496431;0,57;1;71;64,5;0;1000108;198,9866833;41,09;0;-20;-15;-10;-5
RED;37:45,8;52:20,4;2,82;4;14,5761;0,193467388;0,705;1;75;62,5;0;1000108;213,5627833;43,91;0;-20;-15;-10;-5
RED;56:59,1;04:36,0;1,61;1;7,6159;0,211399835;1,61;1;76;62;0;1000108;221,1786833;45,52;0;-20;-15;-10;-5
RED;14:20,8;28:00,5;2,82;4;13,66153333;0,206418996;0,705;1;80;60;0;1000108;234,8402167;48,34;0;-20;-15;-10;-5
RED;43:19,9;36:49,8;9,1;3;53,49828333;0,170098916;3,033333333;1;83;58,5;0;1000108;288,3385;57,44;0;-20;-15;-10;-5
RED;06:07,1;11:38,4;1,01;1;5,5215;0,182921308;1,01;1;84;58;0;1000108;293,86;58,45;0;-20;-15;-10;-5
RED;13:11,7;27:06,7;2,82;6;13,91685;0,202632061;0,47;1;90;55;0;1000108;307,77685;61,27;0;-20;-15;-10;-5
RED;29:22,1;46:54,3;3,63;8;17,53758333;0,206984049;0,45375;1;98;51;0;1000108;325,3144333;64,9;0;-20;-15;-10;-5
RED;25:11,0;54:59,2;8,57;9;29,80248333;0,287559929;0,952222222;1;107;46,5;0;1000108;355,1169167;73,47;0;-20;-15;-10;-5
RED;58:35,3;11:04,4;3,13;5;12,48503333;0,250700172;0,626;1;112;44;0;1000108;367,60195;76,6;0;-20;-15;-10;-5
RED;20:20,7;34:18,2;2,82;7;13,95755;0,202041189;0,402857143;1;119;40,5;0;1000108;381,5595;79,42;0;-20;-15;-10;-5
RED;16:04,1;30:31,2;3,03;6;14,4509;0,209675522;0,505;1;125;37,5;0;1000108;396,0104;82,45;0;-20;-15;-10;-5
RED;35:42,6;59:16,4;6,05;10;23,56455;0,256741589;0,605;1;135;32,5;0;1000108;419,57495;88,5;0;-20;-15;-10;-5
RED;26:21,0;31:29,8;11,12;3;65,14626667;0,17069282;3,706666667;1;138;31;0;1000108;484,7212167;99,62;0;-20;-15;-10;-5
RED;46:35,3;00:27,4;2,82;6;13,86753333;0,203352675;0,47;1;144;28;0;1000108;498,58875;102,44;0;-20;-15;-10;-5
RED;36:20,0;06:15,6;6,05;17;29,92548333;0,202168832;0,355882353;1;17;91,5;1;1000109;29,92548333;6,05;0;-20;-15;-10;-5
RED;51:12,0;08:33,3;3,14;6;17,35501667;0,180927513;0,523333333;1;23;88,5;0;1000109;47,2805;9,19;0;-20;-15;-10;-5
RED;36:26,8;47:23,5;2,22;5;10,9451;0,20283049;0,444;1;28;86;0;1000109;58,2256;11,41;0;-20;-15;-10;-5
RED;50:41,8;56:01,8;1,01;2;5,332633333;0,189399859;0,505;1;30;85;0;1000109;63,55823333;12,42;0;-20;-15;-10;-5
RED;05:35,4;07:26,2;0,32;0;1,846583333;0,173293019;inf;1;30;85;0;1000109;65,40481667;12,74;0;-20;-15;-10;-5
RED;20:06,8;36:13,8;3,23;8;16,11688333;0,200410956;0,40375;1;38;81;0;1000109;81,5217;15,97;0;-20;-15;-10;-5
RED;43:05,3;25:52,8;12,29;31;42,79161667;0,287205788;0,396451613;1;69;65,5;0;1000109;124,3133167;28,26;0;-20;-15;-10;-5
RED;35:19,4;48:22,3;3,39;4;13,04816667;0,259806614;0,8475;1;73;63,5;0;1000109;137,3614833;31,65;0;-20;-15;-10;-5
RED;25:22,2;51:18,0;5,24;9;25,93033333;0,202079932;0,582222222;1;82;59;0;1000109;163,2918167;36,89;0;-20;-15;-10;-5
RED;53:55,5;06:58,8;2,62;4;13,05466667;0,200694515;0,655;1;86;57;0;1000109;176,3464833;39,51;0;-20;-15;-10;-5
RED;29:03,2;45:19,9;3,14;5;16,27845;0,192893058;0,628;1;91;54,5;0;1000109;192,6249333;42,65;0;-20;-15;-10;-5
RED;59:11,3;16:59,0;3,63;7;17,79501667;0,203989694;0,518571429;1;98;51;0;1000109;210,41995;46,28;0;-20;-15;-10;-5
RED;19:29,3;47:02,2;48,78;70;207,5479;0,235030082;0,696857143;1;70;65;1;1000110;207,5479;48,78;0;-20;-15;-10;-5
RED;56:09,1;08:49,3;3,39;8;12,67065;0,267547442;0,42375;1;78;61;0;1000110;220,21855;52,17;0;-20;-15;-10;-5
RED;55:25,2;03:46,8;1,61;3;8,3598;0,192588339;0,536666667;1;81;59,5;0;1000110;228,57835;53,78;0;-20;-15;-10;-5
RED;20:02,9;45:58,6;6,47;7;25,92845;0,249532849;0,924285714;1;88;56;0;1000110;254,5068;60,25;0;-20;-15;-10;-5
RED;47:18,7;55:31,8;1,61;3;8,216733333;0,195941615;0,536666667;1;91;54,5;0;1000110;262,7235333;61,86;0;-20;-15;-10;-5
RED;01:55,6;17:33,4;3,14;5;15,62908333;0,200907496;0,628;1;96;52;0;1000110;278,3526167;65;0;-20;-15;-10;-5
RED;23:17,0;32:19,5;1,73;2;9,040866667;0,191353336;0,865;1;98;51;0;1000110;287,3934833;66,73;0;-20;-15;-10;-5
RED;34:08,2;47:25,9;2,62;4;13,29445;0,197074719;0,655;1;102;49;0;1000110;300,6879333;69,35;0;-20;-15;-10;-5
RED;48:37,2;56:55,9;1,82;2;8,311983333;0,218960978;0,91;1;104;48;0;1000110;308,9999167;71,17;0;-20;-15;-10;-5
RED;05:55,5;25:22,5;4,95;6;19,44958333;0,254504167;0,825;1;110;45;0;1000110;328,4495;76,12;0;-20;-15;-10;-5
RED;39:22,5;47:41,8;1,61;3;8,3216;0,193472409;0,536666667;1;113;43,5;0;1000110;336,7711;77,73;0;-20;-15;-10;-5
RED;17:18,2;29:19,5;3,13;4;12,02146667;0,260367565;0,7825;1;117;41,5;0;1000110;348,7925667;80,86;0;-20;-15;-10;-5
RED;37:15,4;57:27,4;4,03;6;20,19971667;0,199507749;0,671666667;1;123;38,5;0;1000110;368,9922833;84,89;0;-20;-15;-10;-5
RED;59:34,2;04:03,0;0,81;0;4,479733333;0,180814334;inf;1;123;38,5;0;1000110;373,4720167;85,7;0;-20;-15;-10;-5
RED;49:07,0;39:34,6;9,03;8;50,46053333;0,178951735;1,12875;1;131;34,5;0;1000110;423,93255;94,73;0;-20;-15;-10;-5
RED;40:54,5;04:45,3;35,34;31;203,8462667;0,173365942;1,14;1;31;84,5;1;1000111;203,8462667;35,34;0;-20;-15;-10;-5
RED;40:55,6;48:02,5;1,41;3;7,114883333;0,198176124;0,47;1;34;83;0;1000111;210,96115;36,75;0;-20;-15;-10;-5
RED;48:58,7;05:59,6;4,43;4;17,01346667;0,260381972;1,1075;1;38;81;0;1000111;227,9746167;41,18;0;-20;-15;-10;-5
RED;26:05,9;51:13,1;5,04;15;25,11985;0,200638141;0,336;1;53;73,5;0;1000111;253,0944667;46,22;0;-20;-15;-10;-5
RED;51:21,6;11:20,5;4,03;6;19,98151667;0,201686392;0,671666667;1;59;70,5;0;1000111;273,0759833;50,25;0;-20;-15;-10;-5
RED;28:16,0;48:34,2;4,24;6;20,30361667;0,20882979;0,706666667;1;65;67,5;0;1000111;293,3796;54,49;0;-20;-15;-10;-5
RED;51:50,2;14:27,0;4,64;7;22,61326667;0,205189284;0,662857143;1;72;64;0;1000111;315,9928667;59,13;0;-20;-15;-10;-5
RED;44:44,2;56:03,5;2,22;5;11,32171667;0,196083338;0,444;1;77;61,5;0;1000111;327,3145833;61,35;0;-20;-15;-10;-5
RED;29:32,7;46:33,7;3,43;16;17,01578333;0,201577555;0,214375;1;93;53,5;0;1000111;344,3303667;64,78;0;-20;-15;-10;-5
RED;50:56,3;15:07,4;5,95;10;24,18555;0,246014666;0,595;1;103;48,5;0;1000111;368,5159167;70,73;0;-20;-15;-10;-5
RED;17:10,8;33:43,9;3,43;4;16,55108333;0,20723719;0,8575;1;107;46,5;0;1000111;385,067;74,16;0;-20;-15;-10;-5
RED;50:20,5;00:23,7;2,02;4;10,05255;0,200944039;0,505;1;111;44,5;0;1000111;395,11955;76,18;0;-20;-15;-10;-5
RED;13:41,1;16:00,8;0,4;0;2,3286;0,171777033;inf;1;111;44,5;0;1000111;397,44815;76,58;0;-20;-15;-10;-5
RED;29:55,4;39:19,9;2,02;3;9,408633333;0,214696431;0,673333333;1;114;43;0;1000111;406,8567833;78,6;0;-20;-15;-10;-5
RED;39:28,3;54:11,8;14,78;17;74,72613333;0,197788904;0,869411765;1;131;34,5;0;1000111;481,5829167;93,38;0;-20;-15;-10;-5
RED;12:29,6;38:13,9;5,24;12;25,73721667;0,203596219;0,436666667;1;143;28,5;0;1000111;507,3201333;98,62;0;-20;-15;-10;-5
RED;39:57,3;50:54,1;3,14;3;10,94683333;0,286840943;1,046666667;1;146;27;0;1000111;518,2669667;101,76;0;-20;-15;-10;-5
RED;06:00,9;24:41,1;3,63;6;18,66948333;0,194434947;0,605;1;152;24;0;1000111;536,93645;105,39;0;-20;-15;-10;-5
RED;20:33,7;34:15,7;2,62;4;13,69956667;0,191246925;0,655;1;156;22;0;1000111;550,6360167;108,01;10,63601667;-9,363983333;-4,363983333;0,636016667;5,636016667
RED;36:45,7;08:42,7;6,45;5;31,95015;0,201876986;1,29;1;5;97,5;1;1000112;31,95015;6,45;0;-20;-15;-10;-5
RED;59:25,3;08:58,8;2,3;2;9,55765;0,240644928;1,15;1;7;96,5;0;1000112;41,5078;8,75;0;-20;-15;-10;-5
RED;45:57,5;31:21,7;11,48;16;45,40408333;0,252840695;0,7175;1;23;88,5;0;1000112;86,91188333;20,23;0;-20;-15;-10;-5
RED;53:33,4;17:09,5;4,64;15;23,60148333;0,196597813;0,309333333;1;38;81;0;1000112;110,5133667;24,87;0;-20;-15;-10;-5
RED;31:07,3;10:38,4;7,98;27;39,51768333;0,201934914;0,295555556;1;65;67,5;0;1000112;150,03105;32,85;0;-20;-15;-10;-5
RED;12:26,1;20:17,3;1,61;3;7,853483333;0,205004573;0,536666667;1;68;66;0;1000112;157,8845333;34,46;0;-20;-15;-10;-5
RED;24:43,2;19:57,1;13,35;13;55,23221667;0,241706757;1,026923077;1;81;59,5;0;1000112;213,11675;47,81;0;-20;-15;-10;-5
RED;21:34,8;55:47,8;9,5;11;34,21655;0,277643421;0,863636364;1;92;54;0;1000112;247,3333;57,31;0;-20;-15;-10;-5
RED;54:32,3;12:04,2;3,63;9;17,53203333;0,207049572;0,403333333;1;101;49,5;0;1000112;264,8653333;60,94;0;-20;-15;-10;-5
RED;57:30,3;33:57,1;6,7;4;36,44565;0,183835382;1,675;1;105;47,5;0;1000112;301,3109833;67,64;0;-20;-15;-10;-5
RED;51:30,2;06:44,7;2,9;3;15,242;0,190263745;0,966666667;1;108;46;0;1000112;316,5529833;70,54;0;-20;-15;-10;-5
RED;29:20,8;40:26,3;3,14;3;11,09248333;0,283074575;1,046666667;1;111;44,5;0;1000112;327,6454667;73,68;0;-20;-15;-10;-5
RED;54:49,3;10:26,6;3,23;4;15,62035;0,206781538;0,8075;1;115;42,5;0;1000112;343,2658167;76,91;0;-20;-15;-10;-5
RED;12:10,8;27:29,6;13,95;24;75,31378333;0,18522506;0,58125;1;139;30,5;0;1000112;418,5796;90,86;0;-20;-15;-10;-5
RED;30:07,9;38:01,1;1,61;2;7,885833333;0,204163584;0,805;1;141;29,5;0;1000112;426,4654333;92,47;0;-20;-15;-10;-5
RED;57:49,5;16:23,1;5,43;10;18,56125;0,292544953;0,543;1;151;24,5;0;1000112;445,0266833;97,9;0;-20;-15;-10;-5
RED;38:31,6;48:27,4;2,02;4;9,929066667;0,20344309;0,505;1;155;22,5;0;1000112;454,95575;99,92;0;-20;-15;-10;-5
RED;31:35,0;42:35,8;2,22;5;11,01351667;0,201570494;0,444;1;5;97,5;1;1000113;11,01351667;2,22;0;-20;-15;-10;-5
RED;55:23,2;14:42,5;5,46;7;19,32131667;0,282589437;0,78;1;12;94;0;1000113;30,33483333;7,68;0;-20;-15;-10;-5
RED;23:19,5;07:10,6;11,02;16;43,85285;0,251294956;0,68875;1;28;86;0;1000113;74,18768333;18,7;0;-20;-15;-10;-5
RED;48:36,0;28:42,5;10,42;22;40,10941667;0,259789368;0,473636364;1;50;75;0;1000113;114,2971;29,12;0;-20;-15;-10;-5
RED;25:45,3;47:30,8;4,44;5;21,75791667;0,204063655;0,888;1;55;72,5;0;1000113;136,0550167;33,56;0;-20;-15;-10;-5
RED;58:58,9;49:12,4;12,38;17;50,2251;0,246490301;0,728235294;1;72;64;0;1000113;186,2801167;45,94;0;-20;-15;-10;-5
RED;04:29,7;31:45,2;5,48;17;27,2592;0,201033046;0,322352941;1;89;55,5;0;1000113;213,5393167;51,42;0;-20;-15;-10;-5
RED;46:19,0;30:38,3;10,94;11;44,32128333;0,246834008;0,994545455;1;100;50;0;1000113;257,8606;62,36;0;-20;-15;-10;-5
RED;39:16,0;45:33,1;1,21;3;6,2847;0,192531068;0,403333333;1;103;48,5;0;1000113;264,1453;63,57;0;-20;-15;-10;-5
RED;47:08,8;20:39,8;9,43;8;33,51791667;0,281342068;1,17875;1;111;44,5;0;1000113;297,6632167;73;0;-20;-15;-10;-5
RED;32:25,0;48:51,8;3,23;6;16,44788333;0,196377852;0,538333333;1;117;41,5;0;1000113;314,1111;76,23;0;-20;-15;-10;-5
RED;50:28,7;08:53,0;4,69;5;18,40561667;0,254813522;0,938;1;122;39;0;1000113;332,5167167;80,92;0;-20;-15;-10;-5
RED;15:32,1;30:50,7;3,23;6;15,30996667;0,210973679;0,538333333;1;128;36;0;1000113;347,8266833;84,15;0;-20;-15;-10;-5
RED;35:42,3;45:32,8;2,02;4;9,841266667;0,205258131;0,505;1;132;34;0;1000113;357,66795;86,17;0;-20;-15;-10;-5
RED;17:36,6;23:55,4;1,82;2;6,313866667;0,288254424;0,91;1;134;33;0;1000113;363,9818167;87,99;0;-20;-15;-10;-5
RED;46:58,0;56:42,1;1,82;5;9,736266667;0,186929966;0,364;1;139;30,5;0;1000113;373,7180833;89,81;0;-20;-15;-10;-5
RED;00:32,7;30:07,9;5,37;4;29,5873;0,181496791;1,3425;1;143;28,5;0;1000113;403,3053833;95,18;0;-20;-15;-10;-5
RED;31:54,6;46:24,3;3,03;6;14,4957;0,209027505;0,505;1;149;25,5;0;1000113;417,8010833;98,21;0;-20;-15;-10;-5
RED;14:17,6;34:21,4;4,03;10;20,06238333;0,200873442;0,403;1;159;20,5;0;1000113;437,8634667;102,24;0;-20;-15;-10;-5
RED;07:09,4;17:20,0;2,02;2;10,17553333;0,198515393;1,01;1;2;99;1;1000114;10,17553333;2,02;0;-20;-15;-10;-5
RED;56:33,8;31:13,9;6,57;8;34,66786667;0,189512671;0,82125;1;10;95;0;1000114;44,8434;8,59;0;-20;-15;-10;-5
RED;33:43,4;56:07,4;4,64;7;22,40056667;0,207137617;0,662857143;1;17;91,5;0;1000114;67,24396667;13,23;0;-20;-15;-10;-5
RED;17:32,2;52:37,3;6,89;12;35,08543333;0,196377794;0,574166667;1;29;85,5;0;1000114;102,3294;20,12;0;-20;-15;-10;-5
RED;59:52,1;13:37,8;3,45;5;13,76168333;0,250696075;0,69;1;34;83;0;1000114;116,0910833;23,57;0;-20;-15;-10;-5
RED;30:05,8;47:21,8;2,89;1;17,2678;0,167363532;2,89;1;35;82,5;0;1000114;133,3588833;26,46;0;-20;-15;-10;-5
RED;49:05,4;07:09,2;3,63;6;18,06445;0,200947164;0,605;1;41;79,5;0;1000114;151,4233333;30,09;0;-20;-15;-10;-5
RED;27:38,1;56:01,1;5,06;2;28,38196667;0,178282219;2,53;1;43;78,5;0;1000114;179,8053;35,15;0;-20;-15;-10;-5
RED;58:44,2;09:42,3;2,22;4;10,9685;0,202397775;0,555;1;47;76,5;0;1000114;190,7738;37,37;0;-20;-15;-10;-5
RED;21:25,0;34:24,9;2,54;2;12,99728333;0,195425454;1,27;1;49;75,5;0;1000114;203,7710833;39,91;0;-20;-15;-10;-5
RED;05:39,3;14:03,2;1,61;2;8,3976;0,191721444;0,805;1;51;74,5;0;1000114;212,1686833;41,52;0;-20;-15;-10;-5
RED;55:40,8;08:21,8;3,39;3;12,68288333;0,267289378;1,13;1;54;73;0;1000114;224,8515667;44,91;0;-20;-15;-10;-5
RED;10:14,8;00:09,5;9,45;8;49,9102;0,189340055;1,18125;1;62;69;0;1000114;274,7617667;54,36;0;-20;-15;-10;-5
RED;00:10,7;44:54,6;11,44;5;44,73195;0,255745614;2,288;1;67;66,5;0;1000114;319,4937167;65,8;0;-20;-15;-10;-5
RED;53:04,4;13:11,4;4,03;7;20,11623333;0,200335716;0,575714286;1;74;63;0;1000114;339,60995;69,83;0;-20;-15;-10;-5
RED;45:04,6;03:27,3;3,63;5;18,37761667;0,197522892;0,726;1;79;60,5;0;1000114;357,9875667;73,46;0;-20;-15;-10;-5
RED;06:15,9;28:32,4;5,73;9;22,2751;0,257237902;0,636666667;1;88;56;0;1000114;380,2626667;79,19;0;-20;-15;-10;-5
RED;46:27,8;53:12,4;1,82;2;6,7424;0,269933555;0,91;1;90;55;0;1000114;387,0050667;81,01;0;-20;-15;-10;-5
RED;08:37,4;20:06,7;2,22;3;11,48908333;0,193226904;0,74;1;93;53,5;0;1000114;398,49415;83,23;0;-20;-15;-10;-5
RED;41:04,0;51:42,6;3,14;4;10,64375;0,295008808;0,785;1;97;51,5;0;1000114;409,1379;86,37;0;-20;-15;-10;-5
RED;24:32,9;50:35,7;7,43;11;26,04716667;0,285251755;0,675454545;1;108;46;0;1000114;435,1850667;93,8;0;-20;-15;-10;-5
RED;53:43,5;14:17,2;4,24;11;20,56153333;0,206210302;0,385454545;1;119;40,5;0;1000114;455,7466;98,04;0;-20;-15;-10;-5
RED;17:07,9;29:01,3;2,42;7;11,889;0,2035495;0,345714286;1;126;37;0;1000114;467,6356;100,46;0;-20;-15;-10;-5
RED;33:06,5;54:24,3;5,53;7;21,29713333;0,259659359;0,79;1;133;33,5;0;1000114;488,9327333;105,99;0;-20;-15;-10;-5
RED;27:23,5;08:10,7;8,19;24;40,78741667;0,200797223;0,34125;1;157;21,5;0;1000114;529,72015;114,18;0;-20;-15;-10;-5
RED;54:08,1;05:16,5;2,14;4;11,14075;0,192087606;0,535;1;4;98;1;1000115;11,14075;2,14;0;-20;-15;-10;-5
RED;12:28,8;21:34,4;18,78;29;69,09306667;0,271807301;0,647586207;1;33;83,5;0;1000115;80,23381667;20,92;0;-20;-15;-10;-5
RED;38:58,0;18:42,7;9,96;21;39,74581667;0,25059241;0,474285714;1;54;73;0;1000115;119,9796333;30,88;0;-20;-15;-10;-5
RED;48:26,3;05:25,7;3,43;8;16,99036667;0,201879104;0,42875;1;62;69;0;1000115;136,97;34,31;0;-20;-15;-10;-5
RED;36:17,2;53:28,3;3,26;4;17,18428333;0,189708231;0,815;1;66;67;0;1000115;154,1542833;37,57;0;-20;-15;-10;-5
RED;05:44,3;27:46,3;5,73;9;22,03358333;0,260057564;0,636666667;1;75;62,5;0;1000115;176,1878667;43,3;0;-20;-15;-10;-5
RED;34:24,2;48:01,4;3,65;7;13,61988333;0,267990548;0,521428571;1;82;59;0;1000115;189,80775;46,95;0;-20;-15;-10;-5
RED;06:22,5;17:16,5;2,22;4;10,90011667;0,203667545;0,555;1;86;57;0;1000115;200,7078667;49,17;0;-20;-15;-10;-5
RED;14:41,4;32:38,4;5,14;5;17,94903333;0,286366397;1,028;1;91;54,5;0;1000115;218,6569;54,31;0;-20;-15;-10;-5
RED;42:22,7;47:16,6;1,01;2;4,897466667;0,206229071;0,505;1;93;53,5;0;1000115;223,5543667;55,32;0;-20;-15;-10;-5
RED;48:53,9;15:58,2;5,45;13;27,07196667;0,20131526;0,419230769;1;106;47;0;1000115;250,6263333;60,77;0;-20;-15;-10;-5
RED;20:37,7;47:58,4;7,03;7;27,34578333;0,257078026;1,004285714;1;113;43,5;0;1000115;277,9721167;67,8;0;-20;-15;-10;-5
RED;21:24,9;35:20,0;2,82;6;13,91883333;0,202603188;0,47;1;119;40,5;0;1000115;291,89095;70,62;0;-20;-15;-10;-5
RED;46:55,6;58:19,0;2,42;5;11,38983333;0,212470185;0,484;1;124;38;0;1000115;303,2807833;73,04;0;-20;-15;-10;-5
RED;57:42,1;16:38,2;3,83;8;18,93443333;0,20227698;0,47875;1;132;34;0;1000115;322,2152167;76,87;0;-20;-15;-10;-5
RED;57:23,3;46:17,7;8,83;9;48,9065;0,180548598;0,981111111;1;141;29,5;0;1000115;371,1217167;85,7;0;-20;-15;-10;-5
RED;08:43,0;23:10,6;3,91;6;14,46003333;0,270400483;0,651666667;1;147;26,5;0;1000115;385,58175;89,61;0;-20;-15;-10;-5
RED;05:54,4;16:00,8;2,02;3;10,10816667;0,199838414;0,673333333;1;150;25;0;1000115;395,6899167;91,63;0;-20;-15;-10;-5
RED;47:44,7;13:10,2;5,24;9;25,42483333;0,206097713;0,582222222;1;159;20,5;0;1000115;421,11475;96,87;0;-20;-15;-10;-5
RED;15:31,7;30:33,2;3,03;4;15,02546667;0,20165763;0,7575;1;4;98;1;1000116;15,02546667;3,03;0;-20;-15;-10;-5
RED;36:53,2;50:47,4;3,75;7;13,90301667;0,269725635;0,535714286;1;11;94,5;0;1000116;28,92848333;6,78;0;-20;-15;-10;-5
RED;17:33,1;44:24,8;5,45;14;26,86148333;0,202892742;0,389285714;1;25;87,5;0;1000116;55,78996667;12,23;0;-20;-15;-10;-5
RED;46:34,0;52:47,1;1,56;2;6,218283333;0,250873097;0,78;1;27;86,5;0;1000116;62,00825;13,79;0;-20;-15;-10;-5
RED;24:22,6;56:50,9;36,91;37;212,4706667;0,173718098;0,997567568;1;64;68;0;1000116;274,4789167;50,7;0;-20;-15;-10;-5
RED;16:56,8;38:41,7;4,44;6;21,7492;0,20414544;0,74;1;70;65;0;1000116;296,2281167;55,14;0;-20;-15;-10;-5
RED;10:32,4;29:36,2;3,83;4;19,0644;0,200898009;0,9575;1;74;63;0;1000116;315,2925167;58,97;0;-20;-15;-10;-5
RED;22:18,3;36:16,4;2,82;5;13,96868333;0,201880158;0,564;1;79;60,5;0;1000116;329,2612;61,79;0;-20;-15;-10;-5
RED;41:56,2;14:39,4;8,09;6;32,71886667;0,247257953;1,348333333;1;85;57,5;0;1000116;361,9800667;69,88;0;-20;-15;-10;-5
RED;36:35,6;11:21,6;6,81;6;34,76656667;0,19587784;1,135;1;91;54,5;0;1000116;396,7466333;76,69;0;-20;-15;-10;-5
RED;15:56,6;27:36,4;2,82;2;11,66226667;0,241805481;1,41;1;93;53,5;0;1000116;408,4089;79,51;0;-20;-15;-10;-5
RED;42:37,1;03:43,8;4,35;8;21,11256667;0,206038426;0,54375;1;101;49,5;0;1000116;429,5214667;83,86;0;-20;-15;-10;-5
RED;44:18,7;55:43,6;2,22;4;11,41401667;0,194497701;0,555;1;105;47,5;0;1000116;440,9354833;86,08;0;-20;-15;-10;-5
RED;06:56,0;28:54,6;4,56;22;21,97668333;0,207492638;0,207272727;1;127;36,5;0;1000116;462,9121667;90,64;0;-20;-15;-10;-5
RED;38:34,0;59:08,5;4,24;9;20,57561667;0,206069158;0,471111111;1;136;32;0;1000116;483,4877833;94,88;0;-20;-15;-10;-5
RED;22:36,7;25:53,3;0,61;1;3,277466667;0,18611936;0,61;1;137;31,5;0;1000116;486,76525;95,49;0;-20;-15;-10;-5
RED;48:54,0;53:10,1;1,01;2;4,267733333;0,236659585;0,505;1;139;30,5;0;1000116;491,0329833;96,5;0;-20;-15;-10;-5
RED;29:48,7;48:28,4;3,83;9;18,6615;0,205235378;0,425555556;1;148;26;0;1000116;509,6944833;100,33;0;-20;-15;-10;-5
RED;17:17,7;28:19,3;3,14;6;11,0269;0,284758182;0,523333333;1;154;23;0;1000116;520,7213833;103,47;0;-20;-15;-10;-5
RED;30:00,3;54:27,2;6,89;20;24,44918333;0,281809004;0,3445;1;20;90;1;1000117;24,44918333;6,89;0;-20;-15;-10;-5
RED;06:56,8;20:29,9;2,82;4;13,55098333;0,208102979;0,705;1;24;88;0;1000117;38,00016667;9,71;0;-20;-15;-10;-5
RED;32:40,4;42:29,4;2,61;3;9,816716667;0,265873009;0,87;1;27;86,5;0;1000117;47,81688333;12,32;0;-20;-15;-10;-5
RED;24:17,8;46:27,2;4,31;7;22,1567;0,194523553;0,615714286;1;34;83;0;1000117;69,97358333;16,63;0;-20;-15;-10;-5
RED;55:03,6;01:09,7;1,56;2;6,102133333;0,255648298;0,78;1;36;82;0;1000117;76,07571667;18,19;0;-20;-15;-10;-5
RED;03:28,9;12:25,9;1,73;1;8,949716667;0,193302209;1,73;1;37;81,5;0;1000117;85,02543333;19,92;0;-20;-15;-10;-5
RED;53:38,8;12:50,9;3,83;13;19,20183333;0,199460121;0,294615385;1;50;75;0;1000117;104,2272667;23,75;0;-20;-15;-10;-5
RED;16:18,5;27:29,2;2,22;5;11,17768333;0,198610028;0,444;1;55;72,5;0;1000117;115,40495;25,97;0;-20;-15;-10;-5
RED;40:33,6;52:16,9;2,34;6;11,72146667;0,19963372;0,39;1;61;69,5;0;1000117;127,1264167;28,31;0;-20;-15;-10;-5
RED;08:12,1;32:35,8;5,04;9;24,39475;0,20660183;0,56;1;70;65;0;1000117;151,5211667;33,35;0;-20;-15;-10;-5
RED;47:48,6;56:22,8;1,82;3;8,56945;0,212382358;0,606666667;1;73;63,5;0;1000117;160,0906167;35,17;0;-20;-15;-10;-5
RED;02:35,9;13:36,3;3,14;4;11,00678333;0,285278624;0,785;1;77;61,5;0;1000117;171,0974;38,31;0;-20;-15;-10;-5
RED;26:36,9;39:03,2;2,62;4;12,43798333;0,21064508;0,655;1;81;59,5;0;1000117;183,5353833;40,93;0;-20;-15;-10;-5
RED;06:20,5;43:28,0;9,14;14;37,12428333;0,246200039;0,652857143;1;95;52,5;0;1000117;220,6596667;50,07;0;-20;-15;-10;-5
RED;31:10,8;57:31,4;5,24;10;26,34368333;0,198909163;0,524;1;105;47,5;0;1000117;247,00335;55,31;0;-20;-15;-10;-5
RED;20:53,9;39:42,8;3,83;6;18,81445;0,203566939;0,638333333;1;111;44,5;0;1000117;265,8178;59,14;0;-20;-15;-10;-5
RED;40:08,6;55:29,0;3,03;6;15,34041667;0,197517451;0,505;1;117;41,5;0;1000117;281,1582167;62,17;0;-20;-15;-10;-5
RED;55:36,8;09:41,5;2,74;5;14,07915;0,194614021;0,548;1;122;39;0;1000117;295,2373667;64,91;0;-20;-15;-10;-5
RED;17:15,8;47:11,8;6,05;11;29,93298333;0,202118176;0,55;1;133;33,5;0;1000117;325,17035;70,96;0;-20;-15;-10;-5
RED;48:27,1;04:47,6;4,57;7;16,342;0,279647534;0,652857143;1;140;30;0;1000117;341,51235;75,53;0;-20;-15;-10;-5
RED;35:21,6;47:15,4;2,42;2;11,89623333;0,203425734;1,21;1;142;29;0;1000117;353,4085833;77,95;0;-20;-15;-10;-5
RED;01:53,7;39:25,7;7,38;14;37,53265;0,196628802;0,527142857;1;156;22;0;1000117;390,9412333;85,33;0;-20;-15;-10;-5
RED;09:19,6;30:47,5;4,24;12;21,46568333;0,197524576;0,353333333;1;12;94;1;1000118;21,46568333;4,24;0;-20;-15;-10;-5
RED;25:35,8;30:11,7;0,81;2;4,5989;0,176129074;0,405;1;14;93;0;1000118;26,06458333;5,05;0;-20;-15;-10;-5
RED;32:35,3;58:24,7;5,16;10;25,82263333;0,199824702;0,516;1;24;88;0;1000118;51,88721667;10,21;0;-20;-15;-10;-5
RED;06:48,2;35:32,6;5,68;9;28,74075;0,197628802;0,631111111;1;33;83,5;0;1000118;80,62796667;15,89;0;-20;-15;-10;-5
RED;11:18,1;29:07,5;3,63;7;17,82471667;0,203649801;0,518571429;1;40;80;0;1000118;98,45268333;19,52;0;-20;-15;-10;-5
RED;41:15,6;52:49,8;2,42;4;11,56958333;0,209169158;0,605;1;44;78;0;1000118;110,0222667;21,94;0;-20;-15;-10;-5
RED;19:57,9;42:55,6;5,99;13;22,96158333;0,260870512;0,460769231;1;57;71,5;0;1000118;132,98385;27,93;0;-20;-15;-10;-5
RED;44:47,3;33:26,5;9,25;12;48,65328333;0,190120776;0,770833333;1;69;65,5;0;1000118;181,6371333;37,18;0;-20;-15;-10;-5
RED;51:50,0;15:11,5;4,22;4;23,35816667;0,180664864;1,055;1;73;63,5;0;1000118;204,9953;41,4;0;-20;-15;-10;-5
RED;17:01,8;38:49,2;4,44;7;21,78998333;0,20376335;0,634285714;1;80;60;0;1000118;226,7852833;45,84;0;-20;-15;-10;-5
RED;41:03,2;01:31,7;5,47;5;20,47655;0,267134844;1,094;1;85;57,5;0;1000118;247,2618333;51,31;0;-20;-15;-10;-5
RED;19:33,1;34:37,9;3,03;5;15,07848333;0,200948592;0,606;1;90;55;0;1000118;262,3403167;54,34;0;-20;-15;-10;-5
RED;15:11,0;42:45,9;5,48;10;27,58173333;0,19868222;0,548;1;100;50;0;1000118;289,92205;59,82;0;-20;-15;-10;-5
RED;39:51,5;01:13,4;6;14;21,36466667;0,28083752;0,428571429;1;114;43;0;1000118;311,2867167;65,82;0;-20;-15;-10;-5
RED;04:32,6;08:39,7;0,81;2;4,118866667;0,196656038;0,405;1;116;42;0;1000118;315,4055833;66,63;0;-20;-15;-10;-5
RED;52:53,2;21:45,1;5,77;12;28,86486667;0,199896991;0,480833333;1;128;36;0;1000118;344,27045;72,4;0;-20;-15;-10;-5
RED;34:59,2;56:31,3;5,73;8;21,5351;0,266077241;0,71625;1;136;32;0;1000118;365,80555;78,13;0;-20;-15;-10;-5
RED;15:06,4;42:33,5;5,45;18;27,4511;0,198534849;0,302777778;1;154;23;0;1000118;393,25665;83,58;0;-20;-15;-10;-5
RED;59:03,2;40:18,5;11,37;12;41,25386667;0,275610529;0,9475;1;12;94;1;1000119;41,25386667;11,37;0;-20;-15;-10;-5
RED;54:24,9;07:59,3;2,62;8;13,574;0,19301606;0,3275;1;20;90;0;1000119;54,82786667;13,99;0;-20;-15;-10;-5
RED;29:34,7;54:48,2;5,08;11;25,22435;0,201392702;0,461818182;1;31;84,5;0;1000119;80,05221667;19,07;0;-20;-15;-10;-5
RED;03:10,5;18:08,6;3,14;5;14,96811667;0,209779231;0,628;1;36;82;0;1000119;95,02033333;22,21;0;-20;-15;-10;-5
RED;26:37,9;33:05,4;1,56;2;6,45785;0,241566466;0,78;1;38;81;0;1000119;101,4781833;23,77;0;-20;-15;-10;-5
RED;34:56,1;39:12,9;1,04;1;4,280466667;0,242964163;1,04;1;39;80,5;0;1000119;105,75865;24,81;0;-20;-15;-10;-5
RED;34:54,1;43:57,3;1,82;3;9,05375;0,201021676;0,606666667;1;42;79;0;1000119;114,8124;26,63;0;-20;-15;-10;-5
RED;03:02,1;31:21,3;5,52;9;28,32133333;0,194906078;0,613333333;1;51;74,5;0;1000119;143,1337333;32,15;0;-20;-15;-10;-5
RED;09:19,0;25:37,9;3,23;9;16,31516667;0,197975299;0,358888889;1;60;70;0;1000119;159,4489;35,38;0;-20;-15;-10;-5
RED;40:52,1;45:47,8;1,01;1;4,929833333;0,20487508;1,01;1;61;69,5;0;1000119;164,3787333;36,39;0;-20;-15;-10;-5
RED;41:47,7;46:57,9;1,43;1;5,169716667;0,276610904;1,43;1;62;69;0;1000119;169,54845;37,82;0;-20;-15;-10;-5
RED;47:44,9;58:32,5;2,22;3;10,79286667;0,205691413;0,74;1;65;67,5;0;1000119;180,3413167;40,04;0;-20;-15;-10;-5
RED;33:37,9;22:06,9;12,62;29;48,48353333;0,26029456;0,435172414;1;94;53;0;1000119;228,82485;52,66;0;-20;-15;-10;-5
RED;47:17,0;23:43,2;7,26;25;36,43725;0,19924665;0,2904;1;119;40,5;0;1000119;265,2621;59,92;0;-20;-15;-10;-5
RED;53:22,9;12:48,1;3,91;8;19,41911667;0,201347984;0,48875;1;127;36,5;0;1000119;284,6812167;63,83;0;-20;-15;-10;-5
RED;32:30,6;43:00,9;2,02;4;10,50546667;0,192280844;0,505;1;131;34,5;0;1000119;295,1866833;65,85;0;-20;-15;-10;-5
RED;10:00,8;19:45,4;2,02;5;9,743683333;0,207313798;0,404;1;136;32;0;1000119;304,9303667;67,87;0;-20;-15;-10;-5
RED;25:56,4;52:32,5;5,45;18;26,60186667;0,204872841;0,302777778;1;154;23;0;1000119;331,5322333;73,32;0;-20;-15;-10;-5
RED;53:18,2;05:29,7;2,42;3;12,1909;0,198508724;0,806666667;1;157;21,5;0;1000119;343,7231333;75,74;0;-20;-15;-10;-5
RED;33:19,6;45:07,0;2,42;3;11,7901;0,205256953;0,806666667;1;3;98,5;1;1000120;11,7901;2,42;0;-20;-15;-10;-5
RED;15:00,4;31:01,7;3,23;6;16,02115;0,201608499;0,538333333;1;9;95,5;0;1000120;27,81125;5,65;0;-20;-15;-10;-5
RED;31:25,2;45:42,7;2,82;4;14,29091667;0,19732814;0,705;1;13;93,5;0;1000120;42,10216667;8,47;0;-20;-15;-10;-5
RED;21:00,0;37:26,4;3,23;8;16,44001667;0,19647182;0,40375;1;21;89,5;0;1000120;58,54218333;11,7;0;-20;-15;-10;-5
RED;01:04,7;19:01,7;14,35;6;77,9509;0,184090241;2,391666667;1;27;86,5;0;1000120;136,4930833;26,05;0;-20;-15;-10;-5
RED;45:49,3;03:12,7;3,43;9;17,391;0,197228451;0,381111111;1;36;82;0;1000120;153,8840833;29,48;0;-20;-15;-10;-5
RED;11:21,8;26:02,0;3,91;7;14,66898333;0,266548806;0,558571429;1;43;78,5;0;1000120;168,5530667;33,39;0;-20;-15;-10;-5
RED;25:36,2;42:31,6;3,55;8;16,9228;0,20977616;0,44375;1;51;74,5;0;1000120;185,4758667;36,94;0;-20;-15;-10;-5
RED;00:11,0;14:40,3;3,03;7;14,48805;0,209137876;0,432857143;1;58;71;0;1000120;199,9639167;39,97;0;-20;-15;-10;-5
RED;21:11,5;25:03,4;0,81;2;3,864816667;0,209583033;0,405;1;60;70;0;1000120;203,8287333;40,78;0;-20;-15;-10;-5
RED;28:26,3;36:45,7;1,61;2;8,323483333;0,193428633;0,805;1;62;69;0;1000120;212,1522167;42,39;0;-20;-15;-10;-5
RED;38:42,4;54:26,5;3,03;6;15,73595;0,192552722;0,505;1;68;66;0;1000120;227,8881667;45,42;0;-20;-15;-10;-5
RED;26:38,1;44:48,5;3,13;2;18,1731;0,172232586;1,565;1;70;65;0;1000120;246,0612667;48,55;0;-20;-15;-10;-5
RED;45:15,8;59:22,0;2,82;6;14,10451667;0,199935954;0,47;1;76;62;0;1000120;260,1657833;51,37;0;-20;-15;-10;-5
RED;59:56,5;15:54,5;3,14;5;15,96605;0,196667303;0,628;1;81;59,5;0;1000120;276,1318333;54,51;0;-20;-15;-10;-5
RED;18:44,4;30:42,3;2,42;7;11,96373333;0,202277996;0,345714286;1;88;56;0;1000120;288,0955667;56,93;0;-20;-15;-10;-5
RED;37:38,1;06:20,6;5,77;11;28,70721667;0,200994756;0,524545455;1;99;50,5;0;1000120;316,8027833;62,7;0;-20;-15;-10;-5
RED;06:38,4;13:40,9;1,41;4;7,041633333;0,200237634;0,3525;1;103;48,5;0;1000120;323,8444167;64,11;0;-20;-15;-10;-5
RED;28:45,9;37:03,8;1,61;1;8,297883333;0,194025384;1,61;1;104;48;0;1000120;332,1423;65,72;0;-20;-15;-10;-5
RED;49:37,4;05:48,9;3,43;7;16,19075;0,211849358;0,49;1;111;44,5;0;1000120;348,33305;69,15;0;-20;-15;-10;-5
RED;06:16,6;31:07,2;6,21;7;24,84311667;0,249968637;0,887142857;1;118;41;0;1000120;373,1761667;75,36;0;-20;-15;-10;-5
RED;36:51,0;11:42,7;8,51;9;34,8613;0,244110231;0,945555556;1;127;36,5;0;1000120;408,0374667;83,87;0;-20;-15;-10;-5
RED;14:06,2;05:09,5;9,07;8;51,05536667;0,177650276;1,13375;1;135;32,5;0;1000120;459,0928333;92,94;0;-20;-15;-10;-5
RED;06:34,8;18:41,0;2,42;4;12,10393333;0,199935007;0,605;1;139;30,5;0;1000120;471,1967667;95,36;0;-20;-15;-10;-5
RED;18:49,6;26:34,4;12;11;67,74735;0,177128699;1,090909091;1;150;25;0;1000120;538,9441167;107,36;0;-20;-15;-10;-5
RED;27:48,9;38:49,1;2,22;4;11,0034;0,201755821;0,555;1;154;23;0;1000120;549,9475167;109,58;9,947516667;-10,05248333;-5,052483333;-0,052483333;4,947516667
RED;06:48,1;50:18,2;8,87;26;43,5021;0,203898203;0,341153846;1;26;87;1;1000121;43,5021;8,87;0;-20;-15;-10;-5
RED;19:37,6;27:53,2;2,08;2;8,260133333;0,251811916;1,04;1;28;86;0;1000121;51,76223333;10,95;0;-20;-15;-10;-5
RED;52:04,9;59:31,8;1,61;3;7,448216667;0,216159125;0,536666667;1;31;84,5;0;1000121;59,21045;12,56;0;-20;-15;-10;-5
RED;10:26,4;25:07,8;3,03;7;14,69068333;0,20625317;0,432857143;1;38;81;0;1000121;73,90113333;15,59;0;-20;-15;-10;-5
RED;41:17,3;59:21,8;4,69;9;18,07598333;0,259460297;0,521111111;1;47;76,5;0;1000121;91,97711667;20,28;0;-20;-15;-10;-5
RED;37:51,9;59:07,0;4,35;9;21,25158333;0,204690631;0,483333333;1;56;72;0;1000121;113,2287;24,63;0;-20;-15;-10;-5
RED;03:54,3;17:13,9;2,62;6;13,3267;0,196597807;0,436666667;1;62;69;0;1000121;126,5554;27,25;0;-20;-15;-10;-5
RED;31:44,8;29:03,3;13,9;29;57,30893333;0,242545083;0,479310345;1;91;54,5;0;1000121;183,8643333;41,15;0;-20;-15;-10;-5
RED;21:07,6;23:31,8;0,4;1;2,403683333;0,166411272;0,4;1;92;54;0;1000121;186,2680167;41,55;0;-20;-15;-10;-5
RED;27:33,5;45:48,1;3,63;7;18,24363333;0,198973523;0,518571429;1;99;50,5;0;1000121;204,51165;45,18;0;-20;-15;-10;-5
RED;55:57,3;21:16,8;4,83;14;25,32606667;0,190712599;0,345;1;113;43,5;0;1000121;229,8377167;50,01;0;-20;-15;-10;-5
RED;24:33,7;35:30,3;2,22;2;10,94328333;0,202864162;1,11;1;115;42,5;0;1000121;240,781;52,23;0;-20;-15;-10;-5
RED;33:41,8;00:46,4;6,73;5;27,07735;0,248547218;1,346;1;120;40;0;1000121;267,85835;58,96;0;-20;-15;-10;-5
RED;12:14,6;26:21,0;2,82;5;14,1072;0,199897924;0,564;1;125;37,5;0;1000121;281,96555;61,78;0;-20;-15;-10;-5
RED;28:20,8;00:52,9;8,34;7;32,53418333;0,256345761;1,191428571;1;132;34;0;1000121;314,4997333;70,12;0;-20;-15;-10;-5
RED;01:33,7;11:34,8;2,02;3;10,01928333;0,201611226;0,673333333;1;135;32,5;0;1000121;324,5190167;72,14;0;-20;-15;-10;-5
RED;20:24,0;44:39,2;4,84;9;24,25423333;0,199552793;0,537777778;1;144;28;0;1000121;348,77325;76,98;0;-20;-15;-10;-5
RED;47:08,9;59:38,6;2,62;5;12,49513333;0,209681636;0,524;1;149;25,5;0;1000121;361,2683833;79,6;0;-20;-15;-10;-5
RED;01:40,7;42:01,1;17,23;17;100,33955;0,171716935;1,013529412;1;17;91,5;1;1000122;100,33955;17,23;0;-20;-15;-10;-5
RED;49:09,4;58:13,3;1,82;4;9,06455;0,200782168;0,455;1;21;89,5;0;1000122;109,4041;19,05;0;-20;-15;-10;-5
RED;37:27,4;47:39,6;2,02;5;10,20295;0,197981956;0,404;1;26;87;0;1000122;119,60705;21,07;0;-20;-15;-10;-5
RED;57:12,8;06:17,6;1,82;4;9,079983333;0,200440897;0,455;1;30;85;0;1000122;128,6870333;22,89;0;-20;-15;-10;-5
RED;33:23,6;02:43,8;7,55;20;29,33705;0,257353756;0,3775;1;50;75;0;1000122;158,0240833;30,44;0;-20;-15;-10;-5
RED;05:54,4;37:21,4;6,33;11;31,45118333;0,201264287;0,575454545;1;61;69,5;0;1000122;189,4752667;36,77;0;-20;-15;-10;-5
RED;00:47,4;28:11,0;5,45;11;27,39285;0,198957027;0,495454545;1;72;64;0;1000122;216,8681167;42,22;0;-20;-15;-10;-5
RED;29:39,4;46:02,8;3,23;6;16,39036667;0,197066976;0,538333333;1;78;61;0;1000122;233,2584833;45,45;0;-20;-15;-10;-5
RED;00:09,4;11:34,0;2,42;3;11,41035;0,212088148;0,806666667;1;81;59,5;0;1000122;244,6688333;47,87;0;-20;-15;-10;-5
RED;45:09,2;10:35,9;5,24;10;25,44498333;0,205934503;0,524;1;91;54,5;0;1000122;270,1138167;53,11;0;-20;-15;-10;-5
RED;55:13,8;17:16,4;4,44;10;22,04283333;0,201426011;0,444;1;101;49,5;0;1000122;292,15665;57,55;0;-20;-15;-10;-5
RED;32:21,7;41:36,9;2,34;2;9,254083333;0,252861349;1,17;1;103;48,5;0;1000122;301,4107333;59,89;0;-20;-15;-10;-5
RED;44:44,3;10:12,4;4,88;6;25,46706667;0,191620027;0,813333333;1;109;45,5;0;1000122;326,8778;64,77;0;-20;-15;-10;-5
RED;47:12,5;55:49,5;2,34;4;8,616166667;0,27158249;0,585;1;113;43,5;0;1000122;335,4939667;67,11;0;-20;-15;-10;-5
RED;02:02,3;14:35,5;2,54;5;12,55373333;0,20233025;0,508;1;118;41;0;1000122;348,0477;69,65;0;-20;-15;-10;-5
RED;21:22,6;29:17,2;1,61;4;7,9106;0,203524385;0,4025;1;122;39;0;1000122;355,9583;71,26;0;-20;-15;-10;-5
RED;38:23,4;45:03,6;1,41;3;6,670183333;0,211388493;0,47;1;125;37,5;0;1000122;362,6284833;72,67;0;-20;-15;-10;-5
RED;03:11,0;33:33,5;6,25;12;30,3742;0,205766736;0,520833333;1;137;31,5;0;1000122;393,0026833;78,92;0;-20;-15;-10;-5
RED;38:00,9;01:54,6;4,56;16;23,89428333;0,190840626;0,285;1;153;23,5;0;1000122;416,8969667;83,48;0;-20;-15;-10;-5
RED;42:56,2;11:43,8;5,68;13;28,7935;0,197266744;0,436923077;1;13;93,5;1;1000123;28,7935;5,68;0;-20;-15;-10;-5
RED;16:10,5;42:21,7;5,24;16;26,18656667;0,200102597;0,3275;1;29;85,5;0;1000123;54,98006667;10,92;0;-20;-15;-10;-5
RED;47:34,1;59:12,4;2,42;6;11,63978333;0,20790765;0,403333333;1;35;82,5;0;1000123;66,61985;13,34;0;-20;-15;-10;-5
RED;59:35,4;12:34,2;2,62;7;12,97993333;0,201850035;0,374285714;1;42;79;0;1000123;79,59978333;15,96;0;-20;-15;-10;-5
RED;19:21,3;29:54,1;2,22;6;10,54721667;0,21048207;0,37;1;48;76;0;1000123;90,147;18,18;0;-20;-15;-10;-5
RED;34:12,8;41:12,3;1,41;4;6,991316667;0,201678749;0,3525;1;52;74;0;1000123;97,13831667;19,59;0;-20;-15;-10;-5
RED;25:10,7;39:34,2;3,61;5;14,39193333;0,250834958;0,722;1;57;71,5;0;1000123;111,53025;23,2;0;-20;-15;-10;-5
RED;18:50,1;23:33,4;1,01;2;4,721433333;0,21391809;0,505;1;59;70,5;0;1000123;116,2516833;24,21;0;-20;-15;-10;-5
RED;14:41,6;32:23,5;3,63;8;17,69871667;0,205099616;0,45375;1;67;66,5;0;1000123;133,9504;27,84;0;-20;-15;-10;-5
RED;32:30,8;45:55,4;2,62;8;13,40875;0,195394798;0,3275;1;75;62,5;0;1000123;147,35915;30,46;0;-20;-15;-10;-5
RED;47:22,8;53:52,0;1,41;2;6,486066667;0,21738907;0,705;1;77;61,5;0;1000123;153,8452167;31,87;0;-20;-15;-10;-5
RED;56:00,0;14:04,7;3,63;17;18,07803333;0,200796178;0,213529412;1;94;53;0;1000123;171,92325;35,5;0;-20;-15;-10;-5
RED;31:20,4;49:50,4;3,83;8;18,5005;0,207021432;0,47875;1;102;49;0;1000123;190,42375;39,33;0;-20;-15;-10;-5
RED;50:05,7;05:31,3;3,03;4;15,4261;0,196420353;0,7575;1;106;47;0;1000123;205,84985;42,36;0;-20;-15;-10;-5
RED;55:15,0;07:44,4;2,62;3;12,48996667;0,209768374;0,873333333;1;109;45,5;0;1000123;218,3398167;44,98;0;-20;-15;-10;-5
RED;13:10,7;24:33,8;2,22;4;11,38405;0,195009685;0,555;1;113;43,5;0;1000123;229,7238667;47,2;0;-20;-15;-10;-5
RED;25:06,2;50:13,5;5,16;8;25,12165;0,205400521;0,645;1;121;39,5;0;1000123;254,8455167;52,36;0;-20;-15;-10;-5
RED;51:11,6;16:14,8;5,04;8;25,05301667;0,201173378;0,63;1;129;35,5;0;1000123;279,8985333;57,4;0;-20;-15;-10;-5
RED;18:03,1;35:33,6;3,55;7;17,50845;0,202759239;0,507142857;1;136;32;0;1000123;297,4069833;60,95;0;-20;-15;-10;-5
RED;36:00,9;00:41,2;5,04;9;24,67165;0,204283054;0,56;1;145;27,5;0;1000123;322,0786333;65,99;0;-20;-15;-10;-5
RED;23:44,2;32:26,4;1,61;3;8,702883333;0,18499616;0,536666667;1;148;26;0;1000123;330,7815167;67,6;0;-20;-15;-10;-5
RED;36:16,4;13:33,9;7,5;14;37,29163333;0,201117498;0,535714286;1;14;93;1;1000124;37,29163333;7,5;0;-20;-15;-10;-5
RED;15:08,4;27:41,3;2,62;5;12,54911667;0,208779635;0,524;1;19;90,5;0;1000124;49,84075;10,12;0;-20;-15;-10;-5
RED;30:05,0;04:36,9;6,98;21;34,53201667;0,202131259;0,332380952;1;40;80;0;1000124;84,37276667;17,1;0;-20;-15;-10;-5
RED;35:10,7;51:21,5;3,23;6;16,18;0,199629172;0,538333333;1;46;77;0;1000124;100,5527667;20,33;0;-20;-15;-10;-5
RED;13:05,4;29:55,9;3,35;4;16,84113333;0,198917729;0,8375;1;50;75;0;1000124;117,3939;23,68;0;-20;-15;-10;-5
RED;36:13,7;43:07,5;1,41;2;6,895666667;0,204476241;0,705;1;52;74;0;1000124;124,2895667;25,09;0;-20;-15;-10;-5
RED;00:52,7;38:14,8;10,57;15;37,36848333;0,282858683;0,704666667;1;67;66,5;0;1000124;161,65805;35,66;0;-20;-15;-10;-5
RED;41:42,1;09:03,0;5,52;16;27,34813333;0,201841929;0,345;1;83;58,5;0;1000124;189,0061833;41,18;0;-20;-15;-10;-5
RED;15:46,6;44:13,8;5,6;8;28,45295;0,196816147;0,7;1;91;54,5;0;1000124;217,4591333;46,78;0;-20;-15;-10;-5
RED;08:41,3;47:40,2;7,87;33;38,98171667;0,201889518;0,238484848;1;124;38;0;1000124;256,44085;54,65;0;-20;-15;-10;-5
RED;38:58,5;03:12,3;6,25;11;24,23071667;0,257937067;0,568181818;1;135;32,5;0;1000124;280,6715667;60,9;0;-20;-15;-10;-5
RED;09:54,3;55:41,8;9,28;24;45,79148333;0,202657772;0,386666667;1;159;20,5;0;1000124;326,46305;70,18;0;-20;-15;-10;-5
RED;44:13,2;58:19,5;2,82;6;14,10501667;0,199928867;0,47;1;6;97;1;1000125;14,10501667;2,82;0;-20;-15;-10;-5
RED;47:59,0;06:02,4;4,89;8;18,05631667;0,270819353;0,61125;1;14;93;0;1000125;32,16133333;7,71;0;-20;-15;-10;-5
RED;14:15,1;34:18,6;3,95;9;20,05843333;0,196924652;0,438888889;1;23;88,5;0;1000125;52,21976667;11,66;0;-20;-15;-10;-5
RED;09:52,9;19:12,7;1,82;4;9,329016667;0,195090229;0,455;1;27;86,5;0;1000125;61,54878333;13,48;0;-20;-15;-10;-5
RED;20:29,9;00:28,2;7,94;19;39,97153333;0,198641366;0,417894737;1;46;77;0;1000125;101,5203167;21,42;0;-20;-15;-10;-5
RED;08:52,2;14:26,4;1,21;1;5,56985;0,217241039;1,21;1;47;76,5;0;1000125;107,0901667;22,63;0;-20;-15;-10;-5
RED;29:23,0;38:23,3;1,82;2;9,004683333;0,202117046;0,91;1;49;75,5;0;1000125;116,09485;24,45;0;-20;-15;-10;-5
RED;46:05,6;57:29,3;2,87;6;11,39618333;0,2518387;0,478333333;1;55;72,5;0;1000125;127,4910333;27,32;0;-20;-15;-10;-5
RED;07:12,4;32:03,8;4,96;9;24,85615;0,1995482;0,551111111;1;64;68;0;1000125;152,3471833;32,28;0;-20;-15;-10;-5
RED;34:52,5;05:50,6;6,25;16;30,96915;0,20181374;0,390625;1;80;60;0;1000125;183,3163333;38,53;0;-20;-15;-10;-5
RED;36:11,0;54:22,5;3,51;5;18,19198333;0,192942129;0,702;1;85;57,5;0;1000125;201,5083167;42,04;0;-20;-15;-10;-5
RED;54:36,4;03:48,9;1,82;3;9,2083;0,197647774;0,606666667;1;88;56;0;1000125;210,7166167;43,86;0;-20;-15;-10;-5
RED;49:21,4;02:57,4;4;6;13,59996667;0,294118368;0,666666667;1;94;53;0;1000125;224,3165833;47,86;0;-20;-15;-10;-5
RED;07:05,4;13:56,3;12,13;11;66,84743333;0,181457977;1,102727273;1;105;47,5;0;1000125;291,1640167;59,99;0;-20;-15;-10;-5
RED;24:23,9;38:57,8;3,03;4;14,565;0,208032956;0,7575;1;109;45,5;0;1000125;305,7290167;63,02;0;-20;-15;-10;-5
RED;37:43,6;53:16,9;3,23;6;15,55473333;0,207653833;0,538333333;1;115;42,5;0;1000125;321,28375;66,25;0;-20;-15;-10;-5
RED;14:24,8;33:06,6;4,95;7;18,69721667;0,264745287;0,707142857;1;122;39;0;1000125;339,9809667;71,2;0;-20;-15;-10;-5
RED;36:00,9;50:18,9;2,82;4;14,30095;0,197189697;0,705;1;126;37;0;1000125;354,2819167;74,02;0;-20;-15;-10;-5
RED;47:28,2;50:01,6;0,4;1;2,5578;0,156384393;0,4;1;127;36,5;0;1000125;356,8397167;74,42;0;-20;-15;-10;-5
RED;31:50,2;40:47,9;1,82;2;8,96185;0,203083069;0,91;1;129;35,5;0;1000125;365,8015667;76,24;0;-20;-15;-10;-5
RED;17:52,9;26:12,5;1,61;4;8,3259;0,193372488;0,4025;1;133;33,5;0;1000125;374,1274667;77,85;0;-20;-15;-10;-5
RED;35:21,2;53:08,5;3,63;7;17,788;0,20407016;0,518571429;1;140;30;0;1000125;391,9154667;81,48;0;-20;-15;-10;-5
RED;03:57,4;51:27,6;10,53;8;47,50388333;0,221666088;1,31625;1;148;26;0;1000125;439,41935;92,01;0;-20;-15;-10;-5
RED;55:25,8;07:22,0;2,42;3;11,93666667;0,202736666;0,806666667;1;151;24,5;0;1000125;451,3560167;94,43;0;-20;-15;-10;-5
RED;31:38,9;40:39,1;1,82;3;9,004116667;0,202129767;0,606666667;1;154;23;0;1000125;460,3601333;96,25;0;-20;-15;-10;-5
RED;51:46,3;54:26,4;0,61;0;2,669466667;0,228510064;inf;1;154;23;0;1000125;463,0296;96,86;0;-20;-15;-10;-5
RED;46:30,9;03:30,3;3,43;7;16,98916667;0,201893363;0,49;1;7;96,5;1;1000126;16,98916667;3,43;0;-20;-15;-10;-5
RED;31:04,5;36:50,3;1,21;1;5,762233333;0,209988025;1,21;1;8;96;0;1000126;22,7514;4,64;0;-20;-15;-10;-5
RED;33:03,7;39:59,5;1,41;3;6,9292;0,203486694;0,47;1;11;94,5;0;1000126;29,6806;6,05;0;-20;-15;-10;-5
RED;52:50,3;32:29,0;7,82;19;39,6456;0,197247614;0,411578947;1;30;85;0;1000126;69,3262;13,87;0;-20;-15;-10;-5
RED;17:47,2;36:39,2;5,43;9;18,86535;0,287829274;0,603333333;1;39;80,5;0;1000126;88,19155;19,3;0;-20;-15;-10;-5
RED;01:32,5;21:02,8;3,58;3;19,50576667;0,183535467;1,193333333;1;42;79;0;1000126;107,6973167;22,88;0;-20;-15;-10;-5
RED;22:13,7;32:03,6;2,02;3;9,830866667;0,205475272;0,673333333;1;45;77,5;0;1000126;117,5281833;24,9;0;-20;-15;-10;-5
RED;34:34,0;48:59,5;2,82;4;14,42461667;0,195499129;0,705;1;49;75,5;0;1000126;131,9528;27,72;0;-20;-15;-10;-5
RED;04:46,6;09:48,3;1,01;1;5,027366667;0,200900405;1,01;1;50;75;0;1000126;136,9801667;28,73;0;-20;-15;-10;-5
RED;16:14,0;05:24,4;19,18;43;109,1722833;0,175685617;0,446046512;1;93;53,5;0;1000126;246,15245;47,91;0;-20;-15;-10;-5
RED;26:27,7;36:33,3;2,02;3;10,09453333;0,200108309;0,673333333;1;96;52;0;1000126;256,2469833;49,93;0;-20;-15;-10;-5
RED;53:41,5;44:14,5;9,4;14;50,5507;0,185951925;0,671428571;1;110;45;0;1000126;306,7976833;59,33;0;-20;-15;-10;-5
RED;33:33,2;44:51,1;2,42;6;11,2986;0,214185828;0,403333333;1;116;42;0;1000126;318,0962833;61,75;0;-20;-15;-10;-5
RED;14:31,6;27:47,8;2,62;1;13,27006667;0,197436838;2,62;1;117;41,5;0;1000126;331,36635;64,37;0;-20;-15;-10;-5
RED;24:53,8;33:19,5;1,61;2;8,428383333;0,191021212;0,805;1;119;40,5;0;1000126;339,7947333;65,98;0;-20;-15;-10;-5
RED;06:18,2;16:23,9;2,61;4;10,09465;0,258552798;0,6525;1;123;38,5;0;1000126;349,8893833;68,59;0;-20;-15;-10;-5
RED;18:15,2;34:56,6;3,43;6;16,69046667;0,205506537;0,571666667;1;129;35,5;0;1000126;366,57985;72,02;0;-20;-15;-10;-5
RED;44:22,2;57:06,2;2,62;6;12,73233333;0,205775323;0,436666667;1;135;32,5;0;1000126;379,3121833;74,64;0;-20;-15;-10;-5
RED;09:43,7;24:23,4;2,82;5;14,66198333;0,192334143;0,564;1;140;30;0;1000126;393,9741667;77,46;0;-20;-15;-10;-5
RED;07:11,3;17:41,7;2,22;4;10,50761667;0,211275313;0,555;1;144;28;0;1000126;404,4817833;79,68;0;-20;-15;-10;-5
RED;25:31,4;32:49,8;1,41;3;7,306416667;0,192981055;0,47;1;147;26,5;0;1000126;411,7882;81,09;0;-20;-15;-10;-5
RED;43:14,4;52:47,6;2,02;3;9,55305;0,211450793;0,673333333;1;150;25;0;1000126;421,34125;83,11;0;-20;-15;-10;-5
RED;53:27,2;50:29,2;9,69;4;57,0329;0,169901934;2,4225;1;154;23;0;1000126;478,37415;92,8;0;-20;-15;-10;-5
RED;02:06,5;11:39,3;2,61;3;9,545483333;0,273427747;0,87;1;157;21,5;0;1000126;487,9196333;95,41;0;-20;-15;-10;-5
RED;04:10,1;13:43,5;1,82;3;9,557066667;0,190435001;0,606666667;1;3;98,5;1;1000127;9,557066667;1,82;0;-20;-15;-10;-5
RED;56:39,4;03:30,5;1,82;3;6,8506;0,26567016;0,606666667;1;6;97;0;1000127;16,40766667;3,64;0;-20;-15;-10;-5
RED;13:34,5;32:12,4;3,54;4;18,63105;0,190005394;0,885;1;10;95;0;1000127;35,03871667;7,18;0;-20;-15;-10;-5
RED;40:21,6;58:47,7;3,63;5;18,43493333;0,196908767;0,726;1;15;92,5;0;1000127;53,47365;10,81;0;-20;-15;-10;-5
RED;06:47,3;23:04,8;3,23;6;16,29215;0,198254988;0,538333333;1;21;89,5;0;1000127;69,7658;14,04;0;-20;-15;-10;-5
RED;29:32,2;41:18,7;2,42;3;11,77496667;0,205520752;0,806666667;1;24;88;0;1000127;81,54076667;16,46;0;-20;-15;-10;-5
RED;59:18,3;11:39,4;3,43;2;12,35228333;0,277681454;1,715;1;26;87;0;1000127;93,89305;19,89;0;-20;-15;-10;-5
RED;43:09,1;04:19,8;5,47;6;21,179;0,258274706;0,911666667;1;32;84;0;1000127;115,07205;25,36;0;-20;-15;-10;-5
RED;52:42,0;30:16,3;7,58;13;37,57048333;0,201754125;0,583076923;1;45;77,5;0;1000127;152,6425333;32,94;0;-20;-15;-10;-5
RED;35:00,6;39:30,6;1,04;1;4,501316667;0,231043509;1,04;1;46;77;0;1000127;157,14385;33,98;0;-20;-15;-10;-5
RED;40:01,5;00:47,1;4,03;5;20,76061667;0,194117548;0,806;1;51;74,5;0;1000127;177,9044667;38,01;0;-20;-15;-10;-5
RED;12:29,1;42:55,2;6,25;7;30,43408333;0,205361861;0,892857143;1;58;71;0;1000127;208,33855;44,26;0;-20;-15;-10;-5
RED;34:47,8;03:01,2;16,36;23;88,22433333;0,185436369;0,711304348;1;81;59,5;0;1000127;296,5628833;60,62;0;-20;-15;-10;-5
RED;46:40,0;05:32,8;3,42;8;18,88011667;0,181142948;0,4275;1;89;55,5;0;1000127;315,443;64,04;0;-20;-15;-10;-5
RED;35:26,9;45:35,9;2,22;5;10,14978333;0,218723881;0,444;1;94;53;0;1000127;325,5927833;66,26;0;-20;-15;-10;-5
RED;07:23,5;20:18,7;3,39;6;12,92048333;0,262374086;0,565;1;100;50;0;1000127;338,5132667;69,65;0;-20;-15;-10;-5
RED;39:55,8;57:32,6;3,63;6;17,61366667;0,206089968;0,605;1;106;47;0;1000127;356,1269333;73,28;0;-20;-15;-10;-5
RED;00:27,9;10:54,8;2,22;4;10,44923333;0,212455778;0,555;1;110;45;0;1000127;366,5761667;75,5;0;-20;-15;-10;-5
RED;22:00,6;33:45,5;2,42;4;11,74786667;0,205994847;0,605;1;114;43;0;1000127;378,3240333;77,92;0;-20;-15;-10;-5
RED;38:18,0;50:15,0;2,21;3;11,95073333;0,18492589;0,736666667;1;117;41,5;0;1000127;390,2747667;80,13;0;-20;-15;-10;-5
RED;10:44,6;35:46,0;5,04;3;25,02203333;0,20142248;1,68;1;120;40;0;1000127;415,2968;85,17;0;-20;-15;-10;-5
RED;37:48,8;51:26,4;3,25;3;13,62698333;0,238497393;1,083333333;1;123;38,5;0;1000127;428,9237833;88,42;0;-20;-15;-10;-5
RED;11:35,4;18:47,8;1,41;2;7,205366667;0,195687474;0,705;1;125;37,5;0;1000127;436,12915;89,83;0;-20;-15;-10;-5
RED;58:19,8;36:08,6;7,66;26;37,81353333;0,202572977;0,294615385;1;151;24,5;0;1000127;473,9426833;97,49;0;-20;-15;-10;-5
RED;09:40,3;23:25,9;2,82;4;13,76036667;0,204936399;0,705;1;155;22,5;0;1000127;487,70305;100,31;0;-20;-15;-10;-5
RED;24:07,7;30:31,6;1,41;1;6,398033333;0,220380221;1,41;1;156;22;0;1000127;494,1010833;101,72;0;-20;-15;-10;-5
RED;27:07,1;44:11,8;4,43;5;17,0777;0,259402613;0,886;1;5;97,5;1;1000128;17,0777;4,43;0;-20;-15;-10;-5
RED;05:34,4;37:08,7;6,45;13;31,57076667;0,204302926;0,496153846;1;18;91;0;1000128;48,64846667;10,88;0;-20;-15;-10;-5
RED;37:40,8;55:29,7;3,63;7;17,81486667;0,203762401;0,518571429;1;25;87,5;0;1000128;66,46333333;14,51;0;-20;-15;-10;-5
RED;55:29,7;17:03,1;3,94;3;21,5558;0,182781432;1,313333333;1;28;86;0;1000128;88,01913333;18,45;0;-20;-15;-10;-5
RED;17:16,7;39:14,1;4,35;6;21,95668333;0,198117354;0,725;1;34;83;0;1000128;109,9758167;22,8;0;-20;-15;-10;-5
RED;08:52,1;26:49,5;3,55;5;17,95713333;0,197693024;0,71;1;39;80,5;0;1000128;127,93295;26,35;0;-20;-15;-10;-5
RED;28:28,2;39:14,7;2,87;4;10,77458333;0,266367609;0,7175;1;43;78,5;0;1000128;138,7075333;29,22;0;-20;-15;-10;-5
RED;50:13,0;26:39,8;6,63;7;36,44761667;0,181904898;0,947142857;1;50;75;0;1000128;175,15515;35,85;0;-20;-15;-10;-5
RED;15:07,2;36:05,4;4,07;7;20,96925;0,194093732;0,581428571;1;57;71,5;0;1000128;196,1244;39,92;0;-20;-15;-10;-5
RED;40:22,7;49:19,7;2,34;3;8,949316667;0,261472477;0,78;1;60;70;0;1000128;205,0737167;42,26;0;-20;-15;-10;-5
RED;25:18,1;56:27,9;6,45;19;31,16323333;0,206974672;0,339473684;1;79;60,5;0;1000128;236,23695;48,71;0;-20;-15;-10;-5
RED;56:55,2;17:25,5;4,03;5;20,50461667;0,196541104;0,806;1;84;58;0;1000128;256,7415667;52,74;0;-20;-15;-10;-5
RED;17:48,0;49:12,7;8,08;13;31,41133333;0,257231997;0,621538462;1;97;51,5;0;1000128;288,1529;60,82;0;-20;-15;-10;-5
RED;26:49,0;45:34,2;3,83;6;18,75248333;0,204239616;0,638333333;1;103;48,5;0;1000128;306,9053833;64,65;0;-20;-15;-10;-5
RED;31:24,3;40:05,4;1,82;3;8,6862;0,209527757;0,606666667;1;106;47;0;1000128;315,5915833;66,47;0;-20;-15;-10;-5
RED;41:17,7;43:16,9;0,4;0;1,986083333;0,201401418;inf;1;106;47;0;1000128;317,5776667;66,87;0;-20;-15;-10;-5
RED;46:46,1;52:18,1;1,01;2;5,534283333;0,182498788;0,505;1;108;46;0;1000128;323,11195;67,88;0;-20;-15;-10;-5
RED;55:01,8;13:53,3;3,83;10;18,8584;0,203092521;0,383;1;118;41;0;1000128;341,97035;71,71;0;-20;-15;-10;-5
RED;18:41,4;29:24,3;2,87;3;10,71413333;0,267870476;0,956666667;1;121;39,5;0;1000128;352,6844833;74,58;0;-20;-15;-10;-5
RED;30:51,4;33:48,3;0,61;0;2,948216667;0,206904739;inf;1;121;39,5;0;1000128;355,6327;75,19;0;-20;-15;-10;-5
RED;11:03,8;19:18,5;2,08;4;8,2447;0,252283285;0,52;1;125;37,5;0;1000128;363,8774;77,27;0;-20;-15;-10;-5
RED;58:45,4;31:38,7;6,66;11;32,88876667;0,202500753;0,605454545;1;136;32;0;1000128;396,7661667;83,93;0;-20;-15;-10;-5
RED;30:28,1;37:33,8;1,53;1;7,09485;0,215649379;1,53;1;137;31,5;0;1000128;403,8610167;85,46;0;-20;-15;-10;-5
RED;43:28,8;54:17,5;2,22;4;10,81245;0,205318869;0,555;1;141;29,5;0;1000128;414,6734667;87,68;0;-20;-15;-10;-5
RED;00:49,3;11:03,5;2,22;4;10,23713333;0,216857584;0,555;1;145;27,5;0;1000128;424,9106;89,9;0;-20;-15;-10;-5
RED;28:27,9;00:34,7;7;4;32,11478333;0,217968153;1,75;1;149;25,5;0;1000128;457,0253833;96,9;0;-20;-15;-10;-5
RED;01:12,7;13:25,4;2,42;4;12,21141667;0,198175205;0,605;1;153;23,5;0;1000128;469,2368;99,32;0;-20;-15;-10;-5
RED;00:45,0;18:03,6;3,43;4;17,30936667;0,198158608;0,8575;1;157;21,5;0;1000128;486,5461667;102,75;0;-20;-15;-10;-5
RED;11:37,1;31:10,3;5,21;4;19,55286667;0,266457092;1,3025;1;4;98;1;1000129;19,55286667;5,21;0;-20;-15;-10;-5
RED;36:40,8;46:22,0;2,86;5;9,685633333;0,295282704;0,572;1;9;95,5;0;1000129;29,2385;8,07;0;-20;-15;-10;-5
RED;36:53,5;44:33,3;1,61;3;7,662966667;0,210101397;0,536666667;1;12;94;0;1000129;36,90146667;9,68;0;-20;-15;-10;-5
RED;46:45,5;54:35,6;2,08;2;7,835166667;0,265469784;1,04;1;14;93;0;1000129;44,73663333;11,76;0;-20;-15;-10;-5
RED;54:36,7;02:18,6;1,41;3;7,699266667;0,183134324;0,47;1;17;91,5;0;1000129;52,4359;13,17;0;-20;-15;-10;-5
RED;03:20,7;14:07,6;21,47;5;130,7828833;0,164165214;4,294;1;22;89;0;1000129;183,2187833;34,64;0;-20;-15;-10;-5
RED;35:54,4;56:31,4;5,47;12;20,61616667;0,265325756;0,455833333;1;34;83;0;1000129;203,83495;40,11;0;-20;-15;-10;-5
RED;01:29,2;10:02,3;2,34;2;8,55125;0,273644204;1,17;1;36;82;0;1000129;212,3862;42,45;0;-20;-15;-10;-5
RED;57:11,2;09:30,7;2,62;4;12,32515;0,212573478;0,655;1;40;80;0;1000129;224,71135;45,07;0;-20;-15;-10;-5
RED;11:50,2;18:20,3;12,75;15;66,50171667;0,191724374;0,85;1;55;72,5;0;1000129;291,2130667;57,82;0;-20;-15;-10;-5
RED;19:49,7;04:23,4;11,72;23;44,56165;0,263006419;0,509565217;1;78;61;0;1000129;335,7747167;69,54;0;-20;-15;-10;-5
RED;22:44,2;28:56,5;1,41;2;6,204216667;0,22726479;0,705;1;80;60;0;1000129;341,9789333;70,95;0;-20;-15;-10;-5
RED;33:57,2;38:18,7;0,81;2;4,35935;0,185807517;0,405;1;82;59;0;1000129;346,3382833;71,76;0;-20;-15;-10;-5
RED;53:57,6;10:16,5;4,57;6;16,31411667;0,280125495;0,761666667;1;88;56;0;1000129;362,6524;76,33;0;-20;-15;-10;-5
RED;30:43,2;39:08,9;1,61;4;8,429116667;0,191004593;0,4025;1;92;54;0;1000129;371,0815167;77,94;0;-20;-15;-10;-5
RED;41:29,2;53:01,8;1,61;2;11,544;0,139466389;0,805;1;94;53;0;1000129;382,6255167;79,55;0;-20;-15;-10;-5
RED;56:17,6;24:41,9;5,65;11;28,40635;0,19889919;0,513636364;1;105;47,5;0;1000129;411,0318667;85,2;0;-20;-15;-10;-5
RED;29:44,2;53:51,4;6,05;8;24,12073333;0,250821562;0,75625;1;113;43,5;0;1000129;435,1526;91,25;0;-20;-15;-10;-5
RED;26:05,1;51:26,2;5,04;11;25,35161667;0,19880389;0,458181818;1;124;38;0;1000129;460,5042167;96,29;0;-20;-15;-10;-5
RED;18:28,8;41:27,1;4,64;14;22,9728;0,201977991;0,331428571;1;138;31;0;1000129;483,4770167;100,93;0;-20;-15;-10;-5
RED;12:34,9;56:22,4;10,46;8;43,79255;0,238853412;1,3075;1;146;27;0;1000129;527,2695667;111,39;0;-20;-15;-10;-5
RED;11:44,7;34:54,3;4,64;11;23,1585;0,2003584;0,421818182;1;157;21,5;0;1000129;550,4280667;116,03;10,42806667;-9,571933333;-4,571933333;0,428066667;5,428066667
RED;48:53,8;58:25,3;2,86;2;9,5262;0,300224644;1,43;1;159;20,5;0;1000129;559,9542667;118,89;19,95426667;-0,045733333;4,954266667;9,954266667;14,95426667
RED;39:20,0;55:10,8;3,23;8;15,84753333;0,203817208;0,40375;1;8;96;1;1000130;15,84753333;3,23;0;-20;-15;-10;-5
RED;05:34,9;16:21,5;2,87;8;10,77513333;0,266354013;0,35875;1;16;92;0;1000130;26,62266667;6,1;0;-20;-15;-10;-5
RED;00:23,0;11:10,7;2,87;3;10,79448333;0,265876551;0,956666667;1;19;90,5;0;1000130;37,41715;8,97;0;-20;-15;-10;-5
RED;19:12,7;25:30,3;1,21;2;6,294333333;0,192236403;0,605;1;21;89,5;0;1000130;43,71148333;10,18;0;-20;-15;-10;-5
RED;14:22,2;21:44,4;1,53;1;7,370833333;0,207574901;1,53;1;22;89;0;1000130;51,08231667;11,71;0;-20;-15;-10;-5
RED;33:27,3;14:31,3;28,01;25;161,0668833;0,173902912;1,1204;1;47;76,5;0;1000130;212,1492;39,72;0;-20;-15;-10;-5
RED;25:34,2;46:57,9;5,47;7;21,39616667;0,255653271;0,781428571;1;54;73;0;1000130;233,5453667;45,19;0;-20;-15;-10;-5
RED;29:25,5;52:23,6;6,32;6;22,96863333;0,27515786;1,053333333;1;60;70;0;1000130;256,514;51,51;0;-20;-15;-10;-5
RED;52:18,7;06:07,6;2,62;3;13,81555;0,189641382;0,873333333;1;63;68,5;0;1000130;270,32955;54,13;0;-20;-15;-10;-5
RED;16:49,3;32:31,6;3,23;4;15,70543333;0,20566131;0,8075;1;67;66,5;0;1000130;286,0349833;57,36;0;-20;-15;-10;-5
RED;16:38,9;45:11,5;5,56;10;28,54426667;0,194785176;0,556;1;77;61,5;0;1000130;314,57925;62,92;0;-20;-15;-10;-5
RED;50:05,8;40:45,7;19,9;17;110,6648833;0,179822175;1,170588235;1;94;53;0;1000130;425,2441333;82,82;0;-20;-15;-10;-5
RED;55:04,7;21:17,2;5,24;6;26,20866667;0,199933864;0,873333333;1;100;50;0;1000130;451,4528;88,06;0;-20;-15;-10;-5
RED;07:10,0;19:31,7;2,42;3;12,36065;0,195782584;0,806666667;1;103;48,5;0;1000130;463,81345;90,48;0;-20;-15;-10;-5
RED;42:40,1;51:36,9;1,82;3;8,94775;0,20340309;0,606666667;1;106;47;0;1000130;472,7612;92,3;0;-20;-15;-10;-5
RED;30:17,8;50:01,3;4,03;9;19,72603333;0,20429855;0,447777778;1;115;42,5;0;1000130;492,4872333;96,33;0;-20;-15;-10;-5
RED;20:42,5;42:17,7;4,44;7;21,58663333;0,205682838;0,634285714;1;122;39;0;1000130;514,0738667;100,77;0;-20;-15;-10;-5
RED;42:44,7;51:44,0;1,82;4;8,9883;0,202485453;0,455;1;126;37;0;1000130;523,0621667;102,59;0;-20;-15;-10;-5
RED;48:08,3;01:32,3;3,71;5;13,4003;0,276859473;0,742;1;131;34,5;0;1000130;536,4624667;106,3;0;-20;-15;-10;-5
RED;54:52,4;01:59,5;1,41;2;7,118033333;0,198088423;0,705;1;133;33,5;0;1000130;543,5805;107,71;3,5805;-16,4195;-11,4195;-6,4195;-1,4195
RED;31:51,7;04:18,2;6,45;18;32,44028333;0,19882687;0,358333333;1;151;24,5;0;1000130;576,0207833;114,16;36,02078333;16,02078333;21,02078333;26,02078333;31,02078333
RED;35:46,3;58:22,5;4,44;9;22,60276667;0,19643613;0,493333333;1;9;95,5;1;1000131;22,60276667;4,44;0;-20;-15;-10;-5
RED;02:01,9;45:16,9;8,59;16;43,2503;0,198611339;0,536875;1;25;87,5;0;1000131;65,85306667;13,03;0;-20;-15;-10;-5
RED;50:33,6;31:14,6;20,06;20;100,6832;0,199238801;1,003;1;45;77,5;0;1000131;166,5362667;33,09;0;-20;-15;-10;-5
RED;10:10,4;12:58,8;0,86;1;2,805533333;0,306537081;0,86;1;46;77;0;1000131;169,3418;33,95;0;-20;-15;-10;-5
RED;17:41,5;27:34,1;2,02;4;9,876016667;0,204535904;0,505;1;50;75;0;1000131;179,2178167;35,97;0;-20;-15;-10;-5
RED;35:23,4;47:05,7;2,34;2;11,70475;0,199918836;1,17;1;52;74;0;1000131;190,9225667;38,31;0;-20;-15;-10;-5
RED;53:44,1;08:18,6;3,03;4;14,57586667;0,207877862;0,7575;1;56;72;0;1000131;205,4984333;41,34;0;-20;-15;-10;-5
RED;17:19,6;26:52,6;2,02;2;9,549733333;0,211524231;1,01;1;58;71;0;1000131;215,0481667;43,36;0;-20;-15;-10;-5
RED;46:46,5;58:25,8;2,42;5;11,65503333;0,207635614;0,484;1;63;68,5;0;1000131;226,7032;45,78;0;-20;-15;-10;-5
RED;58:43,5;27:13,6;5,65;8;28,50131667;0,198236456;0,70625;1;71;64,5;0;1000131;255,2045167;51,43;0;-20;-15;-10;-5
RED;50:51,0;56:28,6;1,56;2;5,62765;0,27720274;0,78;1;73;63,5;0;1000131;260,8321667;52,99;0;-20;-15;-10;-5
RED;47:52,7;55:03,5;1,41;2;7,180483333;0,196365611;0,705;1;75;62,5;0;1000131;268,01265;54,4;0;-20;-15;-10;-5
RED;57:56,3;25:41,2;5,44;7;27,74756667;0,196053227;0,777142857;1;82;59;0;1000131;295,7602167;59,84;0;-20;-15;-10;-5
RED;40:03,6;56:36,4;4,43;5;16,54666667;0,267727639;0,886;1;87;56,5;0;1000131;312,3068833;64,27;0;-20;-15;-10;-5
RED;37:41,4;01:16,7;4,64;9;23,5893;0,196699351;0,515555556;1;96;52;0;1000131;335,8961833;68,91;0;-20;-15;-10;-5
RED;07:53,7;21:15,9;2,62;7;13,36996667;0,195961596;0,374285714;1;103;48,5;0;1000131;349,26615;71,53;0;-20;-15;-10;-5
RED;08:01,3;30:11,2;4,44;8;22,16556667;0,200310692;0,555;1;111;44,5;0;1000131;371,4317167;75,97;0;-20;-15;-10;-5
RED;44:49,7;07:02,6;4,44;7;22,21485;0,199866306;0,634285714;1;118;41;0;1000131;393,6465667;80,41;0;-20;-15;-10;-5
RED;26:35,3;36:13,7;1,82;4;9,639633333;0,188803862;0,455;1;122;39;0;1000131;403,2862;82,23;0;-20;-15;-10;-5
RED;40:04,5;51:23,3;2,42;4;11,3139;0,213896181;0,605;1;126;37;0;1000131;414,6001;84,65;0;-20;-15;-10;-5
RED;56:34,2;06:03,4;2,86;5;9,486366667;0,301485289;0,572;1;131;34,5;0;1000131;424,0864667;87,51;0;-20;-15;-10;-5
RED;33:49,9;44:31,1;2,22;3;10,68621667;0,207744244;0,74;1;134;33;0;1000131;434,7726833;89,73;0;-20;-15;-10;-5
RED;09:12,5;27:21,4;4,69;4;18,14735;0,258439938;1,1725;1;138;31;0;1000131;452,9200333;94,42;0;-20;-15;-10;-5
RED;28:19,7;34:09,9;1,21;2;5,836633333;0,207311292;0,605;1;140;30;0;1000131;458,7566667;95,63;0;-20;-15;-10;-5
RED;14:54,1;31:24,4;3,35;4;16,5047;0,202972487;0,8375;1;144;28;0;1000131;475,2613667;98,98;0;-20;-15;-10;-5
RED;35:23,4;28:06,8;13;14;52,7233;0,246570302;0,928571429;1;158;21;0;1000131;527,9846667;111,98;0;-20;-15;-10;-5
RED;43:47,1;13:41,4;7,82;18;29,9043;0,261500854;0,434444444;1;18;91;1;1000132;29,9043;7,82;0;-20;-15;-10;-5
RED;20:07,6;43:06,6;4,51;8;22,98375;0,196225594;0,56375;1;26;87;0;1000132;52,88805;12,33;0;-20;-15;-10;-5
RED;49:38,8;14:51,7;7,14;10;25,21465;0,283168713;0,714;1;36;82;0;1000132;78,1027;19,47;0;-20;-15;-10;-5
RED;04:18,0;15:38,2;2,42;5;11,33503333;0,213497387;0,484;1;41;79,5;0;1000132;89,43773333;21,89;0;-20;-15;-10;-5
RED;33:54,6;49:37,7;3,23;3;15,71901667;0,205483592;1,076666667;1;44;78;0;1000132;105,15675;25,12;0;-20;-15;-10;-5
RED;50:58,5;13:48,1;24,52;12;142,8265167;0,171676805;2,043333333;1;56;72;0;1000132;247,9832667;49,64;0;-20;-15;-10;-5
RED;14:37,0;28:45,6;2,82;4;14,14321667;0,199388871;0,705;1;60;70;0;1000132;262,1264833;52,46;0;-20;-15;-10;-5
RED;29:47,6;49:34,7;5,21;9;19,78475;0,263334134;0,578888889;1;69;65,5;0;1000132;281,9112333;57,67;0;-20;-15;-10;-5
RED;37:21,7;52:27,4;3,14;3;15,09428333;0,208025776;1,046666667;1;72;64;0;1000132;297,0055167;60,81;0;-20;-15;-10;-5
RED;55:42,3;16:36,7;5,62;6;20,90715;0,268807561;0,936666667;1;78;61;0;1000132;317,9126667;66,43;0;-20;-15;-10;-5
RED;17:45,8;46:35,4;7,55;12;28,82578333;0,261918294;0,629166667;1;90;55;0;1000132;346,73845;73,98;0;-20;-15;-10;-5
RED;58:33,9;31:42,4;9,43;10;33,14071667;0,284544239;0,943;1;100;50;0;1000132;379,8791667;83,41;0;-20;-15;-10;-5
RED;46:28,1;58:27,2;2,42;4;11,98456667;0,201926366;0,605;1;104;48;0;1000132;391,8637333;85,83;0;-20;-15;-10;-5
RED;00:50,2;12:03,1;2,87;4;11,21483333;0,25591107;0,7175;1;108;46;0;1000132;403,0785667;88,7;0;-20;-15;-10;-5
RED;13:29,7;23:58,3;2,22;4;10,47623333;0,211908224;0,555;1;112;44;0;1000132;413,5548;90,92;0;-20;-15;-10;-5
RED;24:19,0;29:14,3;1,01;1;4,9207;0,20525535;1,01;1;113;43,5;0;1000132;418,4755;91,93;0;-20;-15;-10;-5
RED;29:28,6;58:26,4;7,55;20;28,96353333;0,260672616;0,3775;1;133;33,5;0;1000132;447,4390333;99,48;0;-20;-15;-10;-5
RED;37:56,7;54:42,5;3,43;7;16,7642;0,204602665;0,49;1;140;30;0;1000132;464,2032333;102,91;0;-20;-15;-10;-5
RED;04:58,5;15:26,4;2,87;4;10,46378333;0,27427938;0,7175;1;144;28;0;1000132;474,6670167;105,78;0;-20;-15;-10;-5
RED;17:03,6;28:52,3;2,42;3;11,81106667;0,204892587;0,806666667;1;147;26,5;0;1000132;486,4780833;108,2;0;-20;-15;-10;-5
RED;33:37,7;06:04,5;7,76;9;32,44548333;0,239170424;0,862222222;1;156;22;0;1000132;518,9235667;115,96;0;-20;-15;-10;-5
RED;20:03,8;37:38,4;4,43;7;17,57741667;0,252027934;0,632857143;1;7;96,5;1;1000133;17,57741667;4,43;0;-20;-15;-10;-5
RED;44:04,1;59:58,0;3,1;5;15,89935;0,194976524;0,62;1;12;94;0;1000133;33,47676667;7,53;0;-20;-15;-10;-5
RED;50:20,6;08:48,5;3,63;7;18,46365;0,196602514;0,518571429;1;19;90,5;0;1000133;51,94041667;11,16;0;-20;-15;-10;-5
RED;17:20,4;36:03,6;5,43;6;18,72063333;0,290054289;0,905;1;25;87,5;0;1000133;70,66105;16,59;0;-20;-15;-10;-5
RED;59:53,0;11:27,0;2,3;5;11,56788333;0,198826348;0,46;1;30;85;0;1000133;82,22893333;18,89;0;-20;-15;-10;-5
RED;13:01,5;39:46,0;5,45;21;26,74171667;0,203801426;0,25952381;1;51;74,5;0;1000133;108,97065;24,34;0;-20;-15;-10;-5
RED;41:56,0;51:16,6;13,36;20;69,34241667;0,192667066;0,668;1;71;64,5;0;1000133;178,3130667;37,7;0;-20;-15;-10;-5
RED;12:05,7;34:08,3;5,73;10;22,04348333;0,259940769;0,573;1;81;59,5;0;1000133;200,35655;43,43;0;-20;-15;-10;-5
RED;00:13,5;09:03,7;1,82;4;8,83645;0,205965065;0,455;1;85;57,5;0;1000133;209,193;45,25;0;-20;-15;-10;-5
RED;10:13,7;40:49,7;8,08;12;30,6014;0,264040207;0,673333333;1;97;51,5;0;1000133;239,7944;53,33;0;-20;-15;-10;-5
RED;05:47,9;16:21,4;3,14;4;10,55815;0,297400586;0,785;1;101;49,5;0;1000133;250,35255;56,47;0;-20;-15;-10;-5
RED;28:38,7;45:02,3;3,43;8;16,39255;0,209241393;0,42875;1;109;45,5;0;1000133;266,7451;59,9;0;-20;-15;-10;-5
RED;54:26,7;15:47,7;5,17;8;21,35016667;0,242152676;0,64625;1;117;41,5;0;1000133;288,0952667;65,07;0;-20;-15;-10;-5
RED;19:47,9;40:22,3;4,24;17;20,57426667;0,206082679;0,249411765;1;134;33;0;1000133;308,6695333;69,31;0;-20;-15;-10;-5
RED;43:42,2;35:22,6;10,12;5;51,67436667;0,195841781;2,024;1;139;30,5;0;1000133;360,3439;79,43;0;-20;-15;-10;-5
RED;29:08,2;54:27,7;5,04;17;25,32566667;0,199007594;0,296470588;1;156;22;0;1000133;385,6695667;84,47;0;-20;-15;-10;-5
RED;56:07,1;11:06,8;3,03;5;14,99395;0,202081506;0,606;1;5;97,5;1;1000134;14,99395;3,03;0;-20;-15;-10;-5
RED;53:29,7;06:38,1;2,62;5;13,14108333;0,199374734;0,524;1;10;95;0;1000134;28,13503333;5,65;0;-20;-15;-10;-5
RED;12:47,1;22:27,5;2,02;4;9,672333333;0,208843092;0,505;1;14;93;0;1000134;37,80736667;7,67;0;-20;-15;-10;-5
RED;28:43,0;41:31,6;2,62;5;12,8101;0,204526116;0,524;1;19;90,5;0;1000134;50,61746667;10,29;0;-20;-15;-10;-5
RED;44:55,7;51:11,0;1,41;3;6,256216667;0,225375826;0,47;1;22;89;0;1000134;56,87368333;11,7;0;-20;-15;-10;-5
RED;00:48,1;28:31,2;6,51;15;27,71875;0,234859076;0,434;1;37;81,5;0;1000134;84,59243333;18,21;0;-20;-15;-10;-5
RED;22:04,0;32:30,4;2,22;6;10,44056667;0,212632137;0,37;1;43;78,5;0;1000134;95,033;20,43;0;-20;-15;-10;-5
RED;46:21,9;57:54,2;2,22;2;11,53875;0,19239519;1,11;1;45;77,5;0;1000134;106,57175;22,65;0;-20;-15;-10;-5
RED;35:06,9;41:21,2;1,56;2;6,238116667;0,250075477;0,78;1;47;76,5;0;1000134;112,8098667;24,21;0;-20;-15;-10;-5
RED;22:36,5;52:57,4;7,82;14;30,34815;0,257676333;0,558571429;1;61;69,5;0;1000134;143,1580167;32,03;0;-20;-15;-10;-5
RED;49:13,3;46:53,4;31,36;35;177,6676;0,176509392;0,896;1;96;52;0;1000134;320,8256167;63,39;0;-20;-15;-10;-5
RED;52:23,6;09:05,0;3,43;4;16,68958333;0,205517414;0,8575;1;100;50;0;1000134;337,5152;66,82;0;-20;-15;-10;-5
RED;25:45,5;38:07,2;2,62;3;12,36045;0,211966393;0,873333333;1;103;48,5;0;1000134;349,87565;69,44;0;-20;-15;-10;-5
RED;39:17,2;07:33,9;5,65;7;28,27838333;0,199799258;0,807142857;1;110;45;0;1000134;378,1540333;75,09;0;-20;-15;-10;-5
RED;23:37,9;16:03,9;12,09;2;52,43455;0,230573162;6,045;1;112;44;0;1000134;430,5885833;87,18;0;-20;-15;-10;-5
RED;16:17,5;41:29,6;4,92;19;25,2028;0,195216405;0,258947368;1;131;34,5;0;1000134;455,7913833;92,1;0;-20;-15;-10;-5
RED;21:11,8;40:36,7;4,95;8;19,41393333;0,254971515;0,61875;1;139;30,5;0;1000134;475,2053167;97,05;0;-20;-15;-10;-5
RED;44:29,4;59:09,0;4,29;4;14,6594;0,292644992;1,0725;1;143;28,5;0;1000134;489,8647167;101,34;0;-20;-15;-10;-5
RED;02:10,5;07:56,2;1,56;1;5,76075;0,270798073;1,56;1;144;28;0;1000134;495,6254667;102,9;0;-20;-15;-10;-5
RED;14:57,2;48:12,6;6,66;6;33,25658333;0,200261101;1,11;1;150;25;0;1000134;528,88205;109,56;0;-20;-15;-10;-5
RED;51:00,9;59:43,8;1,82;2;8,7146;0,208844927;0,91;1;152;24;0;1000134;537,59665;111,38;0;-20;-15;-10;-5
RED;05:18,8;23:39,8;3,34;3;18,35068333;0,182009571;1,113333333;1;155;22,5;0;1000134;555,9473333;114,72;15,94733333;-4,052666667;0,947333333;5,947333333;10,94733333
RED;25:54,7;33:01,5;1,41;2;7,114;0,198200731;0,705;1;157;21,5;0;1000134;563,0613333;116,13;23,06133333;3,061333333;8,061333333;13,06133333;18,06133333
RED;33:03,5;59:11,2;5,08;7;26,12701667;0,194434752;0,725714286;1;7;96,5;1;1000135;26,12701667;5,08;0;-20;-15;-10;-5
RED;23:43,2;30:45,4;1,41;1;7,0372;0,200363781;1,41;1;8;96;0;1000135;33,16421667;6,49;0;-20;-15;-10;-5
RED;33:55,6;41:16,7;1,41;1;7,351633333;0,191794114;1,41;1;9;95,5;0;1000135;40,51585;7,9;0;-20;-15;-10;-5
RED;45:15,7;04:05,9;3,83;5;18,8366;0,203327564;0,766;1;14;93;0;1000135;59,35245;11,73;0;-20;-15;-10;-5
RED;05:09,8;28:32,2;5,99;8;23,37248333;0,256284277;0,74875;1;22;89;0;1000135;82,72493333;17,72;0;-20;-15;-10;-5
RED;39:01,2;58:34,2;5,21;7;19,55086667;0,26648435;0,744285714;1;29;85,5;0;1000135;102,2758;22,93;0;-20;-15;-10;-5
RED;06:34,9;22:03,2;3,23;6;15,47126667;0,208774115;0,538333333;1;35;82,5;0;1000135;117,7470667;26,16;0;-20;-15;-10;-5
RED;53:18,3;04:25,7;2,22;2;11,12371667;0,199573584;1,11;1;37;81,5;0;1000135;128,8707833;28,38;0;-20;-15;-10;-5
RED;05:39,6;28:56,8;4,64;6;23,2881;0,19924339;0,773333333;1;43;78,5;0;1000135;152,1588833;33,02;0;-20;-15;-10;-5
RED;29:33,3;46:16,3;3,43;6;16,71645;0,205187106;0,571666667;1;49;75,5;0;1000135;168,8753333;36,45;0;-20;-15;-10;-5
RED;15:33,3;49:21,5;8,21;11;33,80263333;0,242880486;0,746363636;1;60;70;0;1000135;202,6779667;44,66;0;-20;-15;-10;-5
RED;08:32,4;21:34,2;2,62;4;13,0309;0,201060556;0,655;1;64;68;0;1000135;215,7088667;47,28;0;-20;-15;-10;-5
RED;23:33,4;35:18,7;2,42;5;11,75486667;0,205872178;0,484;1;69;65,5;0;1000135;227,4637333;49,7;0;-20;-15;-10;-5
RED;53:24,9;27:23,6;6,86;11;33,97775;0,20189683;0,623636364;1;80;60;0;1000135;261,4414833;56,56;0;-20;-15;-10;-5
RED;45:52,4;02:28,7;3,43;6;16,60543333;0,206558897;0,571666667;1;86;57;0;1000135;278,0469167;59,99;0;-20;-15;-10;-5
RED;36:56,3;53:45,8;3,43;7;16,82481667;0,20386552;0,49;1;93;53,5;0;1000135;294,8717333;63,42;0;-20;-15;-10;-5
RED;17:21,5;50:33,7;6,66;16;33,2043;0,200576431;0,41625;1;109;45,5;0;1000135;328,0760333;70,08;0;-20;-15;-10;-5
RED;55:27,1;13:34,5;3,83;6;18,1234;0,211329;0,638333333;1;115;42,5;0;1000135;346,1994333;73,91;0;-20;-15;-10;-5
RED;17:57,1;35:37,3;4,69;6;17,67035;0,265416361;0,781666667;1;121;39,5;0;1000135;363,8697833;78,6;0;-20;-15;-10;-5
RED;57:41,6;23:17,2;5,04;6;25,59261667;0,196931797;0,84;1;127;36,5;0;1000135;389,4624;83,64;0;-20;-15;-10;-5
RED;56:18,8;16:57,0;5,47;8;20,63648333;0,265064542;0,68375;1;135;32,5;0;1000135;410,0988833;89,11;0;-20;-15;-10;-5
RED;35:11,2;07:44,1;6,45;10;32,54711667;0,198174237;0,645;1;145;27,5;0;1000135;442,646;95,56;0;-20;-15;-10;-5
RED;14:36,7;45:55,7;6,25;7;31,31638333;0,199576047;0,892857143;1;152;24;0;1000135;473,9623833;101,81;0;-20;-15;-10;-5
RED;15:09,8;39:03,8;4,84;15;23,89951667;0,202514556;0,322666667;1;15;92,5;1;1000136;23,89951667;4,84;0;-20;-15;-10;-5
RED;16:51,4;22:52,4;1,21;2;6,016466667;0,201114718;0,605;1;17;91,5;0;1000136;29,91598333;6,05;0;-20;-15;-10;-5
RED;12:08,6;27:48,6;3,14;4;15,66595;0,200434701;0,785;1;21;89,5;0;1000136;45,58193333;9,19;0;-20;-15;-10;-5
RED;24:44,4;33:00,8;1,61;3;8,274083333;0,194583489;0,536666667;1;24;88;0;1000136;53,85601667;10,8;0;-20;-15;-10;-5
RED;35:33,5;05:04,9;6,05;14;29,52288333;0,204925784;0,432142857;1;38;81;0;1000136;83,3789;16,85;0;-20;-15;-10;-5
RED;12:12,9;19:45,7;2,29;3;7,54595;0,303474049;0,763333333;1;41;79,5;0;1000136;90,92485;19,14;0;-20;-15;-10;-5
RED;34:04,0;08:45,4;9,34;12;34,68946667;0,269245996;0,778333333;1;53;73,5;0;1000136;125,6143167;28,48;0;-20;-15;-10;-5
RED;14:24,1;31:01,0;4,43;5;16,61481667;0,266629484;0,886;1;58;71;0;1000136;142,2291333;32,91;0;-20;-15;-10;-5
RED;46:11,6;59:30,8;2,62;5;13,31996667;0,196697189;0,524;1;63;68,5;0;1000136;155,5491;35,53;0;-20;-15;-10;-5
RED;25:44,3;51:27,3;6,67;7;25,71638333;0,259367731;0,952857143;1;70;65;0;1000136;181,2654833;42,2;0;-20;-15;-10;-5
RED;52:45,7;15:11,4;4,51;7;22,42816667;0,201086431;0,644285714;1;77;61,5;0;1000136;203,69365;46,71;0;-20;-15;-10;-5
RED;24:40,1;43:44,4;21,47;27;79,07071667;0,271529093;0,795185185;1;104;48;0;1000136;282,7643667;68,18;0;-20;-15;-10;-5
RED;03:37,1;29:40,3;5,24;20;26,05381667;0,201122164;0,262;1;124;38;0;1000136;308,8181833;73,42;0;-20;-15;-10;-5
RED;13:28,0;20:15,4;1,56;1;6,7899;0,229753016;1,56;1;125;37,5;0;1000136;315,6080833;74,98;0;-20;-15;-10;-5
RED;54:22,2;15:56,5;4,44;9;21,57083333;0,205833494;0,493333333;1;134;33;0;1000136;337,1789167;79,42;0;-20;-15;-10;-5
RED;34:54,7;49:32,3;3,91;5;14,62696667;0,267314481;0,782;1;139;30,5;0;1000136;351,8058833;83,33;0;-20;-15;-10;-5
RED;55:44,1;11:45,9;3,23;5;16,03128333;0,201481063;0,646;1;144;28;0;1000136;367,8371667;86,56;0;-20;-15;-10;-5
RED;17:26,7;43:04,8;5,24;13;25,63551667;0,204403916;0,403076923;1;157;21,5;0;1000136;393,4726833;91,8;0;-20;-15;-10;-5
RED;59:02,5;13:00,5;2,82;4;13,96558333;0,20192497;0,705;1;4;98;1;1000137;13,96558333;2,82;0;-20;-15;-10;-5
RED;13:58,1;27:53,1;2,82;8;13,91553333;0,202651234;0,3525;1;12;94;0;1000137;27,88111667;5,64;0;-20;-15;-10;-5
RED;34:07,4;49:28,4;2,86;6;15,34988333;0,186320634;0,476666667;1;18;91;0;1000137;43,231;8,5;0;-20;-15;-10;-5
RED;56:48,3;18:35,6;35,19;56;201,7882333;0,174390743;0,628392857;1;74;63;0;1000137;245,0192333;43,69;0;-20;-15;-10;-5
RED;19:15,3;38:59,3;4,03;8;19,73361667;0,204220041;0,50375;1;82;59;0;1000137;264,75285;47,72;0;-20;-15;-10;-5
RED;42:01,5;54:09,0;2,42;4;12,12463333;0,199593665;0,605;1;86;57;0;1000137;276,8774833;50,14;0;-20;-15;-10;-5
RED;05:11,9;42:52,9;7,66;19;37,68398333;0,203269382;0,403157895;1;105;47,5;0;1000137;314,5614667;57,8;0;-20;-15;-10;-5
RED;07:36,6;17:03,1;2,02;4;9,441833333;0,213941501;0,505;1;109;45,5;0;1000137;324,0033;59,82;0;-20;-15;-10;-5
RED;18:20,8;56:05,0;36,83;34;217,7375167;0,169148618;1,083235294;1;143;28,5;0;1000137;541,7408167;96,65;1,740816667;-18,25918333;-13,25918333;-8,259183333;-3,259183333
RED;53:33,3;06:22,3;2,62;5;12,81766667;0,204405378;0,524;1;148;26;0;1000137;554,5584833;99,27;14,55848333;-5,441516667;-0,441516667;4,558483333;9,558483333
RED;08:39,2;16:53,6;1,61;3;8,239966667;0,19538914;0,536666667;1;151;24,5;0;1000137;562,79845;100,88;22,79845;2,79845;7,79845;12,79845;17,79845
RED;37:58,2;56:14,5;3,75;6;18,27131667;0,205239725;0,625;1;157;21,5;0;1000137;581,0697667;104,63;41,06976667;21,06976667;26,06976667;31,06976667;36,06976667
RED;02:27,1;38:30,0;7,26;18;36,0495;0,201389756;0,403333333;1;18;91;1;1000138;36,0495;7,26;0;-20;-15;-10;-5
RED;29:09,7;42:46,6;2,82;6;13,61555;0,207116128;0,47;1;24;88;0;1000138;49,66505;10,08;0;-20;-15;-10;-5
RED;43:12,3;55:16,7;2,42;7;12,07276667;0,200451153;0,345714286;1;31;84,5;0;1000138;61,73781667;12,5;0;-20;-15;-10;-5
RED;17:53,3;40:07,1;4,44;8;22,22921667;0,199737133;0,555;1;39;80,5;0;1000138;83,96703333;16,94;0;-20;-15;-10;-5
RED;44:08,5;05:44,4;5,73;7;21,5974;0,265309713;0,818571429;1;46;77;0;1000138;105,5644333;22,67;0;-20;-15;-10;-5
RED;02:32,8;29:57,3;5,45;17;27,40848333;0,198843545;0,320588235;1;63;68,5;0;1000138;132,9729167;28,12;0;-20;-15;-10;-5
RED;01:05,7;28:15,8;5,45;11;27,16776667;0,200605374;0,495454545;1;74;63;0;1000138;160,1406833;33,57;0;-20;-15;-10;-5
RED;41:13,2;04:15,4;4,64;14;23,03548333;0,201428376;0,331428571;1;88;56;0;1000138;183,1761667;38,21;0;-20;-15;-10;-5
RED;55:32,5;01:57,2;1,41;1;6,411716667;0,219909905;1,41;1;89;55,5;0;1000138;189,5878833;39,62;0;-20;-15;-10;-5
RED;02:32,5;10:35,0;1,61;2;8,042866667;0,200177383;0,805;1;91;54,5;0;1000138;197,63075;41,23;0;-20;-15;-10;-5
RED;43:43,6;50:16,6;1,21;2;6,549083333;0,184758681;0,605;1;93;53,5;0;1000138;204,1798333;42,44;0;-20;-15;-10;-5
RED;04:39,4;15:30,4;2,22;3;10,85041667;0,204600438;0,74;1;96;52;0;1000138;215,03025;44,66;0;-20;-15;-10;-5
RED;19:05,6;28:08,6;1,82;2;9,050233333;0,201099787;0,91;1;98;51;0;1000138;224,0804833;46,48;0;-20;-15;-10;-5
RED;53:24,9;01:55,0;1,69;2;8,5022;0,198772083;0,845;1;100;50;0;1000138;232,5826833;48,17;0;-20;-15;-10;-5
RED;16:14,0;32:42,6;3,23;6;16,47616667;0,196040746;0,538333333;1;106;47;0;1000138;249,05885;51,4;0;-20;-15;-10;-5
RED;40:19,2;02:23,2;4,56;5;22,06616667;0,206651208;0,912;1;111;44,5;0;1000138;271,1250167;55,96;0;-20;-15;-10;-5
RED;08:04,4;14:55,6;1,82;3;6,85265;0,265590684;0,606666667;1;114;43;0;1000138;277,9776667;57,78;0;-20;-15;-10;-5
RED;17:39,5;42:02,8;4,84;10;24,38843333;0,198454732;0,484;1;124;38;0;1000138;302,3661;62,62;0;-20;-15;-10;-5
RED;45:22,5;06:39,5;4,24;20;21,28235;0,199226119;0,212;1;144;28;0;1000138;323,64845;66,86;0;-20;-15;-10;-5
RED;11:33,4;46:23,5;8,21;11;34,83426667;0,235687465;0,746363636;1;155;22,5;0;1000138;358,4827167;75,07;0;-20;-15;-10;-5
RED;14:35,7;21:51,4;1,61;3;7,2611;0,22172949;0,536666667;1;158;21;0;1000138;365,7438167;76,68;0;-20;-15;-10;-5
RED;25:03,2;37:38,3;3,39;5;12,58386667;0,269392556;0,678;1;5;97,5;1;1000139;12,58386667;3,39;0;-20;-15;-10;-5
RED;45:54,2;21:17,4;9,38;10;35,38555;0,265079955;0,938;1;15;92,5;0;1000139;47,96941667;12,77;0;-20;-15;-10;-5
RED;26:43,2;40:49,6;4,29;7;14,10646667;0,304115843;0,612857143;1;22;89;0;1000139;62,07588333;17,06;0;-20;-15;-10;-5
RED;12:48,5;26:19,5;3,06;3;13,5176;0,226371545;1,02;1;25;87,5;0;1000139;75,59348333;20,12;0;-20;-15;-10;-5
RED;57:34,7;31:52,0;7,43;8;34,2873;0,216698311;0,92875;1;33;83,5;0;1000139;109,8807833;27,55;0;-20;-15;-10;-5
RED;42:21,5;01:49,7;4,37;7;19,47025;0,224444987;0,624285714;1;40;80;0;1000139;129,3510333;31,92;0;-20;-15;-10;-5
RED;11:08,4;23:20,4;3,39;5;12,19926667;0,277885556;0,678;1;45;77,5;0;1000139;141,5503;35,31;0;-20;-15;-10;-5
RED;55:09,7;19:24,3;6,51;0;24,243;0,268531122;inf;1;45;77,5;0;1000139;165,7933;41,82;0;-20;-15;-10;-5
RED;25:16,9;32:35,3;2,08;1;7,306516667;0,284677377;2,08;1;46;77;0;1000139;173,0998167;43,9;0;-20;-15;-10;-5
RED;44:48,4;53:32,7;2,34;4;8,738533333;0,26777949;0,585;1;50;75;0;1000139;181,83835;46,24;0;-20;-15;-10;-5
RED;49:46,8;52:39,2;0,87;0;2,87355;0,302761393;inf;1;50;75;0;1000139;184,7119;47,11;0;-20;-15;-10;-5
RED;26:03,2;33:13,9;1,75;2;7,178916667;0,243769371;0,875;1;52;74;0;1000139;191,8908167;48,86;0;-20;-15;-10;-5
RED;26:57,8;57:19,4;23,71;8;90,35916667;0,262397285;2,96375;1;60;70;0;1000139;282,2499833;72,57;0;-20;-15;-10;-5
RED;35:41,1;46:26,8;2,62;5;10,76283333;0,243430323;0,524;1;65;67,5;0;1000139;293,0128167;75,19;0;-20;-15;-10;-5
RED;46:35,9;12:13,0;7,03;9;25,61846667;0,274411427;0,781111111;1;74;63;0;1000139;318,6312833;82,22;0;-20;-15;-10;-5
RED;32:33,2;46:52,8;3,28;3;14,32713333;0,228936238;1,093333333;1;77;61,5;0;1000139;332,9584167;85,5;0;-20;-15;-10;-5
RED;48:25,4;24:41,9;8,08;9;36,27383333;0,2227501;0,897777778;1;86;57;0;1000139;369,23225;93,58;0;-20;-15;-10;-5
RED;27:06,8;48:57,2;5,73;6;21,83983333;0,26236464;0,955;1;92;54;0;1000139;391,0720833;99,31;0;-20;-15;-10;-5
RED;56:41,4;20:44,3;6,25;9;24,04845;0,25989201;0,694444444;1;101;49,5;0;1000139;415,1205333;105,56;0;-20;-15;-10;-5
RED;21:32,4;48:15,8;7,71;8;26,72301667;0,288515331;0,96375;1;109;45,5;0;1000139;441,84355;113,27;0;-20;-15;-10;-5
RED;50:07,7;21:15,8;6,99;12;31,13531667;0,224503899;0,5825;1;121;39,5;0;1000139;472,9788667;120,26;0;-20;-15;-10;-5
RED;22:51,4;34:30,6;2,84;4;11,65318333;0,243710231;0,71;1;125;37,5;0;1000139;484,63205;123,1;0;-20;-15;-10;-5
RED;54:47,2;05:58,5;3,13;4;11,1882;0,279759032;0,7825;1;129;35,5;0;1000139;495,82025;126,23;0;-20;-15;-10;-5
RED;43:06,1;56:30,5;3,06;6;13,40696667;0,228239547;0,51;1;135;32,5;0;1000139;509,2272167;129,29;0;-20;-15;-10;-5
RED;03:35,9;19:53,7;3,71;4;16,29728333;0,227645303;0,9275;1;139;30,5;0;1000139;525,5245;133;0;-20;-15;-10;-5
RED;07:34,0;24:03,9;3,71;9;16,499;0,224862113;0,412222222;1;148;26;0;1000139;542,0235;136,71;2,0235;-17,9765;-12,9765;-7,9765;-2,9765
RED;35:17,4;59:45,1;7,14;9;24,46135;0,291889041;0,793333333;1;157;21,5;0;1000139;566,48485;143,85;26,48485;6,48485;11,48485;16,48485;21,48485
RED;09:25,8;27:28,2;4,15;6;18,04005;0,230043708;0,691666667;1;6;97;1;1000140;18,04005;4,15;0;-20;-15;-10;-5
RED;36:29,9;45:15,4;2,57;3;8,757183333;0,293473358;0,856666667;1;9;95,5;0;1000140;26,79723333;6,72;0;-20;-15;-10;-5
RED;40:14,7;47:10,9;2;2;6,936966667;0,288310453;1;1;11;94,5;0;1000140;33,7342;8,72;0;-20;-15;-10;-5
RED;31:37,0;50:17,6;4,15;10;18,67711667;0,222197038;0,415;1;21;89,5;0;1000140;52,41131667;12,87;0;-20;-15;-10;-5
RED;05:04,7;18:03,0;3,06;6;12,97146667;0,235902391;0,51;1;27;86,5;0;1000140;65,38278333;15,93;0;-20;-15;-10;-5
RED;48:51,8;48:24,2;131,09;0;599,5399833;0,218650972;inf;1;27;86,5;0;1000140;664,9227667;147,02;124,9227667;104,9227667;109,9227667;114,9227667;119,9227667
RED;22:08,1;34:15,8;2,84;4;12,12941667;0,234141515;0,71;1;31;84,5;0;1000140;677,0521833;149,86;137,0521833;117,0521833;122,0521833;127,0521833;132,0521833
RED;36:40,3;10:19,4;9,71;25;33,65213333;0,2885404;0,3884;1;56;72;0;1000140;710,7043167;159,57;170,7043167;150,7043167;155,7043167;160,7043167;165,7043167
RED;27:41,1;38:02,5;2,4;4;10,35626667;0,231743743;0,6;1;60;70;0;1000140;721,0605833;161,97;181,0605833;161,0605833;166,0605833;171,0605833;176,0605833
RED;55:26,0;15:48,9;4,37;9;20,38166667;0,214408374;0,485555556;1;69;65,5;0;1000140;741,44225;166,34;201,44225;181,44225;186,44225;191,44225;196,44225
RED;16:38,0;19:28,8;0,66;1;2,846733333;0,231844687;0,66;1;70;65;0;1000140;744,2889833;167;204,2889833;184,2889833;189,2889833;194,2889833;199,2889833
RED;21:51,8;59:22,5;10,86;44;37,51193333;0,289507872;0,246818182;1;114;43;0;1000140;781,8009167;177,86;241,8009167;221,8009167;226,8009167;231,8009167;236,8009167
RED;34:02,8;46:12,0;2,84;5;12,15256667;0,233695488;0,568;1;119;40,5;0;1000140;793,9534833;180,7;253,9534833;233,9534833;238,9534833;243,9534833;248,9534833
RED;38:59,0;55:48,1;3,71;4;16,81948333;0,220577525;0,9275;1;123;38,5;0;1000140;810,7729667;184,41;270,7729667;250,7729667;255,7729667;260,7729667;265,7729667
RED;57:17,5;43:14,8;13,14;13;45,95448333;0,285935105;1,010769231;1;136;32;0;1000140;856,72745;197,55;316,72745;296,72745;301,72745;306,72745;311,72745
RED;45:25,3;04:05,1;5,71;4;18,6639;0,305938202;1,4275;1;140;30;0;1000140;875,39135;203,26;335,39135;315,39135;320,39135;325,39135;330,39135
RED;45:16,6;02:00,6;3,71;5;16,73283333;0,221719773;0,742;1;145;27,5;0;1000140;892,1241833;206,97;352,1241833;332,1241833;337,1241833;342,1241833;347,1241833
RED;53:10,2;08:01,8;3,28;6;14,86106667;0,22071094;0,546666667;1;151;24,5;0;1000140;906,98525;210,25;366,98525;346,98525;351,98525;356,98525;361,98525
RED;41:50,3;59:12,9;3,93;5;17,37565;0,226178589;0,786;1;156;22;0;1000140;924,3609;214,18;384,3609;364,3609;369,3609;374,3609;379,3609
RED;40:56,4;03:40,7;5,24;12;22,73791667;0,230452072;0,436666667;1;12;94;1;1000141;22,73791667;5,24;0;-20;-15;-10;-5
RED;03:42,9;26:58,4;6,86;7;23,2582;0,294949738;0,98;1;19;90,5;0;1000141;45,99611667;12,1;0;-20;-15;-10;-5
RED;27:21,8;45:15,9;4,95;8;17,90285;0,27649229;0,61875;1;27;86,5;0;1000141;63,89896667;17,05;0;-20;-15;-10;-5
RED;48:21,4;06:58,7;4,15;6;18,62146667;0,222861071;0,691666667;1;33;83,5;0;1000141;82,52043333;21,2;0;-20;-15;-10;-5
RED;17:24,8;55:09,8;8,52;10;37,74911667;0,225700646;0,852;1;43;78,5;0;1000141;120,26955;29,72;0;-20;-15;-10;-5
RED;59:34,8;51:01,5;11,36;18;51,44655;0,220811697;0,631111111;1;61;69,5;0;1000141;171,7161;41,08;0;-20;-15;-10;-5
RED;52:19,9;14:19,3;4,81;8;21,99011667;0,218734629;0,60125;1;69;65,5;0;1000141;193,7062167;45,89;0;-20;-15;-10;-5
RED;17:21,3;23:47,8;1,53;2;6,441633333;0,2375174;0,765;1;71;64,5;0;1000141;200,14785;47,42;0;-20;-15;-10;-5
RED;25:10,3;42:36,4;3,93;7;17,43536667;0,22540392;0,561428571;1;78;61;0;1000141;217,5832167;51,35;0;-20;-15;-10;-5
RED;24:58,9;23:20,0;15,37;15;58,3511;0,263405488;1,024666667;1;93;53,5;0;1000141;275,9343167;66,72;0;-20;-15;-10;-5
RED;31:55,8;48:19,4;3,71;6;16,39335;0,226311279;0,618333333;1;99;50,5;0;1000141;292,3276667;70,43;0;-20;-15;-10;-5
RED;50:11,6;10:40,1;4,59;6;20,47433333;0,224183124;0,765;1;105;47,5;0;1000141;312,802;75,02;0;-20;-15;-10;-5
RED;48:59,4;58:07,6;2,18;4;9,136716667;0,238597746;0,545;1;109;45,5;0;1000141;321,9387167;77,2;0;-20;-15;-10;-5
RED;41:33,7;51:58,4;2,87;6;10,4114;0,275659373;0,478333333;1;115;42,5;0;1000141;332,3501167;80,07;0;-20;-15;-10;-5
RED;55:40,0;11:43,3;4,57;6;16,05595;0,284629686;0,761666667;1;121;39,5;0;1000141;348,4060667;84,64;0;-20;-15;-10;-5
RED;16:25,9;30:23,6;4;4;13,96166667;0,286498747;1;1;125;37,5;0;1000141;362,3677333;88,64;0;-20;-15;-10;-5
RED;39:25,8;50:29,2;2,62;3;11,05545;0,236987187;0,873333333;1;128;36;0;1000141;373,4231833;91,26;0;-20;-15;-10;-5
RED;19:41,8;45:00,7;5,68;11;25,315;0,224372901;0,516363636;1;139;30,5;0;1000141;398,7381833;96,94;0;-20;-15;-10;-5
RED;51:51,3;19:10,5;6,12;4;27,32033333;0,22400898;1,53;1;143;28,5;0;1000141;426,0585167;103,06;0;-20;-15;-10;-5
RED;34:42,4;41:28,6;1,53;2;6,771116667;0,225959775;0,765;1;145;27,5;0;1000141;432,8296333;104,59;0;-20;-15;-10;-5
RED;08:18,8;23:31,4;3,5;6;15,21105;0,230095884;0,583333333;1;151;24,5;0;1000141;448,0406833;108,09;0;-20;-15;-10;-5
RED;15:11,4;51:15,4;8,08;15;36,06675;0,224029057;0,538666667;1;15;92,5;1;1000142;36,06675;8,08;0;-20;-15;-10;-5
RED;00:00,9;15:03,1;3,5;6;15,03791667;0,232745006;0,583333333;1;21;89,5;0;1000142;51,10466667;11,58;0;-20;-15;-10;-5
RED;54:54,6;36:35,9;9,18;24;41,68771667;0,220208751;0,3825;1;45;77,5;0;1000142;92,79238333;20,76;0;-20;-15;-10;-5
RED;57:39,4;21:32,5;6,86;14;23,88435;0,287217362;0,49;1;59;70,5;0;1000142;116,6767333;27,62;0;-20;-15;-10;-5
RED;02:52,9;28:57,6;5,68;10;26,07948333;0,217795726;0,568;1;69;65,5;0;1000142;142,7562167;33,3;0;-20;-15;-10;-5
RED;39:47,4;04:42,2;5,68;7;24,91365;0,227987469;0,811428571;1;76;62;0;1000142;167,6698667;38,98;0;-20;-15;-10;-5
RED;35:20,5;47:12,5;2,62;3;11,86728333;0,220775044;0,873333333;1;79;60,5;0;1000142;179,53715;41,6;0;-20;-15;-10;-5
RED;47:16,0;56:53,8;2,18;3;9,63155;0,226339478;0,726666667;1;82;59;0;1000142;189,1687;43,78;0;-20;-15;-10;-5
RED;18:04,9;26:07,9;1,97;2;8,050216667;0,24471391;0,985;1;84;58;0;1000142;197,2189167;45,75;0;-20;-15;-10;-5
RED;30:06,7;39:31,5;2,61;3;9,41325;0,277268744;0,87;1;87;56,5;0;1000142;206,6321667;48,36;0;-20;-15;-10;-5
RED;13:42,9;26:29,6;3,06;4;12,77875;0,239460041;0,765;1;91;54,5;0;1000142;219,4109167;51,42;0;-20;-15;-10;-5
RED;35:50,8;53:22,6;3,93;7;17,53098333;0,224174533;0,561428571;1;98;51;0;1000142;236,9419;55,35;0;-20;-15;-10;-5
RED;24:48,0;46:45,4;6,57;11;21,95695;0,299221886;0,597272727;1;109;45,5;0;1000142;258,89885;61,92;0;-20;-15;-10;-5
RED;25:22,8;44:39,5;4,37;7;19,27763333;0,226687577;0,624285714;1;116;42;0;1000142;278,1764833;66,29;0;-20;-15;-10;-5
RED;04:08,7;34:04,7;7,82;9;29,93341667;0,261246489;0,868888889;1;125;37,5;0;1000142;308,1099;74,11;0;-20;-15;-10;-5
RED;36:13,5;53:26,0;3,93;4;17,20713333;0,228393651;0,9825;1;129;35,5;0;1000142;325,3170333;78,04;0;-20;-15;-10;-5
RED;59:21,1;07:13,6;1,97;2;7,875233333;0,250151318;0,985;1;131;34,5;0;1000142;333,1922667;80,01;0;-20;-15;-10;-5
RED;11:06,4;29:30,6;4,15;6;18,40335;0,225502422;0,691666667;1;137;31,5;0;1000142;351,5956167;84,16;0;-20;-15;-10;-5
RED;33:41,3;52:10,8;4,15;7;18,49218333;0,224419146;0,592857143;1;144;28;0;1000142;370,0878;88,31;0;-20;-15;-10;-5
RED;06:19,6;17:53,5;2,62;4;11,56573333;0,226531247;0,655;1;148;26;0;1000142;381,6535333;90,93;0;-20;-15;-10;-5
RED;45:14,0;04:51,9;4,37;6;19,63276667;0,22258707;0,728333333;1;154;23;0;1000142;401,2863;95,3;0;-20;-15;-10;-5
RED;14:13,7;16:13,2;13,55;13;61,99141667;0,218578647;1,042307692;1;13;93,5;1;1000143;61,99141667;13,55;0;-20;-15;-10;-5
RED;26:22,7;39:58,3;3,06;6;13,59385;0,225101792;0,51;1;19;90,5;0;1000143;75,58526667;16,61;0;-20;-15;-10;-5
RED;09:57,8;21:10,7;2,62;5;11,21406667;0,233635137;0,524;1;24;88;0;1000143;86,79933333;19,23;0;-20;-15;-10;-5
RED;27:50,9;45:39,5;3,93;10;17,8104;0,220657593;0,393;1;34;83;0;1000143;104,6097333;23,16;0;-20;-15;-10;-5
RED;13:26,5;22:01,1;2,34;1;8,57595;0,272856068;2,34;1;35;82,5;0;1000143;113,1856833;25,5;0;-20;-15;-10;-5
RED;25:22,8;56:02,5;8,08;16;30,6615;0,263522659;0,505;1;51;74,5;0;1000143;143,8471833;33,58;0;-20;-15;-10;-5
RED;04:58,3;22:34,4;4,15;9;17,60208333;0,235767546;0,461111111;1;60;70;0;1000143;161,4492667;37,73;0;-20;-15;-10;-5
RED;28:22,2;50:16,6;6,57;16;21,9067;0,299908247;0,410625;1;76;62;0;1000143;183,3559667;44,3;0;-20;-15;-10;-5
RED;16:46,4;33:20,2;3,71;8;16,56333333;0,22398873;0,46375;1;84;58;0;1000143;199,9193;48,01;0;-20;-15;-10;-5
RED;15:23,4;54:33,9;10,42;12;39,17591667;0,265979737;0,868333333;1;96;52;0;1000143;239,0952167;58,43;0;-20;-15;-10;-5
RED;20:45,9;37:47,5;4,69;7;17,0271;0,275443264;0,67;1;103;48,5;0;1000143;256,1223167;63,12;0;-20;-15;-10;-5
RED;39:56,9;53:33,1;3,06;7;13,60325;0,224946244;0,437142857;1;110;45;0;1000143;269,7255667;66,18;0;-20;-15;-10;-5
RED;09:21,0;13:56,2;1,09;0;4,586983333;0,237628943;inf;1;110;45;0;1000143;274,31255;67,27;0;-20;-15;-10;-5
RED;15:32,8;54:28,2;8,52;14;38,92336667;0,218891651;0,608571429;1;124;38;0;1000143;313,2359167;75,79;0;-20;-15;-10;-5
RED;33:52,5;46:23,0;2,84;5;12,50676667;0,227077076;0,568;1;129;35,5;0;1000143;325,7426833;78,63;0;-20;-15;-10;-5
RED;52:31,2;24:46,4;9,43;5;32,25298333;0,292376054;1,886;1;134;33;0;1000143;357,9956667;88,06;0;-20;-15;-10;-5
RED;50:15,2;09:32,4;5,71;17;19,28628333;0,296065338;0,335882353;1;151;24,5;0;1000143;377,28195;93,77;0;-20;-15;-10;-5
RED;37:51,1;50:22,1;2,84;4;12,51521667;0,226923758;0,71;1;155;22,5;0;1000143;389,7971667;96,61;0;-20;-15;-10;-5
RED;06:15,9;26:16,6;4,37;9;20,01026667;0,218387894;0,485555556;1;79;60,5;1;1000144;20,01026667;4,37;0;-20;-15;-10;-5
RED;13:31,2;23:39,8;2,4;3;10,14296667;0,236617163;0,8;1;82;59;0;1000144;30,15323333;6,77;0;-20;-15;-10;-5
RED;54:31,8;15:55,9;4,81;10;21,40185;0,224746926;0,481;1;92;54;0;1000144;51,55508333;11,58;0;-20;-15;-10;-5
RED;18:29,6;35:53,0;3,93;6;17,38878333;0,226007762;0,655;1;98;51;0;1000144;68,94386667;15,51;0;-20;-15;-10;-5
RED;26:38,0;37:10,2;2,4;5;10,5364;0,227781785;0,48;1;103;48,5;0;1000144;79,48026667;17,91;0;-20;-15;-10;-5
RED;49:50,4;02:59,3;3,65;7;13,1495;0,277577094;0,521428571;1;110;45;0;1000144;92,62976667;21,56;0;-20;-15;-10;-5
RED;03:09,8;20:56,1;3,93;5;17,7723;0,221130636;0,786;1;115;42,5;0;1000144;110,4020667;25,49;0;-20;-15;-10;-5
RED;24:15,3;49:50,4;7,43;12;25,5853;0,290401129;0,619166667;1;127;36,5;0;1000144;135,9873667;32,92;0;-20;-15;-10;-5
RED;05:34,6;18:21,2;3,39;4;12,7761;0,265339188;0,8475;1;131;34,5;0;1000144;148,7634667;36,31;0;-20;-15;-10;-5
RED;39:21,4;48:56,7;2,18;2;9,589083333;0,227341856;1,09;1;133;33,5;0;1000144;158,35255;38,49;0;-20;-15;-10;-5
RED;04:57,5;18:29,2;4;5;13,52853333;0,295671371;0,8;1;138;31;0;1000144;171,8810833;42,49;0;-20;-15;-10;-5
RED;33:07,0;49:56,3;3,93;8;16,8222;0,233619859;0,49125;1;146;27;0;1000144;188,7032833;46,42;0;-20;-15;-10;-5
RED;51:41,8;58:32,3;1,53;2;6,840866667;0,223655872;0,765;1;148;26;0;1000144;195,54415;47,95;0;-20;-15;-10;-5
RED;01:16,3;14:41,0;3,06;5;13,4111;0,228169203;0,612;1;153;23,5;0;1000144;208,95525;51,01;0;-20;-15;-10;-5
RED;32:05,8;52:15,2;4,59;3;20,15625;0,22772093;1,53;1;156;22;0;1000144;229,1115;55,6;0;-20;-15;-10;-5
RED;53:03,8;13:34,0;5,47;7;20,5031;0,266788925;0,781428571;1;7;96,5;1;1000145;20,5031;5,47;0;-20;-15;-10;-5
RED;08:13,5;22:07,8;3,28;4;13,9052;0,235882979;0,82;1;11;94,5;0;1000145;34,4083;8,75;0;-20;-15;-10;-5
RED;22:23,7;39:50,8;3,93;5;17,45283333;0,225178338;0,786;1;16;92;0;1000145;51,86113333;12,68;0;-20;-15;-10;-5
RED;42:30,9;50:02,3;1,75;2;7,523216667;0,232613266;0,875;1;18;91;0;1000145;59,38435;14,43;0;-20;-15;-10;-5
RED;54:12,5;03:51,7;2,61;4;9,652716667;0,270390201;0,6525;1;22;89;0;1000145;69,03706667;17,04;0;-20;-15;-10;-5
RED;07:46,7;19:09,3;2,62;3;11,37661667;0,230296939;0,873333333;1;25;87,5;0;1000145;80,41368333;19,66;0;-20;-15;-10;-5
RED;54:05,4;00:00,4;1,53;2;5,915966667;0,258622147;0,765;1;27;86,5;0;1000145;86,32965;21,19;0;-20;-15;-10;-5
RED;45:10,3;01:29,5;3,5;5;16,31966667;0,214465165;0,7;1;32;84;0;1000145;102,6493167;24,69;0;-20;-15;-10;-5
RED;09:30,9;21:42,7;2,84;5;12,19618333;0,232859733;0,568;1;37;81,5;0;1000145;114,8455;27,53;0;-20;-15;-10;-5
RED;56:00,5;25:35,5;6,55;8;29,58376667;0,221405208;0,81875;1;45;77,5;0;1000145;144,4292667;34,08;0;-20;-15;-10;-5
RED;05:21,7;47:53,3;9,18;19;42,52701667;0,215862779;0,483157895;1;64;68;0;1000145;186,9562833;43,26;0;-20;-15;-10;-5
RED;55:46,0;07:18,5;2,62;5;11,54186667;0,226999677;0,524;1;69;65,5;0;1000145;198,49815;45,88;0;-20;-15;-10;-5
RED;11:40,0;20:13,7;1,97;5;8,56305;0,230058215;0,394;1;74;63;0;1000145;207,0612;47,85;0;-20;-15;-10;-5
RED;26:23,1;42:42,4;3,71;8;16,32238333;0,227295238;0,46375;1;82;59;0;1000145;223,3835833;51,56;0;-20;-15;-10;-5
RED;44:33,1;57:59,9;3,06;6;13,4454;0,22758713;0,51;1;88;56;0;1000145;236,8289833;54,62;0;-20;-15;-10;-5
RED;10:24,5;18:27,3;2,08;3;8,046833333;0,258486775;0,693333333;1;91;54,5;0;1000145;244,8758167;56,7;0;-20;-15;-10;-5
RED;07:50,7;19:56,9;2,84;6;12,104;0,234633179;0,473333333;1;97;51,5;0;1000145;256,9798167;59,54;0;-20;-15;-10;-5
RED;33:57,0;45:04,8;2,4;2;11,12993333;0,215634715;1,2;1;99;50,5;0;1000145;268,10975;61,94;0;-20;-15;-10;-5
RED;49:05,8;23:27,6;7,65;9;34,364;0,222616692;0,85;1;108;46;0;1000145;302,47375;69,59;0;-20;-15;-10;-5
RED;43:05,8;00:49,7;3,93;6;17,73216667;0,221631122;0,655;1;114;43;0;1000145;320,2059167;73,52;0;-20;-15;-10;-5
RED;28:48,9;41:56,7;3,65;4;13,12935;0,2780031;0,9125;1;118;41;0;1000145;333,3352667;77,17;0;-20;-15;-10;-5
RED;45:19,3;57:29,9;2,84;3;12,17643333;0,233237429;0,946666667;1;121;39,5;0;1000145;345,5117;80,01;0;-20;-15;-10;-5
RED;16:01,1;09:57,5;478,12;628;1433,940117;0,333430939;0,76133758;1;628;-214;0;1000145;1779,451817;558,13;1239,451817;1219,451817;1224,451817;1229,451817;1234,451817
RED;25:59,9;32:30,5;1,53;2;6,508833333;0,235065168;0,765;1;2;99;1;1000146;6,508833333;1,53;0;-20;-15;-10;-5
RED;34:41,3;52:23,8;3,93;5;17,70771667;0,22193714;0,786;1;7;96,5;0;1000146;24,21655;5,46;0;-20;-15;-10;-5
RED;54:58,9;27:41,8;7,21;2;32,71543333;0,220385282;3,605;1;9;95,5;0;1000146;56,93198333;12,67;0;-20;-15;-10;-5
RED;29:46,3;02:22,5;7,21;13;32,60191667;0,221152642;0,554615385;1;22;89;0;1000146;89,5339;19,88;0;-20;-15;-10;-5
RED;04:25,2;10:58,8;2;2;6,5598;0,304887344;1;1;24;88;0;1000146;96,0937;21,88;0;-20;-15;-10;-5
RED;28:10,5;21:51,6;11,8;11;53,68483333;0,219801372;1,072727273;1;35;82,5;0;1000146;149,7785333;33,68;0;-20;-15;-10;-5
RED;32:05,4;46:00,6;3,28;6;13,92011667;0,235630209;0,546666667;1;41;79,5;0;1000146;163,69865;36,96;0;-20;-15;-10;-5
RED;47:26,6;52:20,9;1,56;1;4,904933333;0,318047136;1,56;1;42;79;0;1000146;168,6035833;38,52;0;-20;-15;-10;-5
RED;01:04,5;27:23,3;5,9;28;26,31353333;0,224219223;0,210714286;1;70;65;0;1000146;194,9171167;44,42;0;-20;-15;-10;-5
RED;35:18,7;58:13,0;5,99;12;22,90391667;0,261527322;0,499166667;1;82;59;0;1000146;217,8210333;50,41;0;-20;-15;-10;-5
RED;25:33,0;24:35,7;13,11;20;59,0452;0,22203329;0,6555;1;102;49;0;1000146;276,8662333;63,52;0;-20;-15;-10;-5
RED;39:37,8;45:46,3;2;2;6,141533333;0,325651575;1;1;104;48;0;1000146;283,0077667;65,52;0;-20;-15;-10;-5
RED;48:20,4;08:42,0;5,47;6;20,35961667;0,268669106;0,911666667;1;110;45;0;1000146;303,3673833;70,99;0;-20;-15;-10;-5
RED;57:09,5;22:55,6;6,77;5;25,76945;0,262714183;1,354;1;115;42,5;0;1000146;329,1368333;77,76;0;-20;-15;-10;-5
RED;14:14,7;20:07,5;1,56;0;5,8792;0,265342223;inf;1;115;42,5;0;1000146;335,0160333;79,32;0;-20;-15;-10;-5
RED;35:10,3;29:07,6;15,43;36;53,95463333;0,285981;0,428611111;1;151;24,5;0;1000146;388,9706667;94,75;0;-20;-15;-10;-5
RED;23:59,3;35:16,6;2,62;2;11,2871;0,232123398;1,31;1;153;23,5;0;1000146;400,2577667;97,37;0;-20;-15;-10;-5
RED;41:23,5;55:00,5;3,06;4;13,6165;0,224727353;0,765;1;157;21,5;0;1000146;413,8742667;100,43;0;-20;-15;-10;-5
RED;06:50,7;15:14,8;1,97;3;8,402116667;0,234464728;0,656666667;1;3;98,5;1;1000147;8,402116667;1,97;0;-20;-15;-10;-5
RED;03:07,7;31:45,2;6,34;10;28,62486667;0,221485748;0,634;1;13;93,5;0;1000147;37,02698333;8,31;0;-20;-15;-10;-5
RED;33:36,3;45:01,9;3,43;5;11,42651667;0,30017897;0,686;1;18;91;0;1000147;48,4535;11,74;0;-20;-15;-10;-5
RED;19:30,1;30:30,9;3,43;2;11,01336667;0,311439735;1,715;1;20;90;0;1000147;59,46686667;15,17;0;-20;-15;-10;-5
RED;47:54,8;10:35,3;5,24;8;22,67555;0,231085905;0,655;1;28;86;0;1000147;82,14241667;20,41;0;-20;-15;-10;-5
RED;23:20,1;36:21,1;3,06;4;13,01661667;0,23508413;0,765;1;32;84;0;1000147;95,15903333;23,47;0;-20;-15;-10;-5
RED;40:44,7;52:28,3;2,62;2;11,72728333;0,223410651;1,31;1;34;83;0;1000147;106,8863167;26,09;0;-20;-15;-10;-5
RED;33:07,4;59:35,3;5,9;17;26,46615;0,222926266;0,347058824;1;51;74,5;0;1000147;133,3524667;31,99;0;-20;-15;-10;-5
RED;00:42,7;21:11,9;5,47;9;20,4871;0,266997281;0,607777778;1;60;70;0;1000147;153,8395667;37,46;0;-20;-15;-10;-5
RED;33:50,2;02:05,7;7,55;11;28,25828333;0,267178296;0,686363636;1;71;64,5;0;1000147;182,09785;45,01;0;-20;-15;-10;-5
RED;47:13,0;16:07,7;6,34;20;28,91061667;0,219296602;0,317;1;91;54,5;0;1000147;211,0084667;51,35;0;-20;-15;-10;-5
RED;21:00,9;36:51,7;3,5;5;15,84613333;0,220874072;0,7;1;96;52;0;1000147;226,8546;54,85;0;-20;-15;-10;-5
RED;43:51,6;51:18,9;2,08;3;7,454316667;0,279032954;0,693333333;1;99;50,5;0;1000147;234,3089167;56,93;0;-20;-15;-10;-5
RED;58:03,9;04:22,7;1,53;3;6,31405;0,242316738;0,51;1;102;49;0;1000147;240,6229667;58,46;0;-20;-15;-10;-5
RED;09:31,1;25:24,4;3,71;6;15,88835;0,233504423;0,618333333;1;108;46;0;1000147;256,5113167;62,17;0;-20;-15;-10;-5
RED;25:26,5;45:39,6;5,47;17;20,21985;0,27052624;0,321764706;1;125;37,5;0;1000147;276,7311667;67,64;0;-20;-15;-10;-5
RED;19:22,1;34:21,6;3,28;9;14,99108333;0,218796729;0,364444444;1;134;33;0;1000147;291,72225;70,92;0;-20;-15;-10;-5
RED;43:10,6;14:43,1;8,34;18;31,54318333;0,26439944;0,463333333;1;152;24;0;1000147;323,2654333;79,26;0;-20;-15;-10;-5
RED;20:34,6;35:04,8;3,28;6;14,50195;0,22617648;0,546666667;1;158;21;0;1000147;337,7673833;82,54;0;-20;-15;-10;-5
RED;35:46,1;01:13,6;5,68;21;25,45748333;0,223117106;0,27047619;1;21;89,5;1;1000148;25,45748333;5,68;0;-20;-15;-10;-5
RED;03:21,4;28:13,5;6,77;15;24,86981667;0,272217527;0,451333333;1;36;82;0;1000148;50,3273;12,45;0;-20;-15;-10;-5
RED;55:51,5;58:38,4;0,66;0;2,781383333;0,237291995;inf;1;36;82;0;1000148;53,10868333;13,11;0;-20;-15;-10;-5
RED;04:54,7;31:48,0;6,12;11;26,88866667;0,227605187;0,556363636;1;47;76,5;0;1000148;79,99735;19,23;0;-20;-15;-10;-5
RED;39:12,1;59:24,7;4,59;6;20,20981667;0,22711735;0,765;1;53;73,5;0;1000148;100,2071667;23,82;0;-20;-15;-10;-5
RED;12:03,7;20:08,8;2,34;2;8,084816667;0,289431424;1,17;1;55;72,5;0;1000148;108,2919833;26,16;0;-20;-15;-10;-5
RED;20:43,8;27:19,6;1,82;1;6,59585;0,275931078;1,82;1;56;72;0;1000148;114,8878333;27,98;0;-20;-15;-10;-5
RED;28:18,1;54:01,4;6,77;10;25,7211;0,263208028;0,677;1;66;67;0;1000148;140,6089333;34,75;0;-20;-15;-10;-5
RED;40:17,8;54:00,7;3,06;4;13,7149;0,223115006;0,765;1;70;65;0;1000148;154,3238333;37,81;0;-20;-15;-10;-5
RED;54:34,1;01:07,1;1,53;3;6,55055;0,233568174;0,51;1;73;63,5;0;1000148;160,8743833;39,34;0;-20;-15;-10;-5
RED;09:01,3;16:50,5;2,57;3;7,819666667;0,328658511;0,856666667;1;76;62;0;1000148;168,69405;41,91;0;-20;-15;-10;-5
RED;19:51,9;37:48,3;4,15;5;17,9396;0,231331802;0,83;1;81;59,5;0;1000148;186,63365;46,06;0;-20;-15;-10;-5
RED;39:46,1;51:27,1;2,62;5;11,6839;0,224240194;0,524;1;86;57;0;1000148;198,31755;48,68;0;-20;-15;-10;-5
RED;03:32,8;12:59,9;2,18;2;9,451683333;0,230646745;1,09;1;88;56;0;1000148;207,7692333;50,86;0;-20;-15;-10;-5
RED;15:33,3;29:11,3;4;7;13,63338333;0,293397457;0,571428571;1;95;52,5;0;1000148;221,4026167;54,86;0;-20;-15;-10;-5
RED;30:06,6;01:21,9;6,99;12;31,25595;0,223637419;0,5825;1;107;46,5;0;1000148;252,6585667;61,85;0;-20;-15;-10;-5
RED;22:54,5;44:09,1;4,81;8;21,24395;0,226417404;0,60125;1;115;42,5;0;1000148;273,9025167;66,66;0;-20;-15;-10;-5
RED;45:39,8;56:43,4;3,13;4;11,05988333;0,283004794;0,7825;1;119;40,5;0;1000148;284,9624;69,79;0;-20;-15;-10;-5
RED;01:26,0;09:20,9;1,75;2;7,9147;0,221107559;0,875;1;121;39,5;0;1000148;292,8771;71,54;0;-20;-15;-10;-5
RED;24:53,5;36:52,7;2,62;5;11,98768333;0,218557658;0,524;1;126;37;0;1000148;304,8647833;74,16;0;-20;-15;-10;-5
RED;39:57,7;52:12,6;2,84;4;12,24878333;0,231859763;0,71;1;130;35;0;1000148;317,1135667;77;0;-20;-15;-10;-5
RED;03:01,1;29:39,4;7,71;19;26,63855;0,289430168;0,405789474;1;149;25,5;0;1000148;343,7521167;84,71;0;-20;-15;-10;-5
RED;44:24,3;03:32,9;4,37;7;19,1431;0,228280686;0,624285714;1;156;22;0;1000148;362,8952167;89,08;0;-20;-15;-10;-5
RED;19:00,2;32:37,8;3,06;7;13,626;0,224570674;0,437142857;1;7;96,5;1;1000149;13,626;3,06;0;-20;-15;-10;-5
RED;41:52,6;00:10,1;4,15;20;18,2913;0,226883819;0,2075;1;27;86,5;0;1000149;31,9173;7,21;0;-20;-15;-10;-5
RED;05:15,6;10:41,4;1,31;2;5,43;0,241252302;0,655;1;29;85,5;0;1000149;37,3473;8,52;0;-20;-15;-10;-5
RED;31:27,9;44:18,7;2,84;5;12,84683333;0,221066151;0,568;1;34;83;0;1000149;50,19413333;11,36;0;-20;-15;-10;-5
RED;44:42,8;07:18,5;5,03;12;22,59615;0,222604293;0,419166667;1;46;77;0;1000149;72,79028333;16,39;0;-20;-15;-10;-5
RED;34:39,5;48:15,9;3,65;5;13,60693333;0,2682456;0,73;1;51;74,5;0;1000149;86,39721667;20,04;0;-20;-15;-10;-5
RED;19:22,8;28:04,4;41,29;68;308,6928;0,133757574;0,607205882;1;119;40,5;0;1000149;395,0900167;61,33;0;-20;-15;-10;-5
RED;53:40,1;06:14,5;2,84;4;12,57391667;0,225864389;0,71;1;123;38,5;0;1000149;407,6639333;64,17;0;-20;-15;-10;-5
RED;03:05,2;15:09,4;2,84;4;12,07033333;0,23528762;0,71;1;127;36,5;0;1000149;419,7342667;67,01;0;-20;-15;-10;-5
RED;37:43,9;49:23,4;2,62;6;11,65928333;0,22471364;0,436666667;1;133;33,5;0;1000149;431,39355;69,63;0;-20;-15;-10;-5
RED;51:18,7;13:16,8;4,81;9;21,96753333;0,218959495;0,534444444;1;142;29;0;1000149;453,3610833;74,44;0;-20;-15;-10;-5
RED;58:38,6;15:09,3;3,71;5;16,51161667;0,224690294;0,742;1;147;26,5;0;1000149;469,8727;78,15;0;-20;-15;-10;-5
RED;38:21,3;59:05,8;5,73;7;20,74256667;0,276243538;0,818571429;1;154;23;0;1000149;490,6152667;83,88;0;-20;-15;-10;-5
RED;16:30,5;57:32,0;8,96;8;41,02523333;0,21840217;1,12;1;8;96;1;1000150;41,02523333;8,96;0;-20;-15;-10;-5
RED;55:22,2;03:26,3;2,34;4;8,06835;0,290022123;0,585;1;12;94;0;1000150;49,09358333;11,3;0;-20;-15;-10;-5
RED;44:53,3;55:12,6;2,4;3;10,32186667;0,232516082;0,8;1;15;92,5;0;1000150;59,41545;13,7;0;-20;-15;-10;-5
RED;06:26,5;28:29,5;5,99;11;22,05013333;0,271653686;0,544545455;1;26;87;0;1000150;81,46558333;19,69;0;-20;-15;-10;-5
RED;32:01,8;45:44,7;3,65;5;13,71518333;0,266128415;0,73;1;31;84,5;0;1000150;95,18076667;23,34;0;-20;-15;-10;-5
RED;33:27,7;42:38,7;2,18;3;9,182783333;0,237400788;0,726666667;1;34;83;0;1000150;104,36355;25,52;0;-20;-15;-10;-5
RED;49:28,3;22:32,3;8,86;8;33,06591667;0,267949626;1,1075;1;42;79;0;1000150;137,4294667;34,38;0;-20;-15;-10;-5
RED;33:41,9;40:09,4;1,53;1;6,45835;0,236902614;1,53;1;43;78,5;0;1000150;143,8878167;35,91;0;-20;-15;-10;-5
RED;42:40,0;56:12,6;4;3;13,54326667;0,295349719;1,333333333;1;46;77;0;1000150;157,4310833;39,91;0;-20;-15;-10;-5
RED;20:57,0;39:13,8;4,15;5;18,2807;0,227015377;0,83;1;51;74,5;0;1000150;175,7117833;44,06;0;-20;-15;-10;-5
RED;44:23,8;09:39,8;5,68;13;25,26678333;0,224801073;0,436923077;1;64;68;0;1000150;200,9785667;49,74;0;-20;-15;-10;-5
RED;11:11,4;18:35,4;1,75;2;7,399616667;0,236498738;0,875;1;66;67;0;1000150;208,3781833;51,49;0;-20;-15;-10;-5
RED;14:09,6;40:11,2;7,03;12;26,02581667;0,270116404;0,585833333;1;78;61;0;1000150;234,404;58,52;0;-20;-15;-10;-5
RED;43:46,1;55:23,7;2,62;5;11,62736667;0,22533047;0,524;1;83;58,5;0;1000150;246,0313667;61,14;0;-20;-15;-10;-5
RED;21:51,8;46:16,3;6,51;9;24,40865;0,266708728;0,723333333;1;92;54;0;1000150;270,4400167;67,65;0;-20;-15;-10;-5
RED;00:18,3;18:13,1;4,15;5;17,91421667;0,231659585;0,83;1;97;51,5;0;1000150;288,3542333;71,8;0;-20;-15;-10;-5
RED;18:33,7;36:34,5;4,15;5;18,01263333;0,230393853;0,83;1;102;49;0;1000150;306,3668667;75,95;0;-20;-15;-10;-5
RED;52:07,2;12:29,3;4,59;4;20,36768333;0,225356999;1,1475;1;106;47;0;1000150;326,73455;80,54;0;-20;-15;-10;-5
RED;15:13,2;33:14,9;4,15;6;18,02686667;0,230211943;0,691666667;1;112;44;0;1000150;344,7614167;84,69;0;-20;-15;-10;-5
RED;34:10,6;02:02,6;8,29;4;27,86683333;0,297486259;2,0725;1;116;42;0;1000150;372,62825;92,98;0;-20;-15;-10;-5
RED;14:33,5;45:47,7;8,34;9;31,23696667;0,266991353;0,926666667;1;125;37,5;0;1000150;403,8652167;101,32;0;-20;-15;-10;-5
RED;57:31,4;19:06,1;5,73;4;21,57861667;0,265540655;1,4325;1;129;35,5;0;1000150;425,4438333;107,05;0;-20;-15;-10;-5
RED;21:49,5;35:35,2;3,06;3;13,76081667;0,222370523;1,02;1;132;34;0;1000150;439,20465;110,11;0;-20;-15;-10;-5
RED;38:44,8;08:52,3;6,77;12;30,12485;0,224731409;0,564166667;1;144;28;0;1000150;469,3295;116,88;0;-20;-15;-10;-5
RED;21:51,1;36:25,6;3,28;3;14,57518333;0,225040051;1,093333333;1;147;26,5;0;1000150;483,9046833;120,16;0;-20;-15;-10;-5
RED;44:38,4;27:18,9;11,2;10;42,67443333;0,262452225;1,12;1;157;21,5;0;1000150;526,5791167;131,36;0;-20;-15;-10;-5
RED;40:11,7;42:24,6;0,66;0;2,214366667;0,29805362;inf;1;157;21,5;0;1000150;528,7934833;132,02;0;-20;-15;-10;-5
RED;58:46,1;17:12,5;4,15;6;18,43945;0,225060943;0,691666667;1;6;97;1;1000151;18,43945;4,15;0;-20;-15;-10;-5
RED;23:28,6;34:31,7;2,62;7;11,05128333;0,237076539;0,374285714;1;13;93,5;0;1000151;29,49073333;6,77;0;-20;-15;-10;-5
RED;24:38,3;45:05,3;4,59;16;20,44898333;0,224461037;0,286875;1;29;85,5;0;1000151;49,93971667;11,36;0;-20;-15;-10;-5
RED;05:06,6;18:33,0;3,06;6;13,44013333;0,227676313;0,51;1;35;82,5;0;1000151;63,37985;14,42;0;-20;-15;-10;-5
RED;21:01,6;34:30,2;3,06;4;13,47643333;0,227063046;0,765;1;39;80,5;0;1000151;76,85628333;17,48;0;-20;-15;-10;-5
RED;41:14,6;28:10,5;12,5;13;46,9318;0,266343929;0,961538462;1;52;74;0;1000151;123,7880833;29,98;0;-20;-15;-10;-5
RED;36:18,2;48:06,9;2,62;3;11,8113;0,221821476;0,873333333;1;55;72,5;0;1000151;135,5993833;32,6;0;-20;-15;-10;-5
RED;53:26,0;08:56,0;3,5;3;15,49921667;0,225817864;1,166666667;1;58;71;0;1000151;151,0986;36,1;0;-20;-15;-10;-5
RED;18:49,6;43:34,3;5,46;5;24,74556667;0,220645584;1,092;1;63;68,5;0;1000151;175,8441667;41,56;0;-20;-15;-10;-5
RED;50:38,2;57:53,6;2,29;2;7,256716667;0,315569714;1,145;1;72;64;0;1000151;183,1008833;43,85;0;-20;-15;-10;-5
RED;10:36,6;31:00,2;5,47;7;20,39291667;0,26823039;0,781428571;1;79;60,5;0;1000151;203,4938;49,32;0;-20;-15;-10;-5
RED;04:22,5;00:00,6;25,34;9;115,6346333;0,219138499;2,815555556;1;88;56;0;1000151;319,1284333;74,66;0;-20;-15;-10;-5
RED;18:08,2;59:52,4;11,2;6;41,73585;0,268354424;1,866666667;1;94;53;0;1000151;360,8642833;85,86;0;-20;-15;-10;-5
RED;04:59,1;19:49,1;3,28;3;14,83391667;0,2211149;1,093333333;1;97;51,5;0;1000151;375,6982;89,14;0;-20;-15;-10;-5
RED;57:17,8;14:34,0;3,93;3;17,27031667;0,227558074;1,31;1;100;50;0;1000151;392,9685167;93,07;0;-20;-15;-10;-5
RED;48:47,2;17:41,6;7,82;5;28,90615;0,270530666;1,564;1;105;47,5;0;1000151;421,8746667;100,89;0;-20;-15;-10;-5
RED;30:16,7;49:53,5;4,37;8;19,6131;0,222810265;0,54625;1;113;43,5;0;1000151;441,4877667;105,26;0;-20;-15;-10;-5
RED;52:26,8;27:21,7;7,65;11;34,9138;0,219111068;0,695454545;1;124;38;0;1000151;476,4015667;112,91;0;-20;-15;-10;-5
RED;44:12,5;43:57,8;26,22;39;119,7558;0,218945554;0,672307692;1;39;80,5;1;1000152;119,7558;26,22;0;-20;-15;-10;-5
RED;01:16,6;10:04,5;2,34;6;8,798516667;0,26595392;0,39;1;45;77,5;0;1000152;128,5543167;28,56;0;-20;-15;-10;-5
RED;13:30,6;53:13,4;8,74;23;39,71268333;0,220080822;0,38;1;68;66;0;1000152;168,267;37,3;0;-20;-15;-10;-5
RED;00:01,4;16:38,0;3,71;11;16,61036667;0,223354491;0,337272727;1;79;60,5;0;1000152;184,8773667;41,01;0;-20;-15;-10;-5
RED;39:52,5;50:07,2;2,4;3;10,24366667;0,234291107;0,8;1;82;59;0;1000152;195,1210333;43,41;0;-20;-15;-10;-5
RED;01:41,2;24:33,4;5,24;11;22,86951667;0,229125962;0,476363636;1;93;53,5;0;1000152;217,99055;48,65;0;-20;-15;-10;-5
RED;44:53,1;04:10,3;5,71;6;19,2869;0,296055872;0,951666667;1;99;50,5;0;1000152;237,27745;54,36;0;-20;-15;-10;-5
RED;53:34,9;17:02,8;5,24;10;23,4646;0,223315122;0,524;1;109;45,5;0;1000152;260,74205;59,6;0;-20;-15;-10;-5
RED;39:31,0;41:21,5;0,66;0;1,841383333;0,358426183;inf;1;109;45,5;0;1000152;262,5834333;60,26;0;-20;-15;-10;-5
RED;22:09,6;28:27,8;1,53;1;6,304266667;0,242692779;1,53;1;110;45;0;1000152;268,8877;61,79;0;-20;-15;-10;-5
RED;33:52,0;00:28,2;5,9;7;26,60291667;0,221780193;0,842857143;1;117;41,5;0;1000152;295,4906167;67,69;0;-20;-15;-10;-5
RED;08:19,1;21:02,9;3,06;5;12,7299;0,24037895;0,612;1;122;39;0;1000152;308,2205167;70,75;0;-20;-15;-10;-5
RED;35:23,8;45:34,1;2,4;3;10,17118333;0,235960745;0,8;1;125;37,5;0;1000152;318,3917;73,15;0;-20;-15;-10;-5
RED;37:06,7;52:34,7;3,5;6;15,4669;0,22628969;0,583333333;1;131;34,5;0;1000152;333,8586;76,65;0;-20;-15;-10;-5
RED;54:37,4;29:59,0;7,87;13;35,35985;0,222568817;0,605384615;1;144;28;0;1000152;369,21845;84,52;0;-20;-15;-10;-5
RED;34:22,9;06:16,8;20,1;8;91,8983;0,218720042;2,5125;1;152;24;0;1000152;461,11675;104,62;0;-20;-15;-10;-5
RED;22:17,8;30:30,9;2,34;3;8,219016667;0,284705591;0,78;1;155;22,5;0;1000152;469,3357667;106,96;0;-20;-15;-10;-5
RED;28:09,7;46:15,2;4,15;7;18,09106667;0,229394987;0,592857143;1;7;96,5;1;1000153;18,09106667;4,15;0;-20;-15;-10;-5
RED;20:07,4;16:07,1;12,24;15;55,99495;0,218591141;0,816;1;22;89;0;1000153;74,08601667;16,39;0;-20;-15;-10;-5
RED;51:09,7;04:43,1;3,06;6;13,55585;0,225732802;0,51;1;28;86;0;1000153;87,64186667;19,45;0;-20;-15;-10;-5
RED;07:13,6;37:32,6;8,08;26;30,3159;0,266526806;0,310769231;1;54;73;0;1000153;117,9577667;27,53;0;-20;-15;-10;-5
RED;03:21,7;14:16,9;2,87;2;10,92018333;0,2628161;1,435;1;56;72;0;1000153;128,87795;30,4;0;-20;-15;-10;-5
RED;14:39,2;35:49,4;4,59;8;21,16965;0,216819834;0,57375;1;64;68;0;1000153;150,0476;34,99;0;-20;-15;-10;-5
RED;01:06,6;07:51,3;1,53;2;6,7452;0,226827967;0,765;1;66;67;0;1000153;156,7928;36,52;0;-20;-15;-10;-5
RED;57:06,6;19:43,2;5,03;5;22,6094;0,222473838;1,006;1;71;64,5;0;1000153;179,4022;41,55;0;-20;-15;-10;-5
RED;50:56,8;09:55,0;4,37;7;18,97118333;0,230349363;0,624285714;1;78;61;0;1000153;198,3733833;45,92;0;-20;-15;-10;-5
RED;33:23,4;55:26,5;5,03;16;22,05165;0,228100845;0,314375;1;94;53;0;1000153;220,4250333;50,95;0;-20;-15;-10;-5
RED;33:27,8;53:49,6;83,24;25;380,3642;0,218842888;3,3296;1;119;40,5;0;1000153;600,7892333;134,19;60,78923333;40,78923333;45,78923333;50,78923333;55,78923333
RED;30:41,9;39:31,3;2,18;1;8,82445;0,247040892;2,18;1;120;40;0;1000153;609,6136833;136,37;69,61368333;49,61368333;54,61368333;59,61368333;64,61368333
RED;46:45,6;19:56,6;20,54;14;213,18385;0,096348762;1,467142857;1;134;33;0;1000153;822,7975333;156,91;282,7975333;262,7975333;267,7975333;272,7975333;277,7975333
RED;20:21,4;34:41,3;3,28;4;14,33221667;0,228855039;0,82;1;138;31;0;1000153;837,12975;160,19;297,12975;277,12975;282,12975;287,12975;292,12975
RED;18:29,5;29:28,7;2,62;3;10,98515;0,238503798;0,873333333;1;141;29,5;0;1000153;848,1149;162,81;308,1149;288,1149;293,1149;298,1149;303,1149
RED;09:56,8;14:51,3;17,19;18;64,9084;0,264834752;0,955;1;159;20,5;0;1000153;913,0233;180;373,0233;353,0233;358,0233;363,0233;368,0233
RED;01:01,7;12:50,5;3,39;4;11,81328333;0,286965097;0,8475;1;4;98;1;1000154;11,81328333;3,39;0;-20;-15;-10;-5
RED;15:55,0;37:22,8;4,81;4;21,4639;0,224097205;1,2025;1;8;96;0;1000154;33,27718333;8,2;0;-20;-15;-10;-5
RED;45:44,8;56:36,0;3,14;3;10,85383333;0,289298712;1,046666667;1;11;94,5;0;1000154;44,13101667;11,34;0;-20;-15;-10;-5
RED;07:14,2;25:00,3;5,14;9;17,76785;0,289286548;0,571111111;1;61;69,5;0;1000154;61,89886667;16,48;0;-20;-15;-10;-5
RED;35:18,0;45:24,3;2,18;3;10,1058;0,215717707;0,726666667;1;64;68;0;1000154;72,00466667;18,66;0;-20;-15;-10;-5
RED;54:19,2;07:46,1;3,65;6;13,44853333;0,27140506;0,608333333;1;70;65;0;1000154;85,4532;22,31;0;-20;-15;-10;-5
RED;09:49,2;21:49,7;2,84;4;12,00846667;0,236499803;0,71;1;74;63;0;1000154;97,46166667;25,15;0;-20;-15;-10;-5
RED;32:22,6;46:50,1;3,28;6;14,4576;0,226870297;0,546666667;1;80;60;0;1000154;111,9192667;28,43;0;-20;-15;-10;-5
RED;23:05,3;46:43,2;5,24;9;23,63155;0,221737465;0,582222222;1;89;55,5;0;1000154;135,5508167;33,67;0;-20;-15;-10;-5
RED;52:28,3;18:53,1;7,03;11;26,41291667;0,266157656;0,639090909;1;100;50;0;1000154;161,9637333;40,7;0;-20;-15;-10;-5
RED;25:44,9;18:42,5;14,07;25;52,95985;0,265672958;0,5628;1;125;37,5;0;1000154;214,9235833;54,77;0;-20;-15;-10;-5
RED;21:44,4;30:39,9;2,18;2;8,925166667;0,244253142;1,09;1;127;36,5;0;1000154;223,84875;56,95;0;-20;-15;-10;-5
RED;18:42,5;38:49,1;5,47;12;20,10866667;0,272022014;0,455833333;1;139;30,5;0;1000154;243,9574167;62,42;0;-20;-15;-10;-5
RED;22:14,6;36:36,6;3,91;4;14,3668;0,272155247;0,9775;1;143;28,5;0;1000154;258,3242167;66,33;0;-20;-15;-10;-5
RED;37:29,1;48:49,6;2,62;5;11,34148333;0,231010347;0,524;1;148;26;0;1000154;269,6657;68,95;0;-20;-15;-10;-5
RED;20:28,9;24:43,1;1,43;1;4,237283333;0,337480382;1,43;1;149;25,5;0;1000154;273,9029833;70,38;0;-20;-15;-10;-5
RED;29:02,9;45:24,1;3,71;4;16,35303333;0,226869225;0,9275;1;153;23,5;0;1000154;290,2560167;74,09;0;-20;-15;-10;-5
RED;48:35,4;11:38,2;5,03;9;23,04571667;0,218261817;0,558888889;1;9;95,5;1;1000155;23,04571667;5,03;0;-20;-15;-10;-5
RED;14:12,9;38:35,2;5,46;16;24,37221667;0,224025581;0,34125;1;25;87,5;0;1000155;47,41793333;10,49;0;-20;-15;-10;-5
RED;11:22,0;30:25,5;4,37;8;19,05876667;0,229290808;0,54625;1;33;83,5;0;1000155;66,4767;14,86;0;-20;-15;-10;-5
RED;37:55,1;49:00,2;3,13;8;11,08488333;0,282366526;0,39125;1;41;79,5;0;1000155;77,56158333;17,99;0;-20;-15;-10;-5
RED;00:24,9;20:34,3;5,47;9;20,15791667;0,271357407;0,607777778;1;50;75;0;1000155;97,7195;23,46;0;-20;-15;-10;-5
RED;30:29,5;44:01,0;3,06;5;13,52451667;0,226255775;0,612;1;55;72,5;0;1000155;111,2440167;26,52;0;-20;-15;-10;-5
RED;49:46,9;12:05,7;5,03;6;22,3136;0,22542306;0,838333333;1;61;69,5;0;1000155;133,5576167;31,55;0;-20;-15;-10;-5
RED;48:49,4;00:32,5;2,62;3;11,71885;0,223571426;0,873333333;1;64;68;0;1000155;145,2764667;34,17;0;-20;-15;-10;-5
RED;01:03,1;09:37,4;2,57;2;8,572383333;0,299799939;1,285;1;66;67;0;1000155;153,84885;36,74;0;-20;-15;-10;-5
RED;27:22,9;33:10,1;1,31;0;5,787466667;0,226351196;inf;1;66;67;0;1000155;159,6363167;38,05;0;-20;-15;-10;-5
RED;52:07,8;01:12,0;1,97;4;9,06965;0,217207941;0,4925;1;70;65;0;1000155;168,7059667;40,02;0;-20;-15;-10;-5
RED;18:07,1;26:24,3;2,57;3;8,288133333;0,310081884;0,856666667;1;73;63,5;0;1000155;176,9941;42,59;0;-20;-15;-10;-5
RED;30:39,7;49:07,7;5,43;7;18,46601667;0,294053672;0,775714286;1;127;36,5;0;1000155;195,4601167;48,02;0;-20;-15;-10;-5
RED;53:11,6;02:22,2;2,18;3;9,177033333;0,237549535;0,726666667;1;130;35;0;1000155;204,63715;50,2;0;-20;-15;-10;-5
RED;56:57,6;07:37,7;3,14;3;10,66853333;0,294323493;1,046666667;1;133;33,5;0;1000155;215,3056833;53,34;0;-20;-15;-10;-5
RED;07:59,2;29:51,7;5,03;15;21,87626667;0,229929543;0,335333333;1;148;26;0;1000155;237,18195;58,37;0;-20;-15;-10;-5
RED;54:03,0;24:04,9;6,77;13;30,0306;0,225436721;0,520769231;1;13;93,5;1;1000156;30,0306;6,77;0;-20;-15;-10;-5
RED;24:12,6;52:08,5;6,34;9;27,93183333;0,226981162;0,704444444;1;22;89;0;1000156;57,96243333;13,11;0;-20;-15;-10;-5
RED;52:17,5;07:13,6;3,28;4;14,93565;0,219608788;0,82;1;26;87;0;1000156;72,89808333;16,39;0;-20;-15;-10;-5
RED;51:12,9;17:17,6;6,77;10;26,07873333;0,259598498;0,677;1;36;82;0;1000156;98,97681667;23,16;0;-20;-15;-10;-5
RED;57:15,8;32:10,6;6,77;10;34,91356667;0,19390743;0,677;1;46;77;0;1000156;133,8903833;29,93;0;-20;-15;-10;-5
RED;08:35,3;36:02,3;6,12;3;27,45081667;0,222944187;2,04;1;49;75,5;0;1000156;161,3412;36,05;0;-20;-15;-10;-5
RED;37:50,3;07:45,7;6,77;8;29,92365;0,226242454;0,84625;1;57;71,5;0;1000156;191,26485;42,82;0;-20;-15;-10;-5
RED;44:57,0;04:38,2;5,21;7;19,6861;0,26465374;0,744285714;1;64;68;0;1000156;210,95095;48,03;0;-20;-15;-10;-5
RED;24:31,5;39:10,3;3,28;2;14,64676667;0,22394021;1,64;1;66;67;0;1000156;225,5977167;51,31;0;-20;-15;-10;-5
RED;46:24,9;52:58,0;1,53;2;6,550183333;0,233581248;0,765;1;68;66;0;1000156;232,1479;52,84;0;-20;-15;-10;-5
RED;04:36,4;18:32,5;3,28;6;13,9354;0,235371787;0,546666667;1;74;63;0;1000156;246,0833;56,12;0;-20;-15;-10;-5
RED;19:19,9;27:14,4;1,75;2;7,909033333;0,221265979;0,875;1;76;62;0;1000156;253,9923333;57,87;0;-20;-15;-10;-5
RED;34:27,8;44:09,8;2,87;3;9,699866667;0,295880356;0,956666667;1;79;60,5;0;1000156;263,6922;60,74;0;-20;-15;-10;-5
RED;11:44,5;36:49,7;7,43;5;25,08668333;0,296173069;1,486;1;84;58;0;1000156;288,7788833;68,17;0;-20;-15;-10;-5
RED;37:06,7;45:10,3;2,29;3;8,06105;0,284082098;0,763333333;1;87;56,5;0;1000156;296,8399333;70,46;0;-20;-15;-10;-5
RED;33:40,4;53:34,1;5,21;3;19,895;0,261874843;1,736666667;1;90;55;0;1000156;316,7349333;75,67;0;-20;-15;-10;-5
RED;54:35,4;04:57,8;2,4;4;10,37311667;0,2313673;0,6;1;94;53;0;1000156;327,10805;78,07;0;-20;-15;-10;-5
RED;09:33,1;29:14,8;4,59;4;19,69545;0,23304875;1,1475;1;98;51;0;1000156;346,8035;82,66;0;-20;-15;-10;-5
RED;22:21,5;39:12,6;3,93;6;16,85195;0,233207433;0,655;1;104;48;0;1000156;363,65545;86,59;0;-20;-15;-10;-5
RED;47:46,1;00:55,9;3,06;3;13,16315;0,232467153;1,02;1;107;46,5;0;1000156;376,8186;89,65;0;-20;-15;-10;-5
RED;07:04,0;16:47,4;2,86;3;9,723733333;0,294125713;0,953333333;1;110;45;0;1000156;386,5423333;92,51;0;-20;-15;-10;-5
RED;37:18,7;48:19,4;2,62;3;11,01145;0,23793415;0,873333333;1;113;43,5;0;1000156;397,5537833;95,13;0;-20;-15;-10;-5
RED;48:34,2;11:41,9;5,24;10;23,12733333;0,226571733;0,524;1;123;38,5;0;1000156;420,6811167;100,37;0;-20;-15;-10;-5
RED;48:24,5;57:51,8;2,18;3;9,45595;0,230542674;0,726666667;1;126;37;0;1000156;430,1370667;102,55;0;-20;-15;-10;-5
RED;05:28,2;21:13,5;3,5;2;15,75548333;0,222144883;1,75;1;128;36;0;1000156;445,89255;106,05;0;-20;-15;-10;-5
RED;28:04,6;43:54,0;3,5;5;15,8233;0,221192798;0,7;1;133;33,5;0;1000156;461,71585;109,55;0;-20;-15;-10;-5
RED;30:41,4;36:06,2;1,71;1;5,41355;0,315874057;1,71;1;33;83,5;1;1000157;5,41355;1,71;0;-20;-15;-10;-5
RED;26:58,1;55:01,9;6,34;5;28,06428333;0,22590992;1,268;1;38;81;0;1000157;33,47783333;8,05;0;-20;-15;-10;-5
RED;48:02,7;57:30,3;2,61;2;9,459716667;0,275906784;1,305;1;40;80;0;1000157;42,93755;10,66;0;-20;-15;-10;-5
RED;57:59,7;22:25,9;5,46;22;24,43543333;0,223446007;0,248181818;1;62;69;0;1000157;67,37298333;16,12;0;-20;-15;-10;-5
RED;29:39,0;54:38,6;7,43;7;24,99408333;0,297270354;1,061428571;1;69;65,5;0;1000157;92,36706667;23,55;0;-20;-15;-10;-5
RED;00:33,5;41:30,3;12;20;40,94645;0,293065699;0,6;1;89;55,5;0;1000157;133,3135167;35,55;0;-20;-15;-10;-5
RED;56:59,1;08:39,6;2,62;3;11,67543333;0,224402806;0,873333333;1;92;54;0;1000157;144,98895;38,17;0;-20;-15;-10;-5
RED;14:42,1;31:43,1;5,14;4;17,0171;0,302049115;1,285;1;96;52;0;1000157;162,00605;43,31;0;-20;-15;-10;-5
RED;36:14,4;57:16,6;4,59;8;21,03625;0,218194783;0,57375;1;104;48;0;1000157;183,0423;47,9;0;-20;-15;-10;-5
RED;27:45,9;36:30,5;2,34;2;8,741983333;0,267673812;1,17;1;106;47;0;1000157;191,7842833;50,24;0;-20;-15;-10;-5
RED;40:44,3;59:46,6;4,37;7;19,03828333;0,229537502;0,624285714;1;113;43,5;0;1000157;210,8225667;54,61;0;-20;-15;-10;-5
RED;09:39,5;26:41,2;5,14;5;17,02875;0,301842472;1,028;1;118;41;0;1000157;227,8513167;59,75;0;-20;-15;-10;-5
RED;14:55,1;42:55,9;6,34;9;28,0141;0,226314606;0,704444444;1;127;36,5;0;1000157;255,8654167;66,09;0;-20;-15;-10;-5
RED;52:34,3;05:01,6;2,84;3;12,45511667;0,228018739;0,946666667;1;135;32,5;0;1000157;268,3205333;68,93;0;-20;-15;-10;-5
RED;20:27,7;45:54,5;6,77;9;25,44751667;0,266037747;0,752222222;1;144;28;0;1000157;293,76805;75,7;0;-20;-15;-10;-5
RED;52:12,2;59:00,9;2,08;2;6,812033333;0,305342017;1,04;1;146;27;0;1000157;300,5800833;77,78;0;-20;-15;-10;-5
RED;28:55,3;41:52,6;3,06;3;12,95536667;0,236195553;1,02;1;149;25,5;0;1000157;313,53545;80,84;0;-20;-15;-10;-5
RED;52:46,8;04:19,9;2,62;5;11,55146667;0,226811025;0,524;1;154;23;0;1000157;325,0869167;83,46;0;-20;-15;-10;-5
RED;10:27,3;35:32,7;5,68;13;25,08995;0,226385465;0,436923077;1;13;93,5;1;1000158;25,08995;5,68;0;-20;-15;-10;-5
RED;36:18,8;57:29,1;6,29;8;21,17173333;0,297094239;0,78625;1;21;89,5;0;1000158;46,26168333;11,97;0;-20;-15;-10;-5
RED;08:11,3;16:41,4;2,34;1;8,502083333;0,27522666;2,34;1;22;89;0;1000158;54,76376667;14,31;0;-20;-15;-10;-5
RED;37:50,0;07:27,9;6,55;9;29,6316;0,2210478;0,727777778;1;31;84,5;0;1000158;84,39536667;20,86;0;-20;-15;-10;-5
RED;12:04,5;32:49,5;5,73;7;20,74963333;0,276149458;0,818571429;1;38;81;0;1000158;105,145;26,59;0;-20;-15;-10;-5
RED;30:15,6;49:11,6;4,15;6;18,93281667;0,219196122;0,691666667;1;44;78;0;1000158;124,0778167;30,74;0;-20;-15;-10;-5
RED;19:24,7;31:55,3;2,84;7;12,51055;0,227008405;0,405714286;1;51;74,5;0;1000158;136,5883667;33,58;0;-20;-15;-10;-5
RED;51:21,3;03:56,4;3,39;4;12,58518333;0,269364372;0,8475;1;55;72,5;0;1000158;149,17355;36,97;0;-20;-15;-10;-5
RED;56:20,1;22:25,2;5,68;13;26,0853;0,21774716;0,436923077;1;68;66;0;1000158;175,25885;42,65;0;-20;-15;-10;-5
RED;33:38,5;53:11,4;5,71;6;19,54738333;0,292110709;0,951666667;1;74;63;0;1000158;194,8062333;48,36;0;-20;-15;-10;-5
RED;57:07,3;36:36,5;11,43;17;39,48601667;0,289469563;0,672352941;1;91;54,5;0;1000158;234,29225;59,79;0;-20;-15;-10;-5
RED;42:40,0;53:05,5;2,87;3;10,42471667;0,275307243;0,956666667;1;94;53;0;1000158;244,7169667;62,66;0;-20;-15;-10;-5
RED;07:58,7;21:23,5;3,06;5;13,41408333;0,228118458;0,612;1;99;50,5;0;1000158;258,13105;65,72;0;-20;-15;-10;-5
RED;58:03,8;33:09,2;7,87;11;35,09015;0,224279463;0,715454545;1;110;45;0;1000158;293,2212;73,59;0;-20;-15;-10;-5
RED;02:41,3;24:30,6;4,81;8;21,82086667;0,220431208;0,60125;1;118;41;0;1000158;315,0420667;78,4;0;-20;-15;-10;-5
RED;34:49,3;36:29,3;0,78;0;1,667116667;0,467873674;inf;1;118;41;0;1000158;316,7091833;79,18;0;-20;-15;-10;-5
RED;50:43,8;15:08,4;5,46;11;24,41071667;0,223672253;0,496363636;1;129;35,5;0;1000158;341,1199;84,64;0;-20;-15;-10;-5
RED;20:21,3;25:56,9;1,71;1;5,59425;0,305671001;1,71;1;130;35;0;1000158;346,71415;86,35;0;-20;-15;-10;-5
RED;28:13,3;34:31,3;1,53;3;6,30065;0,242832089;0,51;1;133;33,5;0;1000158;353,0148;87,88;0;-20;-15;-10;-5
RED;40:18,1;55:17,6;3,91;5;14,99225;0,260801414;0,782;1;138;31;0;1000158;368,00705;91,79;0;-20;-15;-10;-5
RED;04:15,0;12:38,4;2,34;3;8,388766667;0,278944461;0,78;1;141;29,5;0;1000158;376,3958167;94,13;0;-20;-15;-10;-5
RED;22:33,8;36:57,2;3,28;4;14,39103333;0,2279197;0,82;1;145;27,5;0;1000158;390,78685;97,41;0;-20;-15;-10;-5
RED;37:08,8;48:48,6;2,84;3;11,66265;0,243512409;0,946666667;1;148;26;0;1000158;402,4495;100,25;0;-20;-15;-10;-5
RED;49:10,3;56:04,1;1,53;2;6,896666667;0,221846303;0,765;1;150;25;0;1000158;409,3461667;101,78;0;-20;-15;-10;-5
RED;01:55,3;10:57,3;2,18;4;9,033433333;0,241325742;0,545;1;154;23;0;1000158;418,3796;103,96;0;-20;-15;-10;-5
RED;11:59,0;27:58,4;4,86;11;15,98945;0,303950417;0,441818182;1;11;94,5;1;1000159;15,98945;4,86;0;-20;-15;-10;-5
RED;57:26,4;17:38,7;5,47;14;20,20561667;0,270716806;0,390714286;1;25;87,5;0;1000159;36,19506667;10,33;0;-20;-15;-10;-5
RED;47:56,7;58:10,7;2,4;4;10,23328333;0,234528833;0,6;1;29;85,5;0;1000159;46,42835;12,73;0;-20;-15;-10;-5
RED;30:20,7;51:37,5;4,81;8;21,28068333;0,226026577;0,60125;1;37;81,5;0;1000159;67,70903333;17,54;0;-20;-15;-10;-5
RED;02:32,3;14:06,1;2,62;4;11,56303333;0,226584143;0,655;1;41;79,5;0;1000159;79,27206667;20,16;0;-20;-15;-10;-5
RED;15:59,0;39:12,4;6,25;5;23,22378333;0,269120664;1,25;1;46;77;0;1000159;102,49585;26,41;0;-20;-15;-10;-5
RED;43:41,3;51:46,4;2,08;3;8,084333333;0,257287758;0,693333333;1;49;75,5;0;1000159;110,5801833;28,49;0;-20;-15;-10;-5
RED;52:08,0;06:37,9;3,28;7;14,49745;0,226246685;0,468571429;1;56;72;0;1000159;125,0776333;31,77;0;-20;-15;-10;-5
RED;07:13,9;32:56,3;6,77;13;25,7071;0,26335137;0,520769231;1;69;65,5;0;1000159;150,7847333;38,54;0;-20;-15;-10;-5
RED;39:10,0;59:28,7;4,59;5;20,3122;0,225972568;0,918;1;74;63;0;1000159;171,0969333;43,13;0;-20;-15;-10;-5
RED;53:02,1;57:19,4;1,09;1;4,287616667;0,254220488;1,09;1;75;62,5;0;1000159;175,38455;44,22;0;-20;-15;-10;-5
RED;00:13,5;07:31,7;1,75;2;7,303333333;0,239616613;0,875;1;77;61,5;0;1000159;182,6878833;45,97;0;-20;-15;-10;-5
RED;21:01,4;28:49,9;1,97;2;7,809016667;0,25227248;0,985;1;79;60,5;0;1000159;190,4969;47,94;0;-20;-15;-10;-5
RED;30:06,8;32:20,0;0,66;0;2,219433333;0,297373203;inf;1;79;60,5;0;1000159;192,7163333;48,6;0;-20;-15;-10;-5
RED;43:44,5;19:46,8;9,64;19;36,03825;0,267493566;0,507368421;1;98;51;0;1000159;228,7545833;58,24;0;-20;-15;-10;-5
RED;43:37,6;54:57,4;2,62;4;11,32995;0,231245504;0,655;1;102;49;0;1000159;240,0845333;60,86;0;-20;-15;-10;-5
RED;02:26,6;21:54,5;4,37;8;19,46546667;0,22450014;0,54625;1;110;45;0;1000159;259,55;65,23;0;-20;-15;-10;-5
RED;27:24,1;38:45,4;2,62;5;11,3546;0,230743487;0,524;1;115;42,5;0;1000159;270,9046;67,85;0;-20;-15;-10;-5
RED;39:36,3;01:33,4;4,81;8;21,95111667;0,219123249;0,60125;1;123;38,5;0;1000159;292,8557167;72,66;0;-20;-15;-10;-5
RED;06:17,1;14:39,5;1,97;2;8,371983333;0,235308639;0,985;1;125;37,5;0;1000159;301,2277;74,63;0;-20;-15;-10;-5
RED;33:06,4;42:36,5;2,18;3;9,500433333;0,229463217;0,726666667;1;128;36;0;1000159;310,7281333;76,81;0;-20;-15;-10;-5
RED;06:19,6;16:12,1;2,18;3;9,874616667;0,220768064;0,726666667;1;131;34,5;0;1000159;320,60275;78,99;0;-20;-15;-10;-5
RED;23:22,3;39:05,2;3,5;4;15,71465;0,22272211;0,875;1;135;32,5;0;1000159;336,3174;82,49;0;-20;-15;-10;-5
RED;41:32,7;54:46,5;3,65;2;13,22981667;0,275891956;1,825;1;137;31,5;0;1000159;349,5472167;86,14;0;-20;-15;-10;-5
RED;55:18,6;13:35,7;4,95;4;18,28593333;0,270699882;1,2375;1;141;29,5;0;1000159;367,83315;91,09;0;-20;-15;-10;-5
RED;19:13,4;31:13,7;3,43;3;12,00593333;0,285692074;1,143333333;1;144;28;0;1000159;379,8390833;94,52;0;-20;-15;-10;-5
RED;49:52,7;14:41,9;5,68;19;24,82003333;0,228847396;0,298947368;1;19;90,5;1;1000160;24,82003333;5,68;0;-20;-15;-10;-5
RED;39:26,3;50:18,3;2,62;6;10,86813333;0,241071757;0,436666667;1;25;87,5;0;1000160;35,68816667;8,3;0;-20;-15;-10;-5
RED;49:24,6;04:05,5;3,91;4;14,68096667;0,266331236;0,9775;1;29;85,5;0;1000160;50,36913333;12,21;0;-20;-15;-10;-5
RED;20:20,2;44:11,4;5,46;8;23,85463333;0,228886352;0,6825;1;37;81,5;0;1000160;74,22376667;17,67;0;-20;-15;-10;-5
RED;46:41,3;01:38,5;3,28;4;14,95325;0,219350308;0,82;1;41;79,5;0;1000160;89,17701667;20,95;0;-20;-15;-10;-5
RED;26:25,1;04:03,4;8,3;4;37,63865;0,220518005;2,075;1;45;77,5;0;1000160;126,8156667;29,25;0;-20;-15;-10;-5
RED;07:58,4;14:41,5;1,53;2;6,718516667;0,227728839;0,765;1;47;76,5;0;1000160;133,5341833;30,78;0;-20;-15;-10;-5
RED;23:25,2;29:44,4;1,82;2;6,3194;0,288002026;0,91;1;49;75,5;0;1000160;139,8535833;32,6;0;-20;-15;-10;-5
RED;27:48,7;38:59,9;2,62;5;11,18661667;0,234208437;0,524;1;54;73;0;1000160;151,0402;35,22;0;-20;-15;-10;-5
RED;43:11,1;09:39,8;5,9;5;26,47855;0,222821869;1,18;1;59;70,5;0;1000160;177,51875;41,12;0;-20;-15;-10;-5
RED;10:02,5;44:35,2;7,65;6;34,54608333;0,221443338;1,275;1;65;67,5;0;1000160;212,0648333;48,77;0;-20;-15;-10;-5
RED;39:12,2;51:07,9;2,84;3;11,92751667;0,238104886;0,946666667;1;68;66;0;1000160;223,99235;51,61;0;-20;-15;-10;-5
RED;11:01,4;45:53,2;7,87;17;34,86205;0,225746908;0,462941176;1;85;57,5;0;1000160;258,8544;59,48;0;-20;-15;-10;-5
RED;47:41,2;08:21,5;5,47;5;20,67198333;0,264609346;1,094;1;90;55;0;1000160;279,5263833;64,95;0;-20;-15;-10;-5
RED;41:30,9;51:05,4;2,61;3;9,574766667;0,272591499;0,87;1;122;39;0;1000160;289,10115;67,56;0;-20;-15;-10;-5
RED;06:21,3;10:52,5;1,09;0;4,51955;0,241174453;inf;1;122;39;0;1000160;293,6207;68,65;0;-20;-15;-10;-5
RED;25:36,3;40:56,4;4,57;6;15,33425;0,298025662;0,761666667;1;128;36;0;1000160;308,95495;73,22;0;-20;-15;-10;-5
RED;46:33,0;54:11,8;2,08;3;7,647166667;0,271996164;0,693333333;1;131;34,5;0;1000160;316,6021167;75,3;0;-20;-15;-10;-5
RED;03:57,8;39:00,4;9,38;12;35,04408333;0,267662872;0,781666667;1;12;94;1;1000161;35,04408333;9,38;0;-20;-15;-10;-5
RED;27:41,6;35:04,4;2,29;3;7,380066667;0,3102953;0,763333333;1;15;92,5;0;1000161;42,42415;11,67;0;-20;-15;-10;-5
RED;37:03,9;54:56,9;4,15;6;17,88245;0,232071109;0,691666667;1;21;89,5;0;1000161;60,3066;15,82;0;-20;-15;-10;-5
RED;55:32,6;08:06,2;2,84;4;12,55986667;0,22611705;0,71;1;25;87,5;0;1000161;72,86646667;18,66;0;-20;-15;-10;-5
RED;05:14,6;14:39,7;2,86;4;9,41835;0,303662531;0,715;1;29;85,5;0;1000161;82,28481667;21,52;0;-20;-15;-10;-5
RED;27:43,8;36:28,3;2,34;2;8,742366667;0,267662075;1,17;1;31;84,5;0;1000161;91,02718333;23,86;0;-20;-15;-10;-5
RED;47:15,9;02:09,6;3,5;4;14,89473333;0,234982388;0,875;1;35;82,5;0;1000161;105,9219167;27,36;0;-20;-15;-10;-5
RED;08:25,4;32:41,7;6,51;10;24,27208333;0,268209363;0,651;1;45;77,5;0;1000161;130,194;33,87;0;-20;-15;-10;-5
RED;33:13,7;43:23,9;2,87;3;10,17035;0,282192845;0,956666667;1;48;76;0;1000161;140,36435;36,74;0;-20;-15;-10;-5
RED;58:48,9;07:51,3;1,97;3;9,04055;0,217907096;0,656666667;1;51;74,5;0;1000161;149,4049;38,71;0;-20;-15;-10;-5
RED;00:54,5;14:30,4;3,06;4;13,59985;0,225002482;0,765;1;55;72,5;0;1000161;163,00475;41,77;0;-20;-15;-10;-5
RED;29:36,2;39:54,1;2,18;2;10,29811667;0,211689192;1,09;1;57;71,5;0;1000161;173,3028667;43,95;0;-20;-15;-10;-5
RED;44:39,1;50:52,0;1,31;1;6,214;0,21081429;1,31;1;58;71;0;1000161;179,5168667;45,26;0;-20;-15;-10;-5
RED;59:19,7;21:10,9;4,81;6;21,85393333;0,220097679;0,801666667;1;64;68;0;1000161;201,3708;50,07;0;-20;-15;-10;-5
RED;39:30,1;08:50,5;6,55;9;29,33928333;0,22325017;0,727777778;1;73;63,5;0;1000161;230,7100833;56,62;0;-20;-15;-10;-5
RED;21:10,1;02:21,6;9,18;11;41,19098333;0,222864308;0,834545455;1;84;58;0;1000161;271,9010667;65,8;0;-20;-15;-10;-5
RED;20:14,3;34:16,8;3,06;5;14,04313333;0,217900089;0,612;1;89;55,5;0;1000161;285,9442;68,86;0;-20;-15;-10;-5
RED;34:46,4;08:02,4;8,86;19;33,26706667;0,266329463;0,466315789;1;108;46;0;1000161;319,2112667;77,72;0;-20;-15;-10;-5
RED;29:26,4;43:44,7;3,28;6;14,30341667;0,229315839;0,546666667;1;114;43;0;1000161;333,5146833;81;0;-20;-15;-10;-5
RED;25:32,0;34:59,5;2,61;5;9,456916667;0,275988474;0,522;1;119;40,5;0;1000161;342,9716;83,61;0;-20;-15;-10;-5
RED;35:27,2;34:30,4;16,86;22;59,05276667;0,285507368;0,766363636;1;141;29,5;0;1000161;402,0243667;100,47;0;-20;-15;-10;-5
RED;36:21,6;53:40,8;4,69;5;17,32036667;0,270779487;0,938;1;146;27;0;1000161;419,3447333;105,16;0;-20;-15;-10;-5
RED;58:00,8;24:47,8;7,71;17;26,784;0,287858423;0,453529412;1;17;91,5;1;1000162;26,784;7,71;0;-20;-15;-10;-5
RED;52:31,4;40:35,6;14;29;288,0693667;0,048599406;0,482758621;1;46;77;0;1000162;314,8533667;21,71;0;-20;-15;-10;-5
RED;42:22,9;58:31,2;3,71;5;16,13785;0,229894317;0,742;1;51;74,5;0;1000162;330,9912167;25,42;0;-20;-15;-10;-5
RED;54:08,9;11:19,0;3,93;6;17,1697;0,228891594;0,655;1;57;71,5;0;1000162;348,1609167;29,35;0;-20;-15;-10;-5
RED;32:00,8;41:19,7;2,18;2;9,3147;0,23403867;1,09;1;59;70,5;0;1000162;357,4756167;31,53;0;-20;-15;-10;-5
RED;58:18,4;16:28,5;4,95;5;18,16848333;0,272449819;0,99;1;64;68;0;1000162;375,6441;36,48;0;-20;-15;-10;-5
RED;24:31,3;33:05,2;1,97;3;8,564383333;0,230022399;0,656666667;1;67;66,5;0;1000162;384,2084833;38,45;0;-20;-15;-10;-5
RED;41:21,8;04:55,5;5,24;6;23,56141667;0,222397493;0,873333333;1;73;63,5;0;1000162;407,7699;43,69;0;-20;-15;-10;-5
RED;11:17,2;27:33,3;3,71;6;16,26876667;0,22804433;0,618333333;1;79;60,5;0;1000162;424,0386667;47,4;0;-20;-15;-10;-5
RED;33:53,8;44:32,6;2,4;4;10,64625;0,22543149;0,6;1;83;58,5;0;1000162;434,6849167;49,8;0;-20;-15;-10;-5
RED;47:59,2;56:37,8;1,97;4;8,641916667;0,22795869;0,4925;1;87;56,5;0;1000162;443,3268333;51,77;0;-20;-15;-10;-5
RED;20:43,9;39:31,5;4,95;2;18,79363333;0,263387069;2,475;1;89;55,5;0;1000162;462,1204667;56,72;0;-20;-15;-10;-5
RED;45:18,6;05:18,8;4,37;7;20,00293333;0,218467958;0,624285714;1;96;52;0;1000162;482,1234;61,09;0;-20;-15;-10;-5
RED;30:11,9;40:05,2;2,87;3;9,88775;0,290258148;0,956666667;1;99;50,5;0;1000162;492,01115;63,96;0;-20;-15;-10;-5
RED;44:55,7;59:52,4;3,5;5;14,94445;0,234200656;0,7;1;104;48;0;1000162;506,9556;67,46;0;-20;-15;-10;-5
RED;01:04,3;18:28,2;4,69;3;17,39805;0,26957044;1,563333333;1;107;46,5;0;1000162;524,35365;72,15;0;-20;-15;-10;-5
RED;20:54,3;53:18,6;7,21;11;32,40571667;0,222491608;0,655454545;1;118;41;0;1000162;556,7593667;79,36;16,75936667;-3,240633333;1,759366667;6,759366667;11,75936667
RED;02:56,7;11:20,5;2,34;3;8,397716667;0,278647172;0,78;1;121;39,5;0;1000162;565,1570833;81,7;25,15708333;5,157083333;10,15708333;15,15708333;20,15708333
RED;22:30,7;28:42,3;1,82;0;6,192633333;0,293897588;inf;1;121;39,5;0;1000162;571,3497167;83,52;31,34971667;11,34971667;16,34971667;21,34971667;26,34971667
RED;47:31,3;14:45,5;7,29;11;27,23728333;0,267647838;0,662727273;1;132;34;0;1000162;598,587;90,81;58,587;38,587;43,587;48,587;53,587
RED;18:15,6;35:10,4;3,71;6;16,91315;0,219355945;0,618333333;1;138;31;0;1000162;615,50015;94,52;75,50015;55,50015;60,50015;65,50015;70,50015
RED;36:17,7;12:17,9;20,97;3;96,00331667;0,218429954;6,99;1;141;29,5;0;1000162;711,5034667;115,49;171,5034667;151,5034667;156,5034667;161,5034667;166,5034667
RED;16:15,1;54:44,6;11,14;8;38,49186667;0,289411789;1,3925;1;149;25,5;0;1000162;749,9953333;126,63;209,9953333;189,9953333;194,9953333;199,9953333;204,9953333
RED;01:40,4;30:05,0;7,55;11;28,40998333;0,265751652;0,686363636;1;11;94,5;1;1000163;28,40998333;7,55;0;-20;-15;-10;-5
RED;11:46,5;20:36,3;1,97;1;8,829333333;0,223119903;1,97;1;12;94;0;1000163;37,23931667;9,52;0;-20;-15;-10;-5
RED;21:15,5;48:30,8;7,29;13;27,25503333;0,267473531;0,560769231;1;25;87,5;0;1000163;64,49435;16,81;0;-20;-15;-10;-5
RED;17:08,2;40:07,1;6,57;10;22,98155;0,285881501;0,657;1;35;82,5;0;1000163;87,4759;23,38;0;-20;-15;-10;-5
RED;21:54,6;32:23,8;2,4;7;10,48716667;0,228851136;0,342857143;1;42;79;0;1000163;97,96306667;25,78;0;-20;-15;-10;-5
RED;35:59,7;53:52,4;4,95;10;17,878;0,276876608;0,495;1;52;74;0;1000163;115,8410667;30,73;0;-20;-15;-10;-5
RED;01:29,8;27:45,7;5,9;12;26,26585;0,224626273;0,491666667;1;64;68;0;1000163;142,1069167;36,63;0;-20;-15;-10;-5
RED;03:23,4;16:33,4;3,65;6;13,1678;0,27719133;0,608333333;1;70;65;0;1000163;155,2747167;40,28;0;-20;-15;-10;-5
RED;06:18,6;34:06,9;8,29;20;27,8052;0,298145671;0,4145;1;90;55;0;1000163;183,0799167;48,57;0;-20;-15;-10;-5
RED;34:39,2;58:03,5;5,24;8;23,4051;0,223882829;0,655;1;98;51;0;1000163;206,4850167;53,81;0;-20;-15;-10;-5
RED;21:37,4;39:48,4;3,93;9;18,18341667;0,216130998;0,436666667;1;107;46,5;0;1000163;224,6684333;57,74;0;-20;-15;-10;-5
RED;40:34,1;52:48,3;3,39;7;12,23743333;0,277018874;0,484285714;1;114;43;0;1000163;236,9058667;61,13;0;-20;-15;-10;-5
RED;21:06,0;29:57,3;2,86;1;8,8548;0,322988662;2,86;1;115;42,5;0;1000163;245,7606667;63,99;0;-20;-15;-10;-5
RED;42:17,5;51:47,1;2,18;2;9,493183333;0,22963846;1,09;1;117;41,5;0;1000163;255,25385;66,17;0;-20;-15;-10;-5
RED;54:27,2;23:12,7;7,55;9;28,75781667;0,262537316;0,838888889;1;126;37;0;1000163;284,0116667;73,72;0;-20;-15;-10;-5
RED;41:06,2;53:27,8;2,84;6;12,36036667;0,229766647;0,473333333;1;132;34;0;1000163;296,3720333;76,56;0;-20;-15;-10;-5
RED;16:41,8;24:14,4;2,08;3;7,542333333;0,275776727;0,693333333;1;135;32,5;0;1000163;303,9143667;78,64;0;-20;-15;-10;-5
RED;26:21,3;38:00,8;2,62;4;11,65865;0,224725847;0,655;1;139;30,5;0;1000163;315,5730167;81,26;0;-20;-15;-10;-5
RED;16:28,9;27:21,9;2,62;4;10,88328333;0,240736175;0,655;1;143;28,5;0;1000163;326,4563;83,88;0;-20;-15;-10;-5
RED;27:31,3;48:49,5;4,81;11;21,3033;0,225786615;0,437272727;1;154;23;0;1000163;347,7596;88,69;0;-20;-15;-10;-5
RED;52:13,8;59:24,3;1,53;3;7,174766667;0,213247353;0,51;1;157;21,5;0;1000163;354,9343667;90,22;0;-20;-15;-10;-5
RED;33:27,6;42:14,7;2,18;2;8,78435;0,248168618;1,09;1;159;20,5;0;1000163;363,7187167;92,4;0;-20;-15;-10;-5
RED;55:34,1;10:28,3;4,17;6;14,90366667;0,279796918;0,695;1;6;97;1;1000164;14,90366667;4,17;0;-20;-15;-10;-5
RED;45:34,6;50:36,4;1,56;2;5,029683333;0,310158691;0,78;1;8;96;0;1000164;19,93335;5,73;0;-20;-15;-10;-5
RED;15:08,7;39:03,5;6,25;11;23,91266667;0,261367755;0,568181818;1;19;90,5;0;1000164;43,84601667;11,98;0;-20;-15;-10;-5
RED;50:01,0;11:40,7;4,81;6;21,6608;0,222060127;0,801666667;1;25;87,5;0;1000164;65,50681667;16,79;0;-20;-15;-10;-5
RED;24:29,1;05:51,9;9,18;7;41,37966667;0,22184809;1,311428571;1;32;84;0;1000164;106,8864833;25,97;0;-20;-15;-10;-5
RED;35:31,0;44:38,0;2,18;3;9,117566667;0,239098882;0,726666667;1;35;82,5;0;1000164;116,00405;28,15;0;-20;-15;-10;-5
RED;59:06,7;10:21,9;2,62;4;11,25465;0,232792668;0,655;1;39;80,5;0;1000164;127,2587;30,77;0;-20;-15;-10;-5
RED;14:23,8;42:55,5;6,34;16;28,5285;0,222233906;0,39625;1;55;72,5;0;1000164;155,7872;37,11;0;-20;-15;-10;-5
RED;52:04,6;07:34,3;3,5;3;15,49385;0,225896081;1,166666667;1;58;71;0;1000164;171,28105;40,61;0;-20;-15;-10;-5
RED;09:54,0;38:29,4;6,34;5;28,59103333;0,221747844;1,268;1;63;68,5;0;1000164;199,8720833;46,95;0;-20;-15;-10;-5
RED;49:54,1;37:00,0;10,49;4;47,0983;0,222725661;2,6225;1;67;66,5;0;1000164;246,9703833;57,44;0;-20;-15;-10;-5
RED;04:19,1;17:44,5;3,06;3;13,42303333;0,227966356;1,02;1;70;65;0;1000164;260,3934167;60,5;0;-20;-15;-10;-5
RED;48:09,5;00:44,9;2,84;5;12,58953333;0,225584215;0,568;1;75;62,5;0;1000164;272,98295;63,34;0;-20;-15;-10;-5
RED;18:46,9;00:05,3;12;14;41,30618333;0,290513406;0,857142857;1;89;55,5;0;1000164;314,2891333;75,34;0;-20;-15;-10;-5
RED;04:15,9;42:13,9;10,16;8;37,96635;0,267605393;1,27;1;97;51,5;0;1000164;352,2554833;85,5;0;-20;-15;-10;-5
RED;49:56,1;03:42,1;3,65;2;13,76651667;0,265136061;1,825;1;99;50,5;0;1000164;366,022;89,15;0;-20;-15;-10;-5
RED;10:48,7;32:22,4;4,81;4;21,56165;0,223081258;1,2025;1;103;48,5;0;1000164;387,58365;93,96;0;-20;-15;-10;-5
RED;08:42,8;17:10,8;1,97;3;8,4677;0,232648771;0,656666667;1;106;47;0;1000164;396,05135;95,93;0;-20;-15;-10;-5
RED;39:55,1;52:56,4;3,65;5;13,02101667;0,280316053;0,73;1;111;44,5;0;1000164;409,0723667;99,58;0;-20;-15;-10;-5
RED;53:12,3;01:18,7;1,97;3;8,106066667;0,243027856;0,656666667;1;114;43;0;1000164;417,1784333;101,55;0;-20;-15;-10;-5
RED;08:34,0;14:33,7;1,31;3;5,9953;0,218504495;0,436666667;1;117;41,5;0;1000164;423,1737333;102,86;0;-20;-15;-10;-5
RED;33:05,5;47:35,6;3,91;4;14,50251667;0,269608378;0,9775;1;121;39,5;0;1000164;437,67625;106,77;0;-20;-15;-10;-5
RED;34:45,7;48:41,9;3,06;5;13,93735;0,219553932;0,612;1;126;37;0;1000164;451,6136;109,83;0;-20;-15;-10;-5
RED;39:29,2;56:27,3;3,71;8;16,96891667;0,218635053;0,46375;1;134;33;0;1000164;468,5825167;113,54;0;-20;-15;-10;-5
RED;33:10,7;38:09,7;1,09;2;4,983216667;0,218734218;0,545;1;136;32;0;1000164;473,5657333;114,63;0;-20;-15;-10;-5
RED;08:55,3;18:22,8;2,18;3;9,458666667;0,230476459;0,726666667;1;3;98,5;1;1000165;9,458666667;2,18;0;-20;-15;-10;-5
RED;45:17,5;53:18,8;1,97;3;8,021733333;0,245582833;0,656666667;1;6;97;0;1000165;17,4804;4,15;0;-20;-15;-10;-5
RED;20:04,5;36:21,8;4,86;9;16,28833333;0,298373069;0,54;1;15;92,5;0;1000165;33,76873333;9,01;0;-20;-15;-10;-5
RED;01:35,0;07:52,2;2;2;6,285833333;0,318175792;1;1;17;91,5;0;1000165;40,05456667;11,01;0;-20;-15;-10;-5
RED;24:51,3;39:03,1;3,28;3;14,19705;0,231033912;1,093333333;1;20;90;0;1000165;54,25161667;14,29;0;-20;-15;-10;-5
RED;57:11,6;22:59,5;5,9;4;25,79898333;0,228691182;1,475;1;24;88;0;1000165;80,0506;20,19;0;-20;-15;-10;-5
RED;31:26,7;38:24,5;1,53;1;6,962966667;0,219733926;1,53;1;25;87,5;0;1000165;87,01356667;21,72;0;-20;-15;-10;-5
RED;46:30,9;48:06,2;0,52;0;1,58865;0,32732194;inf;1;25;87,5;0;1000165;88,60221667;22,24;0;-20;-15;-10;-5
RED;54:26,6;11:39,0;3,93;7;17,20508333;0,228420864;0,561428571;1;32;84;0;1000165;105,8073;26,17;0;-20;-15;-10;-5
RED;12:34,2;18:18,7;17,19;11;65,74185;0,261477278;1,562727273;1;43;78,5;0;1000165;171,54915;43,36;0;-20;-15;-10;-5
RED;25:09,9;40:39,1;4,17;5;15,48763333;0,269247077;0,834;1;48;76;0;1000165;187,0367833;47,53;0;-20;-15;-10;-5
RED;06:03,5;13:43,7;1,97;3;7,6696;0,256858246;0,656666667;1;51;74,5;0;1000165;194,7063833;49,5;0;-20;-15;-10;-5
RED;29:46,9;42:41,7;3,06;4;12,91493333;0,236935021;0,765;1;55;72,5;0;1000165;207,6213167;52,56;0;-20;-15;-10;-5
RED;43:59,9;55:22,2;2,62;3;11,37026667;0,230425554;0,873333333;1;58;71;0;1000165;218,9915833;55,18;0;-20;-15;-10;-5
RED;08:44,4;34:01,5;5,68;15;25,28603333;0,224629934;0,378666667;1;73;63,5;0;1000165;244,2776167;60,86;0;-20;-15;-10;-5
RED;02:35,4;14:48,3;3,39;4;12,21545;0,277517406;0,8475;1;77;61,5;0;1000165;256,4930667;64,25;0;-20;-15;-10;-5
RED;33:22,4;41:04,3;1,75;2;7,6986;0,227314057;0,875;1;79;60,5;0;1000165;264,1916667;66;0;-20;-15;-10;-5
RED;41:46,1;08:15,4;7,03;9;26,48825;0,265400697;0,781111111;1;88;56;0;1000165;290,6799167;73,03;0;-20;-15;-10;-5
RED;57:45,6;03:17,6;1,71;2;5,5327;0,30907152;0,855;1;90;55;0;1000165;296,2126167;74,74;0;-20;-15;-10;-5
RED;04:46,6;20:15,4;4,17;9;15,47978333;0,269383615;0,463333333;1;99;50,5;0;1000165;311,6924;78,91;0;-20;-15;-10;-5
RED;54:16,7;13:54,3;4,37;22;19,62675;0,222655305;0,198636364;1;121;39,5;0;1000165;331,31915;83,28;0;-20;-15;-10;-5
RED;05:11,7;29:19,0;5,46;11;24,1204;0,226364405;0,496363636;1;132;34;0;1000165;355,43955;88,74;0;-20;-15;-10;-5
RED;16:19,5;36:22,8;5,47;7;20,05536667;0,272744951;0,781428571;1;7;96,5;1;1000166;20,05536667;5,47;0;-20;-15;-10;-5
RED;38:39,8;48:39,7;2,4;3;9,998283333;0,240041207;0,8;1;10;95;0;1000166;30,05365;7,87;0;-20;-15;-10;-5
RED;51:42,8;00:30,5;1,97;3;8,794666667;0,223999394;0,656666667;1;13;93,5;0;1000166;38,84831667;9,84;0;-20;-15;-10;-5
RED;05:40,1;18:53,4;3,06;7;13,22191667;0,23143392;0,437142857;1;20;90;0;1000166;52,07023333;12,9;0;-20;-15;-10;-5
RED;49:32,9;02:33,4;3,06;7;13,0088;0,235225386;0,437142857;1;27;86,5;0;1000166;65,07903333;15,96;0;-20;-15;-10;-5
RED;15:58,6;29:43,3;4,29;6;13,74535;0,312105548;0,715;1;33;83,5;0;1000166;78,82438333;20,25;0;-20;-15;-10;-5
RED;23:20,3;38:26,5;3,5;5;15,10398333;0,231726951;0,7;1;38;81;0;1000166;93,92836667;23,75;0;-20;-15;-10;-5
RED;55:04,8;12:21,2;3,93;9;17,27341667;0,227517235;0,436666667;1;47;76,5;0;1000166;111,2017833;27,68;0;-20;-15;-10;-5
RED;14:51,4;27:02,2;3,39;3;12,18076667;0,278307605;1,13;1;50;75;0;1000166;123,38255;31,07;0;-20;-15;-10;-5
RED;27:49,3;46:38,9;5,71;6;18,82638333;0,303297766;0,951666667;1;56;72;0;1000166;142,2089333;36,78;0;-20;-15;-10;-5
RED;47:08,4;07:42,7;4,59;8;20,57106667;0,223128925;0,57375;1;64;68;0;1000166;162,78;41,37;0;-20;-15;-10;-5
RED;29:20,9;46:57,2;3,93;5;17,60548333;0,223225908;0,786;1;69;65,5;0;1000166;180,3854833;45,3;0;-20;-15;-10;-5
RED;09:48,1;16:53,3;2,08;3;7,0871;0,293490991;0,693333333;1;72;64;0;1000166;187,4725833;47,38;0;-20;-15;-10;-5
RED;47:45,4;31:20,5;12,57;13;43,58611667;0,288394584;0,966923077;1;85;57,5;0;1000166;231,0587;59,95;0;-20;-15;-10;-5
RED;32:11,2;54:48,8;5,99;8;22,6254;0,264746701;0,74875;1;93;53,5;0;1000166;253,6841;65,94;0;-20;-15;-10;-5
RED;08:19,7;37:40,1;6,55;24;29,33953333;0,223248268;0,272916667;1;117;41,5;0;1000166;283,0236333;72,49;0;-20;-15;-10;-5
RED;46:39,3;01:56,1;3,5;6;15,2805;0,229050097;0,583333333;1;123;38,5;0;1000166;298,3041333;75,99;0;-20;-15;-10;-5
RED;55:55,1;21:15,2;6,77;11;25,33495;0,267219789;0,615454545;1;134;33;0;1000166;323,6390833;82,76;0;-20;-15;-10;-5
RED;22:37,0;50:22,3;8;19;27,7545;0,288241546;0,421052632;1;153;23,5;0;1000166;351,3935833;90,76;0;-20;-15;-10;-5
RED;18:14,5;30:27,8;2,84;7;12,22116667;0,232383706;0,405714286;1;7;96,5;1;1000167;12,22116667;2,84;0;-20;-15;-10;-5
RED;40:51,0;03:35,6;21,88;16;82,74306667;0,264433032;1,3675;1;23;88,5;0;1000167;94,96423333;24,72;0;-20;-15;-10;-5
RED;33:52,1;42:12,5;1,97;2;8,339616667;0,236221889;0,985;1;25;87,5;0;1000167;103,30385;26,69;0;-20;-15;-10;-5
RED;04:59,8;17:52,7;2,84;3;12,88206667;0,22046152;0,946666667;1;28;86;0;1000167;116,1859167;29,53;0;-20;-15;-10;-5
RED;21:16,4;38:16,3;4,43;6;16,99831667;0,260614041;0,738333333;1;34;83;0;1000167;133,1842333;33,96;0;-20;-15;-10;-5
RED;42:12,0;56:14,6;3,06;4;14,0439;0,217888193;0,765;1;38;81;0;1000167;147,2281333;37,02;0;-20;-15;-10;-5
RED;22:54,6;36:10,5;3,06;6;13,26531667;0,23067674;0,51;1;44;78;0;1000167;160,49345;40,08;0;-20;-15;-10;-5
RED;39:37,3;46:27,3;1,75;1;6,832916667;0,256113178;1,75;1;45;77,5;0;1000167;167,3263667;41,83;0;-20;-15;-10;-5
RED;13:46,7;29:23,4;4,17;4;15,61126667;0,267114776;1,0425;1;49;75,5;0;1000167;182,9376333;46;0;-20;-15;-10;-5
RED;03:28,1;17:19,4;3,65;5;13,8549;0,263444702;0,73;1;54;73;0;1000167;196,7925333;49,65;0;-20;-15;-10;-5
RED;18:51,7;26:09,4;2,08;3;7,295016667;0,285126148;0,693333333;1;57;71,5;0;1000167;204,08755;51,73;0;-20;-15;-10;-5
RED;27:40,5;42:29,3;4,29;7;14,81355;0,289599725;0,612857143;1;64;68;0;1000167;218,9011;56,02;0;-20;-15;-10;-5
RED;54:53,9;59:32,5;1,09;2;4,644383333;0,234692083;0,545;1;66;67;0;1000167;223,5454833;57,11;0;-20;-15;-10;-5
RED;26:28,7;32:44,7;1,53;3;6,266833333;0,244142443;0,51;1;69;65,5;0;1000167;229,8123167;58,64;0;-20;-15;-10;-5
RED;36:23,0;50:31,9;3,28;5;14,14826667;0,231830519;0,656;1;74;63;0;1000167;243,9605833;61,92;0;-20;-15;-10;-5
RED;59:06,5;42:59,7;9,61;13;43,8871;0,21897095;0,739230769;1;87;56,5;0;1000167;287,8476833;71,53;0;-20;-15;-10;-5
RED;01:17,1;07:56,2;1,82;2;6,650883333;0,273647861;0,91;1;89;55,5;0;1000167;294,4985667;73,35;0;-20;-15;-10;-5
RED;01:03,9;37:16,8;8,08;14;36,21445;0,223115359;0,577142857;1;103;48,5;0;1000167;330,7130167;81,43;0;-20;-15;-10;-5
RED;44:07,4;51:31,4;1,75;3;7,400983333;0,236455066;0,583333333;1;106;47;0;1000167;338,114;83,18;0;-20;-15;-10;-5
RED;39:57,3;10:06,2;6,77;10;30,14771667;0,224560953;0,677;1;116;42;0;1000167;368,2617167;89,95;0;-20;-15;-10;-5
RED;27:01,2;32:18,3;1,09;1;5,283583333;0,206299386;1,09;1;117;41,5;0;1000167;373,5453;91,04;0;-20;-15;-10;-5
RED;24:34,2;34:37,5;2,4;4;10,05546667;0,238676143;0,6;1;121;39,5;0;1000167;383,6007667;93,44;0;-20;-15;-10;-5
RED;41:12,8;58:30,4;4,69;3;17,29311667;0,271206174;1,563333333;1;124;38;0;1000167;400,8938833;98,13;0;-20;-15;-10;-5
RED;04:14,6;15:32,8;3,13;4;11,30221667;0,276936825;0,7825;1;128;36;0;1000167;412,1961;101,26;0;-20;-15;-10;-5
RED;08:39,7;28:44,5;4,37;3;20,08113333;0,2176172;1,456666667;1;131;34,5;0;1000167;432,2772333;105,63;0;-20;-15;-10;-5
RED;32:32,0;48:14,5;3,5;4;15,70956667;0,222794178;0,875;1;135;32,5;0;1000167;447,9868;109,13;0;-20;-15;-10;-5
RED;50:22,8;57:32,0;1,53;1;7,152666667;0,213906235;1,53;1;136;32;0;1000167;455,1394667;110,66;0;-20;-15;-10;-5
RED;23:29,7;51:59,2;7,55;8;28,49235;0,264983408;0,94375;1;144;28;0;1000167;483,6318167;118,21;0;-20;-15;-10;-5
RED;04:47,2;17:21,2;2,84;5;12,56638333;0,22599979;0,568;1;149;25,5;0;1000167;496,1982;121,05;0;-20;-15;-10;-5
RED;44:19,2;54:31,4;3,14;2;10,20386667;0,307726483;1,57;1;151;24,5;0;1000167;506,4020667;124,19;0;-20;-15;-10;-5
RED;58:04,0;38:46,5;8,96;12;40,70813333;0,220103436;0,746666667;1;12;94;1;1000168;40,70813333;8,96;0;-20;-15;-10;-5
RED;03:40,6;16:19,5;2,84;5;12,64803333;0,224540838;0,568;1;17;91,5;0;1000168;53,35616667;11,8;0;-20;-15;-10;-5
RED;23:50,6;34:14,5;2,4;5;10,3986;0,2308003;0,48;1;22;89;0;1000168;63,75476667;14,2;0;-20;-15;-10;-5
RED;25:07,3;43:19,4;4,95;8;18,2015;0,271955608;0,61875;1;30;85;0;1000168;81,95626667;19,15;0;-20;-15;-10;-5
RED;11:29,3;29:52,9;3,93;7;18,3933;0,213664758;0,561428571;1;37;81,5;0;1000168;100,3495667;23,08;0;-20;-15;-10;-5
RED;34:53,0;48:56,9;3,28;2;14,06431667;0,233214317;1,64;1;39;80,5;0;1000168;114,4138833;26,36;0;-20;-15;-10;-5
RED;23:20,5;32:08,6;2,18;2;8,8022;0,247665356;1,09;1;41;79,5;0;1000168;123,2160833;28,54;0;-20;-15;-10;-5
RED;34:13,4;07:09,3;7,43;9;32,9329;0,225610256;0,825555556;1;50;75;0;1000168;156,1489833;35,97;0;-20;-15;-10;-5
RED;10:42,1;38:46,4;6,12;6;28,0725;0,218006946;1,02;1;56;72;0;1000168;184,2214833;42,09;0;-20;-15;-10;-5
RED;38:54,6;24:36,9;10,05;16;45,70481667;0,219889297;0,628125;1;72;64;0;1000168;229,9263;52,14;0;-20;-15;-10;-5
RED;30:44,3;50:29,7;4,37;5;19,7564;0,221194145;0,874;1;77;61,5;0;1000168;249,6827;56,51;0;-20;-15;-10;-5
RED;57:24,6;25:17,7;6,12;7;27,88605;0,219464571;0,874285714;1;84;58;0;1000168;277,56875;62,63;0;-20;-15;-10;-5
RED;42:26,5;50:36,6;1,97;2;8,167666667;0,241194956;0,985;1;86;57;0;1000168;285,7364167;64,6;0;-20;-15;-10;-5
RED;56:44,4;02:39,8;1,82;3;5,923966667;0,307226577;0,606666667;1;89;55,5;0;1000168;291,6603833;66,42;0;-20;-15;-10;-5
RED;15:18,9;35:16,1;4,59;7;19,95395;0,230029643;0,655714286;1;96;52;0;1000168;311,6143333;71,01;0;-20;-15;-10;-5
RED;38:41,0;36:28,2;12,67;5;57,78583333;0,219257892;2,534;1;101;49,5;0;1000168;369,4001667;83,68;0;-20;-15;-10;-5
RED;17:27,7;37:12,3;5,21;11;19,743;0,263890999;0,473636364;1;112;44;0;1000168;389,1431667;88,89;0;-20;-15;-10;-5
RED;58:12,9;43:36,1;10,05;16;45,38703333;0,221428881;0,628125;1;128;36;0;1000168;434,5302;98,94;0;-20;-15;-10;-5
RED;54:20,1;16:21,2;6,57;6;22,01731667;0,298401485;1,095;1;134;33;0;1000168;456,5475167;105,51;0;-20;-15;-10;-5
RED;16:49,3;33:05,1;4,43;6;16,26306667;0,27239635;0,738333333;1;140;30;0;1000168;472,8105833;109,94;0;-20;-15;-10;-5
RED;35:00,7;12:07,8;9,9;11;37,11795;0,266717316;0,9;1;151;24,5;0;1000168;509,9285333;119,84;0;-20;-15;-10;-5
RED;13:43,7;25:16,0;2,62;4;11,53828333;0,227070174;0,655;1;155;22,5;0;1000168;521,4668167;122,46;0;-20;-15;-10;-5
RED;31:47,0;58:04,0;7,03;21;26,28333333;0,26746988;0,334761905;1;21;89,5;1;1000169;26,28333333;7,03;0;-20;-15;-10;-5
RED;46:37,6;04:09,2;3,93;8;17,52718333;0,224223135;0,49125;1;29;85,5;0;1000169;43,81051667;10,96;0;-20;-15;-10;-5
RED;06:24,7;13:08,3;1,53;4;6,726166667;0,227469832;0,3825;1;33;83,5;0;1000169;50,53668333;12,49;0;-20;-15;-10;-5
RED;21:01,3;41:02,9;4,59;9;20,02736667;0,229186397;0,51;1;42;79;0;1000169;70,56405;17,08;0;-20;-15;-10;-5
RED;08:16,6;20:02,9;2,84;4;11,77203333;0,241249742;0,71;1;46;77;0;1000169;82,33608333;19,92;0;-20;-15;-10;-5
RED;43:44,0;06:26,8;5,03;7;22,71225;0,221466389;0,718571429;1;53;73,5;0;1000169;105,0483333;24,95;0;-20;-15;-10;-5
RED;42:36,8;08:55,5;7,03;6;26,31118333;0,267186767;1,171666667;1;59;70,5;0;1000169;131,3595167;31,98;0;-20;-15;-10;-5
RED;16:55,9;25:29,9;2,34;6;8,566583333;0,273154408;0,39;1;65;67,5;0;1000169;139,9261;34,32;0;-20;-15;-10;-5
RED;45:17,4;56:16,6;2,62;6;10,98668333;0,238470512;0,436666667;1;71;64,5;0;1000169;150,9127833;36,94;0;-20;-15;-10;-5
RED;48:51,0;06:11,5;3,93;6;17,34156667;0,226623123;0,655;1;77;61,5;0;1000169;168,25435;40,87;0;-20;-15;-10;-5
RED;06:41,6;29:50,3;6,25;10;23,14526667;0,270033614;0,625;1;87;56,5;0;1000169;191,3996167;47,12;0;-20;-15;-10;-5
RED;31:57,4;56:36,7;6,51;9;24,65506667;0,264043091;0,723333333;1;96;52;0;1000169;216,0546833;53,63;0;-20;-15;-10;-5
RED;03:29,2;50:16,8;10,49;7;46,79266667;0,224180427;1,498571429;1;103;48,5;0;1000169;262,84735;64,12;0;-20;-15;-10;-5
RED;52:00,3;08:05,5;4,86;6;16,08815;0,302085697;0,81;1;109;45,5;0;1000169;278,9355;68,98;0;-20;-15;-10;-5
RED;09:38,9;51:01,3;10,94;20;41,37225;0,264428451;0,547;1;129;35,5;0;1000169;320,30775;79,92;0;-20;-15;-10;-5
RED;36:50,4;43:33,4;1,53;0;6,715416667;0,227833964;inf;1;129;35,5;0;1000169;327,0231667;81,45;0;-20;-15;-10;-5
RED;49:19,1;07:48,1;4,15;3;18,4839;0,224519717;1,383333333;1;132;34;0;1000169;345,5070667;85,6;0;-20;-15;-10;-5
RED;07:55,3;22:04,4;4,29;6;14,15128333;0,303152718;0,715;1;138;31;0;1000169;359,65835;89,89;0;-20;-15;-10;-5
RED;24:09,5;45:09,6;5,47;7;21,00243333;0,260446012;0,781428571;1;145;27,5;0;1000169;380,6607833;95,36;0;-20;-15;-10;-5
RED;49:28,1;00:15,9;2,87;2;10,797;0,265814578;1,435;1;147;26,5;0;1000169;391,4577833;98,23;0;-20;-15;-10;-5
RED;06:02,1;36:21,2;8,08;2;30,31923333;0,266497504;4,04;1;149;25,5;0;1000169;421,7770167;106,31;0;-20;-15;-10;-5
RED;15:18,4;27:08,4;3,43;2;11,83391667;0,289844867;1,715;1;151;24,5;0;1000169;433,6109333;109,74;0;-20;-15;-10;-5
RED;57:33,0;08:58,8;3,43;3;11,43058333;0,300072175;1,143333333;1;154;23;0;1000169;445,0415167;113,17;0;-20;-15;-10;-5
RED;37:34,9;50:14,1;2,84;4;12,6542;0,224431414;0,71;1;158;21;0;1000169;457,6957167;116,01;0;-20;-15;-10;-5
RED;00:11,8;30:06,8;6,77;6;29,91693333;0,226293248;1,128333333;1;6;97;1;1000170;29,91693333;6,77;0;-20;-15;-10;-5
RED;52:14,9;57:11,8;1,43;2;4,948933333;0,288951154;0,715;1;8;96;0;1000170;34,86586667;8,2;0;-20;-15;-10;-5
RED;28:48,4;56:36,7;6,34;6;27,80478333;0,228018321;1,056666667;1;14;93;0;1000170;62,67065;14,54;0;-20;-15;-10;-5
RED;30:05,2;48:37,2;4,15;5;18,53305;0,223924287;0,83;1;19;90,5;0;1000170;81,2037;18,69;0;-20;-15;-10;-5
RED;57:28,3;13:08,5;3,5;6;15,66956667;0,223362909;0,583333333;1;25;87,5;0;1000170;96,87326667;22,19;0;-20;-15;-10;-5
RED;48:55,4;59:43,2;2,4;4;10,79773333;0,222268871;0,6;1;29;85,5;0;1000170;107,671;24,59;0;-20;-15;-10;-5
RED;06:27,0;23:25,2;20,06;12;76,96998333;0,260621078;1,671666667;1;41;79,5;0;1000170;184,6409833;44,65;0;-20;-15;-10;-5
RED;28:23,4;40:24,5;3,43;4;12,0186;0,285390977;0,8575;1;45;77,5;0;1000170;196,6595833;48,08;0;-20;-15;-10;-5
RED;49:58,7;42:51,5;11,8;8;52,87993333;0,223147029;1,475;1;53;73,5;0;1000170;249,5395167;59,88;0;-20;-15;-10;-5
RED;39:55,4;46:17,0;1,53;1;6,36015;0,240560364;1,53;1;54;73;0;1000170;255,8996667;61,41;0;-20;-15;-10;-5
RED;51:01,7;57:28,8;1,53;2;6,4512;0,237165179;0,765;1;56;72;0;1000170;262,3508667;62,94;0;-20;-15;-10;-5
RED;12:28,4;34:44,1;5,03;10;22,26186667;0,225946911;0,503;1;66;67;0;1000170;284,6127333;67,97;0;-20;-15;-10;-5
RED;37:21,1;02:03,6;6,51;5;24,70933333;0,263463199;1,302;1;71;64,5;0;1000170;309,3220667;74,48;0;-20;-15;-10;-5
RED;05:10,6;19:41,0;3,91;4;14,5074;0,269517625;0,9775;1;75;62,5;0;1000170;323,8294667;78,39;0;-20;-15;-10;-5
RED;38:55,7;58:32,0;4,37;9;19,60598333;0,222891141;0,485555556;1;84;58;0;1000170;343,43545;82,76;0;-20;-15;-10;-5
RED;07:13,1;33:38,3;5,9;8;26,42033333;0,223312852;0,7375;1;92;54;0;1000170;369,8557833;88,66;0;-20;-15;-10;-5
RED;14:09,6;22:25,3;2,34;2;8,261116667;0,283254685;1,17;1;94;53;0;1000170;378,1169;91;0;-20;-15;-10;-5
RED;42:10,7;47:08,9;1,09;1;4,97095;0,219273982;1,09;1;95;52,5;0;1000170;383,08785;92,09;0;-20;-15;-10;-5
RED;53:58,4;11:08,8;3,93;7;17,17438333;0,228829177;0,561428571;1;102;49;0;1000170;400,2622333;96,02;0;-20;-15;-10;-5
RED;17:35,6;38:48,1;4,81;11;21,20926667;0,226787662;0,437272727;1;113;43,5;0;1000170;421,4715;100,83;0;-20;-15;-10;-5
RED;00:44,4;09:23,9;1,97;3;8,6587;0,227516833;0,656666667;1;116;42;0;1000170;430,1302;102,8;0;-20;-15;-10;-5
RED;35:58,1;43:13,7;1,75;2;7,2608;0,241020273;0,875;1;118;41;0;1000170;437,391;104,55;0;-20;-15;-10;-5
RED;06:46,5;33:04,6;5,9;8;26,30266667;0,224311857;0,7375;1;126;37;0;1000170;463,6936667;110,45;0;-20;-15;-10;-5
RED;41:40,3;50:02,9;1,97;6;8,377266667;0,235160235;0,328333333;1;132;34;0;1000170;472,0709333;112,42;0;-20;-15;-10;-5
RED;51:05,0;55:45,6;1,09;1;4,676166667;0,23309691;1,09;1;133;33,5;0;1000170;476,7471;113,51;0;-20;-15;-10;-5
RED;56:19,2;13:47,6;5,14;9;17,4741;0,294149627;0,571111111;1;142;29;0;1000170;494,2212;118,65;0;-20;-15;-10;-5
RED;40:13,3;57:30,9;3,93;7;17,29376667;0,22724951;0,561428571;1;149;25,5;0;1000170;511,5149667;122,58;0;-20;-15;-10;-5
RED;59:40,9;16:11,9;3,71;8;16,51621667;0,224627714;0,46375;1;157;21,5;0;1000170;528,0311833;126,29;0;-20;-15;-10;-5
RED;17:53,7;31:28,0;3,06;6;13,5705;0,225489112;0,51;1;6;97;1;1000171;13,5705;3,06;0;-20;-15;-10;-5
RED;33:12,7;50:36,3;4,69;7;17,39321667;0,26964535;0,67;1;13;93,5;0;1000171;30,96371667;7,75;0;-20;-15;-10;-5
RED;51:21,6;14:35,6;6,86;10;23,23236667;0,295277709;0,686;1;23;88,5;0;1000171;54,19608333;14,61;0;-20;-15;-10;-5
RED;12:38,0;23:53,5;2,62;4;11,25836667;0,232715817;0,655;1;27;86,5;0;1000171;65,45445;17,23;0;-20;-15;-10;-5
RED;42:30,2;56:02,9;3,06;9;13,54521667;0,225910008;0,34;1;36;82;0;1000171;78,99966667;20,29;0;-20;-15;-10;-5
RED;58:31,3;23:34,7;5,68;10;25,0564;0,226688591;0,568;1;46;77;0;1000171;104,0560667;25,97;0;-20;-15;-10;-5
RED;05:01,7;10:46,0;1,31;1;5,73885;0,22826873;1,31;1;47;76,5;0;1000171;109,7949167;27,28;0;-20;-15;-10;-5
RED;47:35,0;08:03,8;4,59;12;20,4791;0,224130943;0,3825;1;59;70,5;0;1000171;130,2740167;31,87;0;-20;-15;-10;-5
RED;27:06,0;44:20,7;5,14;9;17,2453;0,298052223;0,571111111;1;68;66;0;1000171;147,5193167;37,01;0;-20;-15;-10;-5
RED;18:36,4;30:39,4;2,62;4;12,04981667;0,217430694;0,655;1;72;64;0;1000171;159,5691333;39,63;0;-20;-15;-10;-5
RED;40:53,2;47:31,6;1,53;3;6,6401;0,230418217;0,51;1;75;62,5;0;1000171;166,2092333;41,16;0;-20;-15;-10;-5
RED;03:13,9;09:27,6;2;0;6,229483333;0,321053913;inf;1;75;62,5;0;1000171;172,4387167;43,16;0;-20;-15;-10;-5
RED;19:06,0;31:30,8;2,84;6;12,41393333;0,228775193;0,473333333;1;81;59,5;0;1000171;184,85265;46;0;-20;-15;-10;-5
RED;23:18,6;33:33,7;2,4;4;10,25143333;0,234113604;0,6;1;85;57,5;0;1000171;195,1040833;48,4;0;-20;-15;-10;-5
RED;51:50,6;07:16,3;16,39;17;75,42783333;0,217293793;0,964117647;1;102;49;0;1000171;270,5319167;64,79;0;-20;-15;-10;-5
RED;25:01,9;47:01,6;5,99;7;21,99456667;0,272339987;0,855714286;1;109;45,5;0;1000171;292,5264833;70,78;0;-20;-15;-10;-5
RED;19:23,4;05:56,3;27,87;13;106,54815;0,261571881;2,143846154;1;122;39;0;1000171;399,0746333;98,65;0;-20;-15;-10;-5
RED;08:50,3;14:34,6;1,31;1;5,73745;0,22832443;1,31;1;123;38,5;0;1000171;404,8120833;99,96;0;-20;-15;-10;-5
RED;15:46,6;39:41,5;6,25;8;23,9157;0,261334604;0,78125;1;131;34,5;0;1000171;428,7277833;106,21;0;-20;-15;-10;-5
RED;06:00,4;30:11,8;5,46;8;24,1895;0,22571777;0,6825;1;139;30,5;0;1000171;452,9172833;111,67;0;-20;-15;-10;-5
RED;37:46,5;50:37,2;3,06;4;12,8455;0,238215718;0,765;1;143;28,5;0;1000171;465,7627833;114,73;0;-20;-15;-10;-5
RED;29:38,6;39:16,4;2,61;3;9,630183333;0,271022878;0,87;1;146;27;0;1000171;475,3929667;117,34;0;-20;-15;-10;-5
RED;42:31,9;45:06,1;0,66;1;2,570633333;0,256746068;0,66;1;147;26,5;0;1000171;477,9636;118;0;-20;-15;-10;-5
RED;03:45,1;13:21,6;2,18;4;9,608116667;0,2268915;0,545;1;151;24,5;0;1000171;487,5717167;120,18;0;-20;-15;-10;-5
RED;16:53,9;36:05,7;4,37;4;19,19531667;0,227659698;1,0925;1;155;22,5;0;1000171;506,7670333;124,55;0;-20;-15;-10;-5
RED;38:00,9;49:16,1;2,62;2;11,25338333;0,232818871;1,31;1;157;21,5;0;1000171;518,0204167;127,17;0;-20;-15;-10;-5
RED;17:10,1;42:03,4;6,77;6;24,88715;0,272027934;1,128333333;1;6;97;1;1000172;24,88715;6,77;0;-20;-15;-10;-5
RED;52:47,5;03:55,9;2,62;3;11,14126667;0,235161771;0,873333333;1;9;95,5;0;1000172;36,02841667;9,39;0;-20;-15;-10;-5
RED;17:14,5;25:58,2;1,97;4;8,7286;0,225694842;0,4925;1;13;93,5;0;1000172;44,75701667;11,36;0;-20;-15;-10;-5
RED;32:03,5;46:26,3;4,29;5;14,37953333;0,298340697;0,858;1;18;91;0;1000172;59,13655;15,65;0;-20;-15;-10;-5
RED;10:04,4;22:35,9;2,84;3;12,52435;0,226758275;0,946666667;1;21;89,5;0;1000172;71,6609;18,49;0;-20;-15;-10;-5
RED;11:02,8;40:33,3;8,57;9;29,509;0,290419872;0,952222222;1;30;85;0;1000172;101,1699;27,06;0;-20;-15;-10;-5
RED;43:00,4;54:24,3;2,62;3;11,39913333;0,229842035;0,873333333;1;33;83,5;0;1000172;112,5690333;29,68;0;-20;-15;-10;-5
RED;05:38,7;30:32,9;5,46;4;24,90371667;0,219244383;1,365;1;37;81,5;0;1000172;137,47275;35,14;0;-20;-15;-10;-5
RED;41:53,8;56:32,8;3,28;5;14,64943333;0,223899445;0,656;1;42;79;0;1000172;152,1221833;38,42;0;-20;-15;-10;-5
RED;57:03,5;13:41,3;3,71;5;16,63023333;0,22308767;0,742;1;47;76,5;0;1000172;168,7524167;42,13;0;-20;-15;-10;-5
RED;32:41,0;40:01,0;1,75;2;7,333766667;0,238622263;0,875;1;49;75,5;0;1000172;176,0861833;43,88;0;-20;-15;-10;-5
RED;08:58,4;14:11,6;1,31;1;5,2211;0,250904982;1,31;1;50;75;0;1000172;181,3072833;45,19;0;-20;-15;-10;-5
RED;14:25,2;22:50,9;1,97;2;8,4274;0,233761302;0,985;1;52;74;0;1000172;189,7346833;47,16;0;-20;-15;-10;-5
RED;25:21,6;56:16,2;6,99;8;30,91015;0,22613931;0,87375;1;60;70;0;1000172;220,6448333;54,15;0;-20;-15;-10;-5
RED;11:55,9;44:28,4;8,6;9;32,5417;0,264276298;0,955555556;1;69;65,5;0;1000172;253,1865333;62,75;0;-20;-15;-10;-5
RED;51:44,0;07:50,3;4,17;5;16,10488333;0,258927675;0,834;1;74;63;0;1000172;269,2914167;66,92;0;-20;-15;-10;-5
RED;08:54,8;23:16,5;3,28;5;14,36081667;0,228399267;0,656;1;79;60,5;0;1000172;283,6522333;70,2;0;-20;-15;-10;-5
RED;33:12,1;46:28,2;3,06;5;13,26778333;0,230633854;0,612;1;84;58;0;1000172;296,9200167;73,26;0;-20;-15;-10;-5
RED;47:05,1;55:58,2;2,86;3;8,885116667;0,321886601;0,953333333;1;87;56,5;0;1000172;305,8051333;76,12;0;-20;-15;-10;-5
RED;07:32,8;51:34,3;9,83;7;44,02466667;0,223283917;1,404285714;1;94;53;0;1000172;349,8298;85,95;0;-20;-15;-10;-5
RED;54:20,4;00:31,6;1,53;2;6,186283333;0,247321359;0,765;1;96;52;0;1000172;356,0160833;87,48;0;-20;-15;-10;-5
RED;54:47,7;22:58,0;6,34;13;28,17248333;0,225042284;0,487692308;1;109;45,5;0;1000172;384,1885667;93,82;0;-20;-15;-10;-5
RED;51:15,9;20:59,9;6,55;13;29,73205;0,220300988;0,503846154;1;122;39;0;1000172;413,9206167;100,37;0;-20;-15;-10;-5
RED;23:29,4;29:30,2;1,71;2;6,0135;0,28436019;0,855;1;124;38;0;1000172;419,9341167;102,08;0;-20;-15;-10;-5
RED;38:11,1;41:01,4;47,67;94;182,8374333;0,260723415;0,50712766;1;94;53;1;1000173;182,8374333;47,67;0;-20;-15;-10;-5
RED;59:10,5;14:15,4;3,5;5;15,08175;0,23206856;0,7;1;99;50,5;0;1000173;197,9191833;51,17;0;-20;-15;-10;-5
RED;20:23,2;46:14,4;7,03;12;25,85418333;0,271909575;0,585833333;1;111;44,5;0;1000173;223,7733667;58,2;0;-20;-15;-10;-5
RED;01:38,3;10:19,4;1,97;4;8,685166667;0,226823511;0,4925;1;115;42,5;0;1000173;232,4585333;60,17;0;-20;-15;-10;-5
RED;04:56,4;08:53,0;0,87;1;3,943883333;0,220594761;0,87;1;116;42;0;1000173;236,4024167;61,04;0;-20;-15;-10;-5
RED;11:14,3;21:12,6;2,61;3;9,9722;0,261727603;0,87;1;119;40,5;0;1000173;246,3746167;63,65;0;-20;-15;-10;-5
RED;32:13,1;40:56,4;1,97;0;8,720483333;0,22590491;inf;1;119;40,5;0;1000173;255,0951;65,62;0;-20;-15;-10;-5
RED;09:15,8;19:28,8;2,4;4;10,21641667;0,234916026;0,6;1;123;38,5;0;1000173;265,3115167;68,02;0;-20;-15;-10;-5
RED;13:49,8;27:19,1;3,06;5;13,48875;0,226855713;0,612;1;128;36;0;1000173;278,8002667;71,08;0;-20;-15;-10;-5
RED;18:36,4;54:44,1;8,08;6;36,12858333;0,223645636;1,346666667;1;134;33;0;1000173;314,92885;79,16;0;-20;-15;-10;-5
RED;32:53,6;42:22,9;2,18;3;9,489516667;0,22972719;0,726666667;1;137;31,5;0;1000173;324,4183667;81,34;0;-20;-15;-10;-5
RED;00:05,3;32:54,4;9,43;7;32,81826667;0,287339977;1,347142857;1;144;28;0;1000173;357,2366333;90,77;0;-20;-15;-10;-5
RED;36:24,9;52:48,1;3,71;8;16,3877;0,226389304;0,46375;1;8;96;1;1000174;16,3877;3,71;0;-20;-15;-10;-5
RED;28:03,2;44:51,1;3,71;3;16,79821667;0,220856777;1,236666667;1;11;94,5;0;1000174;33,18591667;7,42;0;-20;-15;-10;-5
RED;27:56,7;45:10,0;3,93;6;17,22196667;0,228196935;0,655;1;17;91,5;0;1000174;50,40788333;11,35;0;-20;-15;-10;-5
RED;33:05,5;44:23,2;2,62;4;11,29511667;0,231958649;0,655;1;21;89,5;0;1000174;61,703;13,97;0;-20;-15;-10;-5
RED;17:36,2;37:35,5;5,21;7;19,9879;0,260657698;0,744285714;1;28;86;0;1000174;81,6909;19,18;0;-20;-15;-10;-5
RED;46:21,5;38:04,3;13,81;12;51,71178333;0,267057121;1,150833333;1;40;80;0;1000174;133,4026833;32,99;0;-20;-15;-10;-5
RED;46:52,0;59:09,6;3,71;4;12,2932;0,301792861;0,9275;1;44;78;0;1000174;145,6958833;36,7;0;-20;-15;-10;-5
RED;20:34,5;33:26,1;3,06;3;12,859;0,237965627;1,02;1;47;76,5;0;1000174;158,5548833;39,76;0;-20;-15;-10;-5
RED;41:32,1;46:33,5;1,09;3;5,023833333;0,216965796;0,363333333;1;50;75;0;1000174;163,5787167;40,85;0;-20;-15;-10;-5
RED;01:45,4;13:17,6;2,62;3;11,53548333;0,22712529;0,873333333;1;53;73,5;0;1000174;175,1142;43,47;0;-20;-15;-10;-5
RED;02:07,4;13:50,8;2,84;5;11,72315;0,242255708;0,568;1;58;71;0;1000174;186,83735;46,31;0;-20;-15;-10;-5
RED;14:36,6;39:04,5;5,46;10;24,46475;0,223178246;0,546;1;68;66;0;1000174;211,3021;51,77;0;-20;-15;-10;-5
RED;39:18,9;49:02,2;2,18;2;9,7216;0,224242923;1,09;1;70;65;0;1000174;221,0237;53,95;0;-20;-15;-10;-5
RED;56:23,7;11:54,4;4,17;6;15,51068333;0,268846956;0,695;1;76;62;0;1000174;236,5343833;58,12;0;-20;-15;-10;-5
RED;23:52,7;53:28,6;8,57;19;29,59865;0,289540232;0,451052632;1;95;52,5;0;1000174;266,1330333;66,69;0;-20;-15;-10;-5
RED;04:48,6;17:39,2;3,06;4;12,844;0,238243538;0,765;1;99;50,5;0;1000174;278,9770333;69,75;0;-20;-15;-10;-5
RED;39:38,7;13:10,0;7,43;6;33,52295;0,221639205;1,238333333;1;105;47,5;0;1000174;312,4999833;77,18;0;-20;-15;-10;-5
RED;14:58,1;50:37,9;7,87;5;35,66286667;0,220677717;1,574;1;110;45;0;1000174;348,16285;85,05;0;-20;-15;-10;-5
RED;52:04,4;01:10,9;2,18;3;9,108233333;0,23934389;0,726666667;1;113;43,5;0;1000174;357,2710833;87,23;0;-20;-15;-10;-5
RED;13:20,7;35:07,5;4,81;9;21,78075;0,220837207;0,534444444;1;122;39;0;1000174;379,0518333;92,04;0;-20;-15;-10;-5
RED;50:53,3;13:55,2;6,57;4;23,03165;0,285259632;1,6425;1;126;37;0;1000174;402,0834833;98,61;0;-20;-15;-10;-5
RED;42:18,9;03:28,1;4,81;8;21,1535;0,227385539;0,60125;1;134;33;0;1000174;423,2369833;103,42;0;-20;-15;-10;-5
RED;06:13,9;22:23,3;3,71;7;16,15758333;0,229613546;0,53;1;141;29,5;0;1000174;439,3945667;107,13;0;-20;-15;-10;-5
RED;23:07,9;42:37,7;4,37;6;19,49658333;0,224141837;0,728333333;1;147;26,5;0;1000174;458,89115;111,5;0;-20;-15;-10;-5
RED;04:18,3;39:38,5;7,87;9;35,33691667;0,222713263;0,874444444;1;156;22;0;1000174;494,2280667;119,37;0;-20;-15;-10;-5
RED;40:56,6;58:26,8;4,69;6;17,50378333;0,267942073;0,781666667;1;6;97;1;1000175;17,50378333;4,69;0;-20;-15;-10;-5
RED;51:44,7;56:55,9;1,31;2;5,187483333;0,252530932;0,655;1;8;96;0;1000175;22,69126667;6;0;-20;-15;-10;-5
RED;15:17,3;26:41,0;2,62;4;11,39553333;0,229914645;0,655;1;12;94;0;1000175;34,0868;8,62;0;-20;-15;-10;-5
RED;49:56,0;58:09,4;2,34;2;8,2223;0,284591903;1,17;1;14;93;0;1000175;42,3091;10,96;0;-20;-15;-10;-5
RED;13:08,6;34:50,7;4,81;3;21,70058333;0,221653028;1,603333333;1;17;91,5;0;1000175;64,00968333;15,77;0;-20;-15;-10;-5
RED;41:52,8;56:52,2;3,91;7;14,98971667;0,260845491;0,558571429;1;24;88;0;1000175;78,9994;19,68;0;-20;-15;-10;-5
RED;27:09,9;05:51,7;8,52;17;38,69703333;0,220171917;0,501176471;1;41;79,5;0;1000175;117,6964333;28,2;0;-20;-15;-10;-5
RED;20:12,5;33:09,7;2,84;3;12,95285;0,219256766;0,946666667;1;44;78;0;1000175;130,6492833;31,04;0;-20;-15;-10;-5
RED;51:01,7;07:04,4;4,17;6;16,04491667;0,259895398;0,695;1;50;75;0;1000175;146,6942;35,21;0;-20;-15;-10;-5
RED;09:53,7;17:36,2;2,08;2;7,708916667;0,269817419;1,04;1;52;74;0;1000175;154,4031167;37,29;0;-20;-15;-10;-5
RED;14:19,0;28:40,7;3,28;4;14,3613;0,22839158;0,82;1;56;72;0;1000175;168,7644167;40,57;0;-20;-15;-10;-5
RED;31:01,3;49:40,7;4,95;5;18,65706667;0,265315019;0,99;1;61;69,5;0;1000175;187,4214833;45,52;0;-20;-15;-10;-5
RED;06:18,6;27:03,7;4,59;7;20,75151667;0,221188652;0,655714286;1;68;66;0;1000175;208,173;50,11;0;-20;-15;-10;-5
RED;27:25,4;49:24,6;5,03;7;21,9864;0,22877779;0,718571429;1;75;62,5;0;1000175;230,1594;55,14;0;-20;-15;-10;-5
RED;22:57,0;36:13,5;3,06;4;13,27405;0,230524972;0,765;1;79;60,5;0;1000175;243,43345;58,2;0;-20;-15;-10;-5
RED;40:02,9;50:27,2;2,87;2;10,40646667;0,275790054;1,435;1;81;59,5;0;1000175;253,8399167;61,07;0;-20;-15;-10;-5
RED;25:26,1;34:33,0;2,61;4;9,115866667;0,286313973;0,6525;1;85;57,5;0;1000175;262,9557833;63,68;0;-20;-15;-10;-5
RED;38:40,2;50:44,3;3,43;5;12,06756667;0,284232944;0,686;1;90;55;0;1000175;275,02335;67,11;0;-20;-15;-10;-5
RED;54:34,6;28:11,0;7,43;21;33,60728333;0,221083029;0,353809524;1;111;44,5;0;1000175;308,6306333;74,54;0;-20;-15;-10;-5
RED;33:30,6;46:38,6;19,28;18;73,13291667;0,263629579;1,071111111;1;129;35,5;0;1000175;381,76355;93,82;0;-20;-15;-10;-5
RED;58:20,8;27:49,4;7,82;9;29,47673333;0,265293983;0,868888889;1;138;31;0;1000175;411,2402833;101,64;0;-20;-15;-10;-5
RED;56:37,0;16:14,8;4,37;8;19,63011667;0,222617118;0,54625;1;146;27;0;1000175;430,8704;106,01;0;-20;-15;-10;-5
RED;18:17,2;37:13,5;4,95;6;18,93868333;0,261369807;0,825;1;22;89;1;1000176;18,93868333;4,95;0;-20;-15;-10;-5
RED;00:48,8;50:20,6;14,29;8;49,5304;0,288509683;1,78625;1;30;85;0;1000176;68,46908333;19,24;0;-20;-15;-10;-5
RED;59:43,4;14:31,1;3,28;3;14,79423333;0,221708008;1,093333333;1;33;83,5;0;1000176;83,26331667;22,52;0;-20;-15;-10;-5
RED;08:32,9;24:13,8;3,71;2;15,68106667;0,236591048;1,855;1;35;82,5;0;1000176;98,94438333;26,23;0;-20;-15;-10;-5
RED;26:17,8;35:38,7;2,18;3;9,347816667;0,233209537;0,726666667;1;38;81;0;1000176;108,2922;28,41;0;-20;-15;-10;-5
RED;23:29,7;33:57,3;2,4;8;10,46026667;0,229439657;0,3;1;8;96;1;1000177;10,46026667;2,4;0;-20;-15;-10;-5
RED;03:20,6;09:00,0;1,31;1;5,656283333;0,231600845;1,31;1;9;95,5;0;1000177;16,11655;3,71;0;-20;-15;-10;-5
RED;12:03,0;29:43,8;5,14;7;17,68115;0,290705073;0,734285714;1;16;92;0;1000177;33,7977;8,85;0;-20;-15;-10;-5
RED;02:45,7;26:43,7;5,24;8;23,96671667;0,21863654;0,655;1;24;88;0;1000177;57,76441667;14,09;0;-20;-15;-10;-5
RED;04:06,1;23:22,2;4,37;6;19,26763333;0,226805229;0,728333333;1;30;85;0;1000177;77,03205;18,46;0;-20;-15;-10;-5
RED;36:46,2;46:49,9;2,61;3;10,06203333;0,259390912;0,87;1;33;83,5;0;1000177;87,09408333;21,07;0;-20;-15;-10;-5
RED;23:51,2;34:36,6;3,13;4;10,75623333;0,290994059;0,7825;1;37;81,5;0;1000177;97,85031667;24,2;0;-20;-15;-10;-5
RED;39:31,0;49:49,0;2,4;3;10,30001667;0,233009332;0,8;1;40;80;0;1000177;108,1503333;26,6;0;-20;-15;-10;-5
RED;57:02,3;09:43,3;3,71;5;12,68306667;0,292516006;0,742;1;45;77,5;0;1000177;120,8334;30,31;0;-20;-15;-10;-5
RED;16:31,4;29:04,6;3,71;5;12,55368333;0,295530794;0,742;1;50;75;0;1000177;133,3870833;34,02;0;-20;-15;-10;-5
RED;37:33,3;45:28,0;1,75;2;7,912133333;0,221179286;0,875;1;52;74;0;1000177;141,2992167;35,77;0;-20;-15;-10;-5
RED;10:19,9;19:52,7;2,18;4;9,547566667;0,22833043;0,545;1;56;72;0;1000177;150,8467833;37,95;0;-20;-15;-10;-5
RED;51:07,3;20:44,5;6,55;15;29,62023333;0,221132627;0,436666667;1;71;64,5;0;1000177;180,4670167;44,5;0;-20;-15;-10;-5
RED;23:24,2;44:55,9;6,29;13;21,52918333;0,29216157;0,483846154;1;84;58;0;1000177;201,9962;50,79;0;-20;-15;-10;-5
RED;07:53,4;29:57,5;5,99;13;22,06955;0,271414687;0,460769231;1;97;51,5;0;1000177;224,06575;56,78;0;-20;-15;-10;-5
RED;33:59,7;45:01,0;2,4;3;11,02165;0,21775324;0,8;1;100;50;0;1000177;235,0874;59,18;0;-20;-15;-10;-5
RED;19:01,1;42:53,7;5,24;10;23,87765;0,219452082;0,524;1;110;45;0;1000177;258,96505;64,42;0;-20;-15;-10;-5
RED;54:53,3;04:07,1;2,18;3;9,2296;0,236196585;0,726666667;1;113;43,5;0;1000177;268,19465;66,6;0;-20;-15;-10;-5
RED;25:32,2;39:56,2;3,28;4;14,3998;0,227780941;0,82;1;117;41,5;0;1000177;282,59445;69,88;0;-20;-15;-10;-5
RED;40:55,9;44:34,3;1,3;1;3,6392;0,357221367;1,3;1;118;41;0;1000177;286,23365;71,18;0;-20;-15;-10;-5
RED;44:37,4;01:14,1;3,71;4;16,612;0,223332531;0,9275;1;122;39;0;1000177;302,84565;74,89;0;-20;-15;-10;-5
RED;27:36,1;41:28,6;3,06;4;13,87466667;0,220545839;0,765;1;126;37;0;1000177;316,7203167;77,95;0;-20;-15;-10;-5
RED;43:35,7;51:54,5;1,75;1;8,313183333;0,210509011;1,75;1;127;36,5;0;1000177;325,0335;79,7;0;-20;-15;-10;-5
RED;28:58,7;53:47,6;5,68;9;24,81491667;0,228894583;0,631111111;1;136;32;0;1000177;349,8484167;85,38;0;-20;-15;-10;-5
RED;39:45,1;00:24,9;4,59;10;20,66201667;0,222146757;0,459;1;146;27;0;1000177;370,5104333;89,97;0;-20;-15;-10;-5
RED;17:04,2;26:15,6;2,18;4;9,189666667;0,237222968;0,545;1;150;25;0;1000177;379,7001;92,15;0;-20;-15;-10;-5
RED;31:48,7;51:34,7;6;7;19,76705;0,303535429;0,857142857;1;157;21,5;0;1000177;399,46715;98,15;0;-20;-15;-10;-5
RED;56:23,3;04:15,4;1,97;2;7,867433333;0,250399325;0,985;1;159;20,5;0;1000177;407,3345833;100,12;0;-20;-15;-10;-5
RED;11:10,0;32:28,0;4,81;8;21,29988333;0,225822833;0,60125;1;8;96;1;1000178;21,29988333;4,81;0;-20;-15;-10;-5
RED;40:31,4;56:40,2;3,71;5;16,14691667;0,229765229;0,742;1;13;93,5;0;1000178;37,4468;8,52;0;-20;-15;-10;-5
RED;43:13,2;19:07,1;7,87;11;35,8984;0,219229826;0,715454545;1;24;88;0;1000178;73,3452;16,39;0;-20;-15;-10;-5
RED;45:57,8;56:20,8;2,18;3;10,38293333;0,209959934;0,726666667;1;27;86,5;0;1000178;83,72813333;18,57;0;-20;-15;-10;-5
RED;05:05,5;43:22,3;8,52;14;38,28011667;0,222569855;0,608571429;1;41;79,5;0;1000178;122,00825;27,09;0;-20;-15;-10;-5
RED;48:00,9;24:45,5;8,3;5;36,74351667;0,225890191;1,66;1;46;77;0;1000178;158,7517667;35,39;0;-20;-15;-10;-5
RED;25:48,3;51:58,7;5,9;9;26,1736;0,225417978;0,655555556;1;55;72,5;0;1000178;184,9253667;41,29;0;-20;-15;-10;-5
RED;55:12,3;23:41,4;7,55;7;28,48508333;0,265051006;1,078571429;1;62;69;0;1000178;213,41045;48,84;0;-20;-15;-10;-5
RED;26:47,4;42:39,0;3,71;4;15,8604;0,233915916;0,9275;1;66;67;0;1000178;229,27085;52,55;0;-20;-15;-10;-5
RED;45:29,9;22:47,8;8,3;17;37,29828333;0,222530349;0,488235294;1;83;58,5;0;1000178;266,5691333;60,85;0;-20;-15;-10;-5
RED;29:28,8;42:15,7;2,84;4;12,78131667;0,22219933;0,71;1;87;56,5;0;1000178;279,35045;63,69;0;-20;-15;-10;-5
RED;44:46,5;59:28,3;3,28;3;14,69596667;0,22319049;1,093333333;1;90;55;0;1000178;294,0464167;66,97;0;-20;-15;-10;-5
RED;51:13,6;01:37,0;20,29;15;70,38965;0,288252605;1,352666667;1;105;47,5;0;1000178;364,4360667;87,26;0;-20;-15;-10;-5
RED;06:24,6;31:35,9;5,46;18;25,1887;0,216763866;0,303333333;1;123;38,5;0;1000178;389,6247667;92,72;0;-20;-15;-10;-5
RED;41:49,6;11:35,3;6,77;11;29,76231667;0,227468852;0,615454545;1;134;33;0;1000178;419,3870833;99,49;0;-20;-15;-10;-5
RED;51:52,4;19:09,7;5,9;21;27,28938333;0,216201294;0,280952381;1;155;22,5;0;1000178;446,6764667;105,39;0;-20;-15;-10;-5
RED;32:14,4;39:14,7;1,75;4;7,004133333;0,249852468;0,4375;1;159;20,5;0;1000178;453,6806;107,14;0;-20;-15;-10;-5
RED;04:45,0;18:28,7;3,06;5;13,72891667;0,222887215;0,612;1;5;97,5;1;1000179;13,72891667;3,06;0;-20;-15;-10;-5
RED;28:42,4;03:00,7;7,65;10;34,3046;0,223002163;0,765;1;15;92,5;0;1000179;48,03351667;10,71;0;-20;-15;-10;-5
RED;03:48,7;21:21,6;3,93;4;17,54843333;0,223951616;0,9825;1;19;90,5;0;1000179;65,58195;14,64;0;-20;-15;-10;-5
RED;26:43,8;11:46,2;9,83;16;45,0397;0,218251898;0,614375;1;35;82,5;0;1000179;110,62165;24,47;0;-20;-15;-10;-5
RED;48:34,3;13:54,3;7,43;8;25,33256667;0,29329835;0,92875;1;53;73,5;0;1000179;135,9542167;31,9;0;-20;-15;-10;-5
RED;03:09,7;21:41,6;4,15;10;18,53198333;0,223937175;0,415;1;63;68,5;0;1000179;154,4862;36,05;0;-20;-15;-10;-5
RED;35:57,3;44:31,5;2,57;3;8,571216667;0,299840746;0,856666667;1;66;67;0;1000179;163,0574167;38,62;0;-20;-15;-10;-5
RED;39:33,0;50:44,3;3,13;3;11,1885;0,279751531;1,043333333;1;69;65,5;0;1000179;174,2459167;41,75;0;-20;-15;-10;-5
RED;42:40,3;05:27,5;5,03;11;22,78628333;0,220746838;0,457272727;1;80;60;0;1000179;197,0322;46,78;0;-20;-15;-10;-5
RED;36:37,5;51:01,4;4,29;4;14,39803333;0,29795736;1,0725;1;84;58;0;1000179;211,4302333;51,07;0;-20;-15;-10;-5
RED;01:18,1;21:00,8;4,37;7;19,71301667;0,221680937;0,624285714;1;91;54,5;0;1000179;231,14325;55,44;0;-20;-15;-10;-5
RED;21:01,2;51:38,7;6,77;9;30,62485;0,221062307;0,752222222;1;100;50;0;1000179;261,7681;62,21;0;-20;-15;-10;-5
RED;42:06,3;59:04,5;4,43;5;16,97003333;0,261048397;0,886;1;105;47,5;0;1000179;278,7381333;66,64;0;-20;-15;-10;-5
RED;58:47,0;38:42,5;11,43;11;39,92486667;0,286287744;1,039090909;1;116;42;0;1000179;318,663;78,07;0;-20;-15;-10;-5
RED;45:35,7;00:47,4;4,17;5;15,19506667;0,274431175;0,834;1;121;39,5;0;1000179;333,8580667;82,24;0;-20;-15;-10;-5
RED;10:10,8;19:03,2;2,18;3;8,874166667;0,245656869;0,726666667;1;124;38;0;1000179;342,7322333;84,42;0;-20;-15;-10;-5
RED;19:11,9;32:03,6;3,39;3;12,8626;0,263554802;1,13;1;127;36,5;0;1000179;355,5948333;87,81;0;-20;-15;-10;-5
RED;42:58,8;18:53,6;7,87;14;35,91216667;0,219145786;0,562142857;1;141;29,5;0;1000179;391,507;95,68;0;-20;-15;-10;-5
RED;35:05,5;45:28,5;2,4;5;10,38268333;0,231154117;0,48;1;146;27;0;1000179;401,8896833;98,08;0;-20;-15;-10;-5
RED;46:05,1;07:19,8;6,29;16;21,24433333;0,296078954;0,393125;1;16;92;1;1000180;21,24433333;6,29;0;-20;-15;-10;-5
RED;09:07,9;22:32,5;3,06;4;13,4085;0,228213447;0,765;1;20;90;0;1000180;34,65283333;9,35;0;-20;-15;-10;-5
RED;47:17,8;12:27,6;6,77;6;25,16355;0,269039941;1,128333333;1;26;87;0;1000180;59,81638333;16,12;0;-20;-15;-10;-5
RED;20:04,4;30:24,9;2,4;2;10,34101667;0,232085498;1,2;1;28;86;0;1000180;70,1574;18,52;0;-20;-15;-10;-5
RED;31:24,1;21:12,8;11,14;11;49,8122;0,223639992;1,012727273;1;39;80,5;0;1000180;119,9696;29,66;0;-20;-15;-10;-5
RED;21:48,0;29:21,1;2,29;4;7,551533333;0,303249671;0,5725;1;43;78,5;0;1000180;127,5211333;31,95;0;-20;-15;-10;-5
RED;10:06,4;31:02,1;4,81;5;20,92861667;0,229828855;0,962;1;48;76;0;1000180;148,44975;36,76;0;-20;-15;-10;-5
RED;50:21,8;28:21,2;10,16;14;37,99055;0,267434928;0,725714286;1;62;69;0;1000180;186,4403;46,92;0;-20;-15;-10;-5
RED;29:29,8;43:55,4;3,28;5;14,42783333;0,227338362;0,656;1;67;66,5;0;1000180;200,8681333;50,2;0;-20;-15;-10;-5
RED;47:05,0;11:26,3;7,14;7;24,3558;0,293153992;1,02;1;74;63;0;1000180;225,2239333;57,34;0;-20;-15;-10;-5
RED;49:57,6;54:55,0;1,09;1;4,956683333;0,219905111;1,09;1;75;62,5;0;1000180;230,1806167;58,43;0;-20;-15;-10;-5
RED;03:34,1;24:23,4;6;5;20,82096667;0,288171058;1,2;1;80;60;0;1000180;251,0015833;64,43;0;-20;-15;-10;-5
RED;39:27,2;00:06,2;4,59;9;20,65025;0,222273338;0,51;1;89;55,5;0;1000180;271,6518333;69,02;0;-20;-15;-10;-5
RED;02:18,5;12:27,2;2,4;3;10,14423333;0,236587618;0,8;1;92;54;0;1000180;281,7960667;71,42;0;-20;-15;-10;-5
RED;12:39,9;34:19,0;6,57;7;21,6518;0,303438975;0,938571429;1;99;50,5;0;1000180;303,4478667;77,99;0;-20;-15;-10;-5
RED;42:52,9;15:28,9;9,43;9;32,60096667;0,289255227;1,047777778;1;108;46;0;1000180;336,0488333;87,42;0;-20;-15;-10;-5
RED;30:18,7;50:00,9;4,37;5;19,70313333;0,221792135;0,874;1;113;43,5;0;1000180;355,7519667;91,79;0;-20;-15;-10;-5
RED;51:46,9;16:53,5;5,68;7;25,10936667;0,226210405;0,811428571;1;120;40;0;1000180;380,8613333;97,47;0;-20;-15;-10;-5
RED;48:48,3;58:10,7;2,18;2;9,37365;0,232566823;1,09;1;122;39;0;1000180;390,2349833;99,65;0;-20;-15;-10;-5
RED;46:37,8;01:53,9;3,5;5;15,26973333;0,229211599;0,7;1;127;36,5;0;1000180;405,5047167;103,15;0;-20;-15;-10;-5
RED;14:30,7;19:06,1;1,09;1;4,590216667;0,237461558;1,09;1;128;36;0;1000180;410,0949333;104,24;0;-20;-15;-10;-5
RED;54:12,5;12:16,5;4,69;5;18,0674;0,259583559;0,938;1;133;33,5;0;1000180;428,1623333;108,93;0;-20;-15;-10;-5
RED;13:54,6;21:00,7;1,53;1;7,10285;0,215406492;1,53;1;134;33;0;1000180;435,2651833;110,46;0;-20;-15;-10;-5
RED;31:22,5;59:44,2;8,29;6;28,36106667;0,292302123;1,381666667;1;140;30;0;1000180;463,62625;118,75;0;-20;-15;-10;-5
RED;07:22,7;14:54,4;1,75;2;7,52895;0,23243613;0,875;1;142;29;0;1000180;471,1552;120,5;0;-20;-15;-10;-5
RED;15:29,9;56:24,2;9,18;25;40,90578333;0,224418145;0,3672;1;25;87,5;1;1000181;40,90578333;9,18;0;-20;-15;-10;-5
RED;14:58,5;27:27,8;2,84;3;12,48876667;0,227404361;0,946666667;1;28;86;0;1000181;53,39455;12,02;0;-20;-15;-10;-5
RED;27:43,7;42:39,8;3,28;1;14,9343;0,21962864;3,28;1;29;85,5;0;1000181;68,32885;15,3;0;-20;-15;-10;-5
RED;58:54,6;19:43,5;6,29;9;20,81483333;0,302188343;0,698888889;1;38;81;0;1000181;89,14368333;21,59;0;-20;-15;-10;-5
RED;24:31,1;35:20,5;2,87;5;10,82363333;0,265160498;0,574;1;43;78,5;0;1000181;99,96731667;24,46;0;-20;-15;-10;-5
RED;51:54,1;20:40,9;25,43;8;88,78068333;0,286436182;3,17875;1;51;74,5;0;1000181;188,748;49,89;0;-20;-15;-10;-5
RED;45:39,4;55:28,6;2,4;2;9,81925;0,244417853;1,2;1;53;73,5;0;1000181;198,56725;52,29;0;-20;-15;-10;-5
RED;03:34,4;18:47,5;3,5;4;15,21878333;0,229978962;0,875;1;57;71,5;0;1000181;213,7860333;55,79;0;-20;-15;-10;-5
RED;20:24,3;31:42,3;2,62;3;11,29996667;0,231859091;0,873333333;1;60;70;0;1000181;225,086;58,41;0;-20;-15;-10;-5
RED;39:19,8;44:42,3;1,31;2;5,375116667;0,24371564;0,655;1;62;69;0;1000181;230,4611167;59,72;0;-20;-15;-10;-5
RED;55:13,8;51:16,7;12,45;12;56,04818333;0,222130304;1,0375;1;74;63;0;1000181;286,5093;72,17;0;-20;-15;-10;-5
RED;58:23,7;08:54,9;2,4;4;10,51956667;0,22814628;0,6;1;78;61;0;1000181;297,0288667;74,57;0;-20;-15;-10;-5
RED;09:12,5;18:28,9;2,18;3;9,272333333;0,235108027;0,726666667;1;81;59,5;0;1000181;306,3012;76,75;0;-20;-15;-10;-5
RED;31:35,0;04:58,0;8,86;10;33,38316667;0,265403222;0,886;1;91;54,5;0;1000181;339,6843667;85,61;0;-20;-15;-10;-5
RED;06:56,9;26:01,4;4,15;4;19,07513333;0,217560734;1,0375;1;95;52,5;0;1000181;358,7595;89,76;0;-20;-15;-10;-5
RED;32:26,8;51:23,7;4,15;6;18,9489;0,219010074;0,691666667;1;101;49,5;0;1000181;377,7084;93,91;0;-20;-15;-10;-5
RED;58:16,8;13:46,6;3,5;4;15,49683333;0,225852594;0,875;1;105;47,5;0;1000181;393,2052333;97,41;0;-20;-15;-10;-5
RED;23:13,0;43:34,0;4,59;8;20,34976667;0,225555412;0,57375;1;113;43,5;0;1000181;413,555;102;0;-20;-15;-10;-5
RED;23:30,4;36:02,7;2,84;5;12,538;0,226511405;0,568;1;118;41;0;1000181;426,093;104,84;0;-20;-15;-10;-5
RED;10:00,1;26:08,9;4,86;9;16,14568333;0,301009248;0,54;1;127;36,5;0;1000181;442,2386833;109,7;0;-20;-15;-10;-5
RED;34:09,1;45:53,6;2,62;4;11,74188333;0,223132859;0,655;1;131;34,5;0;1000181;453,9805667;112,32;0;-20;-15;-10;-5
RED;51:05,4;18:25,1;6,12;9;27,32826667;0,223943951;0,68;1;140;30;0;1000181;481,3088333;118,44;0;-20;-15;-10;-5
RED;55:18,1;27:36,4;8,6;165;1472,304383;0,005841183;0,052121212;1;165;17,5;0;1000181;1953,613217;127,04;1413,613217;1393,613217;1398,613217;1403,613217;1408,613217
RED;49:54,1;55:18,7;1,31;1;5,410183333;0,242135972;1,31;1;1;99,5;1;1000182;5,410183333;1,31;0;-20;-15;-10;-5
RED;48:18,1;17:37,5;6,55;10;29,3238;0,223368049;0,655;1;11;94,5;0;1000182;34,73398333;7,86;0;-20;-15;-10;-5
RED;18:29,8;28:18,3;2,18;2;9,806833333;0,222293979;1,09;1;13;93,5;0;1000182;44,54081667;10,04;0;-20;-15;-10;-5
RED;14:51,0;23:15,3;1,97;2;8,405416667;0,234372676;0,985;1;51;74,5;0;1000182;52,94623333;12,01;0;-20;-15;-10;-5
RED;29:50,6;44:50,7;3,5;5;15,00028333;0,233328926;0,7;1;56;72;0;1000182;67,94651667;15,51;0;-20;-15;-10;-5
RED;16:31,5;33:53,3;3,93;7;17,3634;0,22633816;0,561428571;1;63;68,5;0;1000182;85,30991667;19,44;0;-20;-15;-10;-5
RED;34:35,0;45:38,2;2,62;6;11,05438333;0,237010055;0,436666667;1;69;65,5;0;1000182;96,3643;22,06;0;-20;-15;-10;-5
RED;20:10,9;31:34,1;2,62;2;11,38748333;0,230077175;1,31;1;71;64,5;0;1000182;107,7517833;24,68;0;-20;-15;-10;-5
RED;58:23,4;08:51,6;2,4;3;10,47008333;0,229224537;0,8;1;74;63;0;1000182;118,2218667;27,08;0;-20;-15;-10;-5
RED;17:04,1;39:34,3;5,03;7;22,50215;0,223534196;0,718571429;1;81;59,5;0;1000182;140,7240167;32,11;0;-20;-15;-10;-5
RED;42:33,1;33:58,0;11,36;19;51,4148;0,220948054;0,597894737;1;100;50;0;1000182;192,1388167;43,47;0;-20;-15;-10;-5
RED;27:39,3;56:20,0;6,34;7;28,67916667;0,221066395;0,905714286;1;107;46,5;0;1000182;220,8179833;49,81;0;-20;-15;-10;-5
RED;56:55,6;07:22,3;2,4;3;10,4448;0,229779412;0,8;1;110;45;0;1000182;231,2627833;52,21;0;-20;-15;-10;-5
RED;08:52,2;35:05,4;7,71;7;26,22011667;0,294049035;1,101428571;1;117;41,5;0;1000182;257,4829;59,92;0;-20;-15;-10;-5
RED;55:56,6;11:42,9;4,17;6;15,77168333;0,264397903;0,695;1;123;38,5;0;1000182;273,2545833;64,09;0;-20;-15;-10;-5
RED;16:41,0;34:18,4;3,93;7;17,62173333;0,223020059;0,561428571;1;130;35;0;1000182;290,8763167;68,02;0;-20;-15;-10;-5
RED;36:25,3;42:46,2;1,53;2;6,348266667;0,24101067;0,765;1;132;34;0;1000182;297,2245833;69,55;0;-20;-15;-10;-5
RED;55:29,7;05:23,9;2,61;2;9,904183333;0,263525009;1,305;1;134;33;0;1000182;307,1287667;72,16;0;-20;-15;-10;-5
RED;17:31,5;51:42,0;7,65;4;34,17578333;0,223842711;1,9125;1;138;31;0;1000182;341,30455;79,81;0;-20;-15;-10;-5
RED;58:33,4;18:54,5;4,59;4;20,35161667;0,225534908;1,1475;1;142;29;0;1000182;361,6561667;84,4;0;-20;-15;-10;-5
RED;41:45,4;55:37,5;3,06;2;13,86868333;0,220640989;1,53;1;144;28;0;1000182;375,52485;87,46;0;-20;-15;-10;-5
RED;48:55,6;16:38,8;6,12;7;27,71866667;0,220789841;0,874285714;1;151;24,5;0;1000182;403,2435167;93,58;0;-20;-15;-10;-5
RED;59:03,1;12:25,3;4;5;13,36975;0,299182857;0,8;1;156;22;0;1000182;416,6132667;97,58;0;-20;-15;-10;-5
RED;45:58,8;04:32,6;4,95;9;18,56281667;0,266662118;0,55;1;9;95,5;1;1000183;18,56281667;4,95;0;-20;-15;-10;-5
RED;54:29,6;12:36,2;4,95;6;18,10853333;0,27335179;0,825;1;15;92,5;0;1000183;36,67135;9,9;0;-20;-15;-10;-5
RED;31:31,5;04:41,8;7,21;12;33,17131667;0,217356461;0,600833333;1;27;86,5;0;1000183;69,84266667;17,11;0;-20;-15;-10;-5
RED;53:13,6;27:56,1;7,65;13;34,70836667;0,220407952;0,588461538;1;40;80;0;1000183;104,5510333;24,76;0;-20;-15;-10;-5
RED;52:21,5;28:43,0;10,57;8;36,35911667;0,290711133;1,32125;1;48;76;0;1000183;140,91015;35,33;0;-20;-15;-10;-5
RED;33:02,5;49:16,4;3,71;6;16,23136667;0,228569786;0,618333333;1;54;73;0;1000183;157,1415167;39,04;0;-20;-15;-10;-5
RED;49:42,7;28:20,8;21,63;19;98,63568333;0,219291835;1,138421053;1;73;63,5;0;1000183;255,7772;60,67;0;-20;-15;-10;-5
RED;54:45,9;04:37,5;2,18;3;9,860083333;0,221093466;0,726666667;1;76;62;0;1000183;265,6372833;62,85;0;-20;-15;-10;-5
RED;15:41,6;31:45,1;4,57;7;16,05783333;0,284596303;0,652857143;1;83;58,5;0;1000183;281,6951167;67,42;0;-20;-15;-10;-5
RED;45:20,5;01:08,9;3,5;8;15,8071;0,221419489;0,4375;1;91;54,5;0;1000183;297,5022167;70,92;0;-20;-15;-10;-5
RED;10:04,2;20:04,7;2,4;4;10,008;0,239808153;0,6;1;95;52,5;0;1000183;307,5102167;73,32;0;-20;-15;-10;-5
RED;21:48,6;38:03,7;4,86;4;16,25268333;0,299027545;1,215;1;99;50,5;0;1000183;323,7629;78,18;0;-20;-15;-10;-5
RED;06:51,5;21:01,5;3,91;9;14,16718333;0,275989934;0,434444444;1;108;46;0;1000183;337,9300833;82,09;0;-20;-15;-10;-5
RED;47:28,2;07:28,3;5,21;7;20,0023;0,260470046;0,744285714;1;115;42,5;0;1000183;357,9323833;87,3;0;-20;-15;-10;-5
RED;13:03,6;20:55,4;2,08;2;7,863433333;0,2645155;1,04;1;117;41,5;0;1000183;365,7958167;89,38;0;-20;-15;-10;-5
RED;37:26,7;04:32,7;7,29;8;27,09935;0,269010142;0,91125;1;125;37,5;0;1000183;392,8951667;96,67;0;-20;-15;-10;-5
RED;07:04,9;34:22,2;7,29;7;27,28886667;0,267141911;1,041428571;1;132;34;0;1000183;420,1840333;103,96;0;-20;-15;-10;-5
RED;44:18,4;55:52,4;3,13;3;11,567;0,270597389;1,043333333;1;135;32,5;0;1000183;431,7510333;107,09;0;-20;-15;-10;-5
RED;31:26,1;03:21,1;8,34;19;31,91525;0,261317082;0,438947368;1;154;23;0;1000183;463,6662833;115,43;0;-20;-15;-10;-5
RED;28:31,4;52:09,6;5,24;5;23,63665;0,221689622;1,048;1;159;20,5;0;1000183;487,3029333;120,67;0;-20;-15;-10;-5
RED;14:40,3;40:57,2;5,9;5;26,28251667;0,22448383;1,18;1;5;97,5;1;1000184;26,28251667;5,9;0;-20;-15;-10;-5
RED;47:51,0;00:45,3;2,84;4;12,90515;0,220067182;0,71;1;9;95,5;0;1000184;39,18766667;8,74;0;-20;-15;-10;-5
RED;27:49,5;38:09,6;2,87;3;10,33481667;0,277702072;0,956666667;1;12;94;0;1000184;49,52248333;11,61;0;-20;-15;-10;-5
RED;04:53,8;32:04,4;6,12;12;27,17703333;0,225190142;0,51;1;24;88;0;1000184;76,69951667;17,73;0;-20;-15;-10;-5
RED;36:24,4;13:01,6;8,08;23;36,62065;0,22064054;0,351304348;1;47;76,5;0;1000184;113,3201667;25,81;0;-20;-15;-10;-5
RED;14:02,1;22:17,1;1,97;3;8,250033333;0,238786914;0,656666667;1;50;75;0;1000184;121,5702;27,78;0;-20;-15;-10;-5
RED;37:30,0;52:44,3;3,5;4;15,23788333;0,229690694;0,875;1;54;73;0;1000184;136,8080833;31,28;0;-20;-15;-10;-5
RED;32:10,7;43:10,5;3,13;3;10,99671667;0,284630412;1,043333333;1;57;71,5;0;1000184;147,8048;34,41;0;-20;-15;-10;-5
RED;45:44,5;00:14,8;3,28;4;14,50493333;0,22612996;0,82;1;61;69,5;0;1000184;162,3097333;37,69;0;-20;-15;-10;-5
RED;06:06,6;33:35,2;6,12;11;27,47525;0,222745926;0,556363636;1;72;64;0;1000184;189,7849833;43,81;0;-20;-15;-10;-5
RED;34:48,0;50:29,0;3,5;1;15,68288333;0,223173247;3,5;1;73;63,5;0;1000184;205,4678667;47,31;0;-20;-15;-10;-5
RED;53:44,2;10:59,7;3,93;5;17,25713333;0,227731914;0,786;1;78;61;0;1000184;222,725;51,24;0;-20;-15;-10;-5
RED;14:20,7;32:56,4;4,95;5;18,59575;0,266189855;0,99;1;83;58,5;0;1000184;241,32075;56,19;0;-20;-15;-10;-5
RED;56:01,3;02:53,0;1,53;2;6,861683333;0,222977355;0,765;1;85;57,5;0;1000184;248,1824333;57,72;0;-20;-15;-10;-5
RED;06:22,2;13:17,9;1,53;1;6,928383333;0,220830737;1,53;1;86;57;0;1000184;255,1108167;59,25;0;-20;-15;-10;-5
RED;14:38,1;21:43,9;1,75;3;7,0968;0,246590012;0,583333333;1;89;55,5;0;1000184;262,2076167;61;0;-20;-15;-10;-5
RED;23:53,9;40:18,9;3,71;2;16,41778333;0,225974477;1,855;1;91;54,5;0;1000184;278,6254;64,71;0;-20;-15;-10;-5
RED;08:09,2;29:46,6;4,81;5;21,62333333;0,22244489;0,962;1;96;52;0;1000184;300,2487333;69,52;0;-20;-15;-10;-5
RED;30:52,8;08:11,3;10,86;9;37,30841667;0,291087132;1,206666667;1;105;47,5;0;1000184;337,55715;80,38;0;-20;-15;-10;-5
RED;21:27,7;45:34,5;5,46;7;24,11285;0,226435282;0,78;1;112;44;0;1000184;361,67;85,84;0;-20;-15;-10;-5
RED;02:05,7;17:48,3;4,17;3;15,71135;0,26541322;1,39;1;115;42,5;0;1000184;377,38135;90,01;0;-20;-15;-10;-5
RED;18:24,7;38:39,1;4,37;5;20,23928333;0,215916736;0,874;1;120;40;0;1000184;397,6206333;94,38;0;-20;-15;-10;-5
RED;48:57,0;03:32,3;3,28;6;14,58873333;0,224831034;0,546666667;1;126;37;0;1000184;412,2093667;97,66;0;-20;-15;-10;-5
RED;07:42,8;23:58,4;4,43;4;16,25893333;0,272465598;1,1075;1;130;35;0;1000184;428,4683;102,09;0;-20;-15;-10;-5
RED;26:51,8;38:22,6;2,62;3;11,51305;0,227567847;0,873333333;1;133;33,5;0;1000184;439,98135;104,71;0;-20;-15;-10;-5
RED;57:15,1;24:34,0;6,12;11;27,3149;0,224053539;0,556363636;1;144;28;0;1000184;467,29625;110,83;0;-20;-15;-10;-5
RED;45:52,6;00:29,9;3,91;6;14,621;0,267423569;0,651666667;1;150;25;0;1000184;481,91725;114,74;0;-20;-15;-10;-5
RED;05:03,9;37:05,4;8,6;7;32,02351667;0,268552642;1,228571429;1;157;21,5;0;1000184;513,9407667;123,34;0;-20;-15;-10;-5
RED;37:32,3;49:57,6;2,84;4;12,42083333;0,228648105;0,71;1;4;98;1;1000185;12,42083333;2,84;0;-20;-15;-10;-5
RED;13:34,7;25:29,6;3,13;4;11,91481667;0,262698125;0,7825;1;8;96;0;1000185;24,33565;5,97;0;-20;-15;-10;-5
RED;36:41,2;49:29,4;2,84;6;12,80445;0,221797891;0,473333333;1;14;93;0;1000185;37,1401;8,81;0;-20;-15;-10;-5
RED;51:53,1;05:03,6;3,65;6;13,17575;0,277024078;0,608333333;1;20;90;0;1000185;50,31585;12,46;0;-20;-15;-10;-5
RED;16:55,2;23:29,1;1,53;2;6,5647;0,233064725;0,765;1;22;89;0;1000185;56,88055;13,99;0;-20;-15;-10;-5
RED;55:39,4;06:49,9;2,62;3;11,17421667;0,234468337;0,873333333;1;25;87,5;0;1000185;68,05476667;16,61;0;-20;-15;-10;-5
RED;27:17,7;58:33,4;6,77;14;31,26133333;0,21656146;0,483571429;1;39;80,5;0;1000185;99,3161;23,38;0;-20;-15;-10;-5
RED;30:39,3;15:52,0;10,05;4;45,21166667;0,222287758;2,5125;1;43;78,5;0;1000185;144,5277667;33,43;0;-20;-15;-10;-5
RED;49:06,0;12:37,7;5,24;14;23,5271;0,222721882;0,374285714;1;57;71,5;0;1000185;168,0548667;38,67;0;-20;-15;-10;-5
RED;30:01,8;46:38,4;3,71;7;16,60908333;0,223371749;0,53;1;64;68;0;1000185;184,66395;42,38;0;-20;-15;-10;-5
RED;04:14,1;25:56,1;4,81;4;21,70115;0,22164724;1,2025;1;68;66;0;1000185;206,3651;47,19;0;-20;-15;-10;-5
RED;29:31,4;37:15,0;1,75;3;7,726283333;0,226499589;0,583333333;1;71;64,5;0;1000185;214,0913833;48,94;0;-20;-15;-10;-5
RED;43:39,1;07:31,4;6,86;13;23,87186667;0,287367557;0,527692308;1;84;58;0;1000185;237,96325;55,8;0;-20;-15;-10;-5
RED;28:03,6;44:11,6;3,71;5;16,13395;0,229949888;0,742;1;89;55,5;0;1000185;254,0972;59,51;0;-20;-15;-10;-5
RED;31:54,4;42:50,3;2,4;3;10,9316;0,219547001;0,8;1;118;41;0;1000185;265,0288;61,91;0;-20;-15;-10;-5
RED;43:04,6;23:46,5;8,96;19;40,69793333;0,220158599;0,471578947;1;137;31,5;0;1000185;305,7267333;70,87;0;-20;-15;-10;-5
RED;29:04,9;39:19,5;2,4;4;10,24413333;0,234280434;0,6;1;4;98;1;1000186;10,24413333;2,4;0;-20;-15;-10;-5
RED;41:20,1;10:34,1;6,55;10;29,23298333;0,224061976;0,655;1;14;93;0;1000186;39,47711667;8,95;0;-20;-15;-10;-5
RED;20:44,6;31:35,3;2,4;4;10,84356667;0,22132939;0,6;1;18;91;0;1000186;50,32068333;11,35;0;-20;-15;-10;-5
RED;34:48,0;44:06,3;2,18;5;9,305516667;0,234269636;0,436;1;23;88,5;0;1000186;59,6262;13,53;0;-20;-15;-10;-5
RED;47:42,8;04:09,7;3,71;7;16,44783333;0,225561624;0,53;1;30;85;0;1000186;76,07403333;17,24;0;-20;-15;-10;-5
RED;31:52,3;39:48,8;2,08;2;7,940266667;0,261955938;1,04;1;32;84;0;1000186;84,0143;19,32;0;-20;-15;-10;-5
RED;03:32,7;16:50,2;3,06;6;13,29073333;0,230235603;0,51;1;38;81;0;1000186;97,30503333;22,38;0;-20;-15;-10;-5
RED;59:40,0;09:00,3;2,18;2;9,338316667;0,233446785;1,09;1;40;80;0;1000186;106,64335;24,56;0;-20;-15;-10;-5
RED;12:39,2;21:02,5;1,97;4;8,38875;0,234838325;0,4925;1;44;78;0;1000186;115,0321;26,53;0;-20;-15;-10;-5
RED;36:55,3;39:40,7;0,66;0;2,757483333;0,239348681;inf;1;44;78;0;1000186;117,7895833;27,19;0;-20;-15;-10;-5
RED;39:47,5;55:13,0;3,28;7;15,42611667;0,212626423;0,468571429;1;51;74,5;0;1000186;133,2157;30,47;0;-20;-15;-10;-5
RED;03:24,3;23:07,5;4,59;7;19,71941667;0,232765506;0,655714286;1;58;71;0;1000186;152,9351167;35,06;0;-20;-15;-10;-5
RED;34:23,6;49:15,8;3,91;5;14,8699;0,262947296;0,782;1;63;68,5;0;1000186;167,8050167;38,97;0;-20;-15;-10;-5
RED;49:39,4;10:35,8;5,47;6;20,93878333;0,261237719;0,911666667;1;69;65,5;0;1000186;188,7438;44,44;0;-20;-15;-10;-5
RED;15:39,5;40:22,4;7,14;9;24,71393333;0,288905853;0,793333333;1;78;61;0;1000186;213,4577333;51,58;0;-20;-15;-10;-5
RED;01:38,6;11:39,3;2,18;4;10,01193333;0,217740163;0,545;1;82;59;0;1000186;223,4696667;53,76;0;-20;-15;-10;-5
RED;15:56,3;42:40,6;7,03;7;26,7382;0,262919718;1,004285714;1;89;55,5;0;1000186;250,2078667;60,79;0;-20;-15;-10;-5
RED;45:56,6;11:18,9;5,68;7;25,37121667;0,223875744;0,811428571;1;96;52;0;1000186;275,5790833;66,47;0;-20;-15;-10;-5
RED;58:50,6;28:38,2;6,55;6;29,7922;0,219856204;1,091666667;1;102;49;0;1000186;305,3712833;73,02;0;-20;-15;-10;-5
RED;33:21,4;45:30,2;3,39;3;12,1462;0,279099636;1,13;1;105;47,5;0;1000186;317,5174833;76,41;0;-20;-15;-10;-5
RED;50:00,2;02:42,3;3,06;4;12,70256667;0,240896197;0,765;1;109;45,5;0;1000186;330,22005;79,47;0;-20;-15;-10;-5
RED;05:07,3;12:58,9;1,97;3;7,860616667;0,25061647;0,656666667;1;112;44;0;1000186;338,0806667;81,44;0;-20;-15;-10;-5
RED;26:49,6;03:38,3;8,3;11;36,81163333;0,225472201;0,754545455;1;123;38,5;0;1000186;374,8923;89,74;0;-20;-15;-10;-5
RED;12:24,4;17:25,3;1,56;0;5,014766667;0,311081273;inf;1;123;38,5;0;1000186;379,9070667;91,3;0;-20;-15;-10;-5
RED;53:57,4;05:56,5;3,71;4;11,98568333;0,30953596;0,9275;1;127;36,5;0;1000186;391,89275;95,01;0;-20;-15;-10;-5
RED;08:02,8;23:00,2;3,5;2;14,95746667;0,233996844;1,75;1;129;35,5;0;1000186;406,8502167;98,51;0;-20;-15;-10;-5
RED;42:05,6;03:13,6;6,29;5;21,13355;0,297631018;1,258;1;134;33;0;1000186;427,9837667;104,8;0;-20;-15;-10;-5
RED;03:21,2;11:18,1;1,75;2;7,948066667;0,220179331;0,875;1;136;32;0;1000186;435,9318333;106,55;0;-20;-15;-10;-5
RED;13:28,7;25:47,7;2,84;3;12,3163;0,230588732;0,946666667;1;139;30,5;0;1000186;448,2481333;109,39;0;-20;-15;-10;-5
RED;46:52,3;06:49,4;6;4;19,9518;0,300724747;1,5;1;143;28,5;0;1000186;468,1999333;115,39;0;-20;-15;-10;-5
RED;07:42,4;11:59,7;1,09;1;4,288266667;0,254181954;1,09;1;144;28;0;1000186;472,4882;116,48;0;-20;-15;-10;-5
RED;25:35,1;36:43,5;2,62;4;11,13895;0,23521068;0,655;1;148;26;0;1000186;483,62715;119,1;0;-20;-15;-10;-5
RED;39:52,9;02:21,0;5,03;7;22,46758333;0,223878106;0,718571429;1;155;22,5;0;1000186;506,0947333;124,13;0;-20;-15;-10;-5
RED;36:44,7;58:12,1;4,81;9;21,45696667;0,224169617;0,534444444;1;9;95,5;1;1000187;21,45696667;4,81;0;-20;-15;-10;-5
RED;26:40,7;35:58,0;2,18;2;9,289533333;0,234672714;1,09;1;11;94,5;0;1000187;30,7465;6,99;0;-20;-15;-10;-5
RED;36:00,1;48:20,5;2,84;6;12,34058333;0,230134988;0,473333333;1;17;91,5;0;1000187;43,08708333;9,83;0;-20;-15;-10;-5
RED;41:14,9;58:04,6;3,71;8;16,82808333;0,220464798;0,46375;1;25;87,5;0;1000187;59,91516667;13,54;0;-20;-15;-10;-5
RED;07:43,1;20:47,9;2,84;4;13,07868333;0,217147241;0,71;1;29;85,5;0;1000187;72,99385;16,38;0;-20;-15;-10;-5
RED;47:47,0;00:22,8;15,95;16;72,59731667;0,21970509;0,996875;1;45;77,5;0;1000187;145,5911667;32,33;0;-20;-15;-10;-5
RED;06:34,4;37:12,2;6,77;10;30,63036667;0,221022493;0,677;1;55;72,5;0;1000187;176,2215333;39,1;0;-20;-15;-10;-5
RED;30:10,1;46:47,6;3,71;4;16,62566667;0,223148946;0,9275;1;70;65;0;1000187;192,8472;42,81;0;-20;-15;-10;-5
RED;46:58,6;20:34,6;20,54;10;93,59976667;0,219444991;2,054;1;80;60;0;1000187;286,4469667;63,35;0;-20;-15;-10;-5
RED;30:56,2;10:57,3;10,68;10;40,0194;0,266870568;1,068;1;90;55;0;1000187;326,4663667;74,03;0;-20;-15;-10;-5
RED;16:57,2;55:06,7;7,65;7;38,15806667;0,200481855;1,092857143;1;97;51,5;0;1000187;364,6244333;81,68;0;-20;-15;-10;-5
RED;58:05,5;12:53,9;3,5;5;14,80621667;0,236387193;0,7;1;102;49;0;1000187;379,43065;85,18;0;-20;-15;-10;-5
RED;27:39,8;45:10,7;3,93;7;17,5151;0,224377823;0,561428571;1;109;45,5;0;1000187;396,94575;89,11;0;-20;-15;-10;-5
RED;51:21,1;14:45,9;6,86;7;23,41301667;0,292999407;0,98;1;116;42;0;1000187;420,3587667;95,97;0;-20;-15;-10;-5
RED;22:22,4;33:27,4;2,62;5;11,08266667;0,236405197;0,524;1;121;39,5;0;1000187;431,4414333;98,59;0;-20;-15;-10;-5
RED;34:35,3;46:53,2;2,84;4;12,29796667;0,230932485;0,71;1;125;37,5;0;1000187;443,7394;101,43;0;-20;-15;-10;-5
RED;48:20,1;58:20,0;2,4;4;9,99855;0,240034805;0,6;1;129;35,5;0;1000187;453,73795;103,83;0;-20;-15;-10;-5
RED;15:14,3;40:55,8;6,77;10;25,69096667;0,263516748;0,677;1;139;30,5;0;1000187;479,4289167;110,6;0;-20;-15;-10;-5
RED;43:32,0;49:11,4;1,31;3;5,656633333;0,231586515;0,436666667;1;142;29;0;1000187;485,08555;111,91;0;-20;-15;-10;-5
RED;52:39,4;17:05,4;5,46;19;24,43323333;0,223466126;0,287368421;1;19;90,5;1;1000188;24,43323333;5,46;0;-20;-15;-10;-5
RED;31:36,9;48:49,9;3,71;5;17,21555;0,215502845;0,742;1;24;88;0;1000188;41,64878333;9,17;0;-20;-15;-10;-5
RED;13:26,4;21:23,0;1,75;3;7,9435;0,22030591;0,583333333;1;27;86,5;0;1000188;49,59228333;10,92;0;-20;-15;-10;-5
RED;58:26,1;07:20,1;2,18;2;8,90025;0,24493694;1,09;1;29;85,5;0;1000188;58,49253333;13,1;0;-20;-15;-10;-5
RED;47:47,0;55:04,4;2,29;2;7,288483333;0,314194311;1,145;1;31;84,5;0;1000188;65,78101667;15,39;0;-20;-15;-10;-5
RED;12:40,8;43:56,9;8,34;11;31,26825;0,266724233;0,758181818;1;42;79;0;1000188;97,04926667;23,73;0;-20;-15;-10;-5
RED;11:52,4;22:39,5;2,4;3;10,78436667;0,222544362;0,8;1;45;77,5;0;1000188;107,8336333;26,13;0;-20;-15;-10;-5
RED;23:30,5;48:24,9;5,68;5;24,90566667;0,228060548;1,136;1;50;75;0;1000188;132,7393;31,81;0;-20;-15;-10;-5
RED;05:24,4;58:59,6;11,8;7;53,58551667;0,220208757;1,685714286;1;57;71,5;0;1000188;186,3248167;43,61;0;-20;-15;-10;-5
RED;13:16,2;19:07,8;1,53;37;125,85945;0,012156417;0,041351351;1;94;53;0;1000188;312,1842667;45,14;0;-20;-15;-10;-5
RED;28:26,4;44:45,8;3,71;4;16,323;0,227286651;0,9275;1;98;51;0;1000188;328,5072667;48,85;0;-20;-15;-10;-5
RED;46:33,5;48:58,4;0,66;1;2,41595;0,273184462;0,66;1;99;50,5;0;1000188;330,9232167;49,51;0;-20;-15;-10;-5
RED;51:11,7;01:56,1;2,4;3;10,74101667;0,223442536;0,8;1;102;49;0;1000188;341,6642333;51,91;0;-20;-15;-10;-5
RED;42:12,9;26:03,4;11,46;9;43,84251667;0,261390104;1,273333333;1;111;44,5;0;1000188;385,50675;63,37;0;-20;-15;-10;-5
RED;30:39,4;55:31,3;6,51;7;24,865;0,261813794;0,93;1;118;41;0;1000188;410,37175;69,88;0;-20;-15;-10;-5
RED;06:26,3;21:34,3;3,5;7;15,13385;0,231269637;0,5;1;125;37,5;0;1000188;425,5056;73,38;0;-20;-15;-10;-5
RED;24:40,2;40:49,0;3,71;4;16,14671667;0,229768075;0,9275;1;129;35,5;0;1000188;441,6523167;77,09;0;-20;-15;-10;-5
RED;43:10,2;07:33,4;7,14;9;24,38785;0,292768735;0,793333333;1;138;31;0;1000188;466,0401667;84,23;0;-20;-15;-10;-5
RED;25:37,2;54:05,7;7,55;11;28,47378333;0,265156193;0,686363636;1;149;25,5;0;1000188;494,51395;91,78;0;-20;-15;-10;-5
RED;18:46,8;44:45,6;7,43;7;25,98025;0,28598647;1,061428571;1;156;22;0;1000188;520,4942;99,21;0;-20;-15;-10;-5
RED;58:10,4;07:32,1;2,18;3;9,361;0,232881102;0,726666667;1;159;20,5;0;1000188;529,8552;101,39;0;-20;-15;-10;-5
RED;37:31,7;38:52,4;0,44;0;1,3458;0,326943082;inf;1;159;20,5;0;1000188;531,201;101,83;0;-20;-15;-10;-5
RED;05:54,6;10:57,9;1,71;2;5,0547;0,338299009;0,855;1;2;99;1;1000189;5,0547;1,71;0;-20;-15;-10;-5
RED;11:44,8;04:48,3;14,07;6;53,05945;0,265174253;2,345;1;8;96;0;1000189;58,11415;15,78;0;-20;-15;-10;-5
RED;10:55,0;39:35,3;25,43;15;88,67065;0,286791627;1,695333333;1;23;88,5;0;1000189;146,7848;41,21;0;-20;-15;-10;-5
RED;40:45,3;37:55,5;12,67;9;57,16981667;0,221620441;1,407777778;1;32;84;0;1000189;203,9546167;53,88;0;-20;-15;-10;-5
RED;42:24,3;08:00,7;6,77;6;25,60705;0,264380317;1,128333333;1;38;81;0;1000189;229,5616667;60,65;0;-20;-15;-10;-5
RED;16:42,9;47:38,7;8,86;21;30,92878333;0,28646455;0,421904762;1;59;70,5;0;1000189;260,49045;69,51;0;-20;-15;-10;-5
RED;51:15,7;07:03,3;3,5;5;15,79405;0,221602439;0,7;1;64;68;0;1000189;276,2845;73,01;0;-20;-15;-10;-5
RED;08:17,0;15:46,3;2,29;20;127,48945;0,017962271;0,1145;1;84;58;0;1000189;403,77395;75,3;0;-20;-15;-10;-5
RED;12:02,5;47:49,9;9,38;11;35,78856667;0,262094878;0,852727273;1;95;52,5;0;1000189;439,5625167;84,68;0;-20;-15;-10;-5
RED;01:19,2;17:37,5;3,5;7;16,30511667;0,214656544;0,5;1;102;49;0;1000189;455,8676333;88,18;0;-20;-15;-10;-5
RED;27:49,4;44:50,1;3,71;9;17,0127;0,218072381;0,412222222;1;111;44,5;0;1000189;472,8803333;91,89;0;-20;-15;-10;-5
RED;45:33,3;21:10,6;7,87;14;35,6212;0,220935847;0,562142857;1;125;37,5;0;1000189;508,5015333;99,76;0;-20;-15;-10;-5
RED;34:54,1;10:07,8;7,87;20;35,22783333;0,223402896;0,3935;1;145;27,5;0;1000189;543,7293667;107,63;3,729366667;-16,27063333;-11,27063333;-6,270633333;-1,270633333
RED;20:39,9;36:09,1;3,5;7;15,48695;0,225996726;0,5;1;152;24;0;1000189;559,2163167;111,13;19,21631667;-0,783683333;4,216316667;9,216316667;14,21631667
RED;07:35,7;18:15,5;2,4;5;10,6623;0,225092147;0,48;1;157;21,5;0;1000189;569,8786167;113,53;29,87861667;9,878616667;14,87861667;19,87861667;24,87861667
RED;55:19,0;12:57,0;4,69;6;17,63341667;0,265972278;0,781666667;1;6;97;1;1000190;17,63341667;4,69;0;-20;-15;-10;-5
RED;17:01,7;45:13,3;6,34;6;28,1928;0,224880111;1,056666667;1;12;94;0;1000190;45,82621667;11,03;0;-20;-15;-10;-5
RED;46:39,1;05:39,4;4,37;9;19,0052;0,22993707;0,485555556;1;21;89,5;0;1000190;64,83141667;15,4;0;-20;-15;-10;-5
RED;09:45,0;18:13,1;1,97;2;8,4688;0,232618553;0,985;1;23;88,5;0;1000190;73,30021667;17,37;0;-20;-15;-10;-5
RED;01:22,4;17:58,1;3,71;7;16,59386667;0,223576583;0,53;1;30;85;0;1000190;89,89408333;21,08;0;-20;-15;-10;-5
RED;21:10,8;37:11,2;3,71;9;16,00736667;0,23176829;0,412222222;1;39;80,5;0;1000190;105,90145;24,79;0;-20;-15;-10;-5
RED;37:59,5;51:17,6;3,65;1;13,30061667;0,274423366;3,65;1;40;80;0;1000190;119,2020667;28,44;0;-20;-15;-10;-5
RED;25:13,4;33:33,6;1,97;2;8,337366667;0,236285638;0,985;1;42;79;0;1000190;127,5394333;30,41;0;-20;-15;-10;-5
RED;55:29,6;13:30,0;3,93;4;18,00795;0,218236945;0,9825;1;46;77;0;1000190;145,5473833;34,34;0;-20;-15;-10;-5
RED;27:32,3;11:45,1;9,83;9;44,2133;0,222331289;1,092222222;1;55;72,5;0;1000190;189,7606833;44,17;0;-20;-15;-10;-5
RED;24:19,9;46:18,6;5,03;9;21,9788;0,228856898;0,558888889;1;64;68;0;1000190;211,7394833;49,2;0;-20;-15;-10;-5
RED;52:49,3;59:07,4;1,82;2;6,302066667;0,288794152;0,91;1;66;67;0;1000190;218,04155;51,02;0;-20;-15;-10;-5
RED;25:54,8;38:32,2;3,39;2;12,62355;0,268545694;1,695;1;68;66;0;1000190;230,6651;54,41;0;-20;-15;-10;-5
RED;50:56,6;01:37,2;3,13;4;10,67638333;0,29317044;0,7825;1;72;64;0;1000190;241,3414833;57,54;0;-20;-15;-10;-5
RED;11:01,4;32:40,3;6,29;9;21,64816667;0,290555782;0,698888889;1;81;59,5;0;1000190;262,98965;63,83;0;-20;-15;-10;-5
RED;36:05,4;51:00,8;3,28;5;14,92376667;0,219783656;0,656;1;86;57;0;1000190;277,9134167;67,11;0;-20;-15;-10;-5
RED;54:50,4;07:29,6;2,84;1;12,6534;0,224445604;2,84;1;87;56,5;0;1000190;290,5668167;69,95;0;-20;-15;-10;-5
RED;32:48,7;59:39,3;5,9;10;26,84305;0,219796186;0,59;1;97;51,5;0;1000190;317,4098667;75,85;0;-20;-15;-10;-5
RED;22:11,8;39:31,8;3,93;8;17,33348333;0,226728807;0,49125;1;105;47,5;0;1000190;334,74335;79,78;0;-20;-15;-10;-5
RED;52:07,9;14:50,3;5,03;4;22,70653333;0,221522146;1,2575;1;109;45,5;0;1000190;357,4498833;84,81;0;-20;-15;-10;-5
RED;26:13,7;34:28,3;1,75;3;8,243533333;0,212287611;0,583333333;1;112;44;0;1000190;365,6934167;86,56;0;-20;-15;-10;-5
RED;20:15,1;44:52,8;5,46;7;24,62718333;0,221706231;0,78;1;119;40,5;0;1000190;390,3206;92,02;0;-20;-15;-10;-5
RED;45:07,3;58:49,2;3,06;5;13,69698333;0,223406857;0,612;1;124;38;0;1000190;404,0175833;95,08;0;-20;-15;-10;-5
RED;41:51,0;03:25,6;4,81;8;21,5779;0,222913258;0,60125;1;132;34;0;1000190;425,5954833;99,89;0;-20;-15;-10;-5
RED;23:22,1;40:38,9;4,69;6;17,28036667;0,271406278;0,781666667;1;138;31;0;1000190;442,87585;104,58;0;-20;-15;-10;-5
RED;41:17,6;46:10,4;1,71;2;4,88095;0,350341634;0,855;1;140;30;0;1000190;447,7568;106,29;0;-20;-15;-10;-5
RED;49:41,2;23:05,0;7,43;11;33,39688333;0,22247585;0,675454545;1;151;24,5;0;1000190;481,1536833;113,72;0;-20;-15;-10;-5
RED;26:24,7;54:01,6;7,29;10;27,61553333;0,263981865;0,729;1;10;95;1;1000191;27,61553333;7,29;0;-20;-15;-10;-5
RED;47:42,4;18:59,7;6,99;12;31,28886667;0,223402147;0,5825;1;22;89;0;1000191;58,9044;14,28;0;-20;-15;-10;-5
RED;22:32,7;41:50,4;4,37;14;19,29538333;0,226479046;0,312142857;1;36;82;0;1000191;78,19978333;18,65;0;-20;-15;-10;-5
RED;03:36,2;47:29,5;12,86;33;43,88836667;0,293016145;0,38969697;1;69;65,5;0;1000191;122,08815;31,51;0;-20;-15;-10;-5
RED;49:19,4;57:26,5;1,97;3;8,1186;0,242652674;0,656666667;1;72;64;0;1000191;130,20675;33,48;0;-20;-15;-10;-5
RED;17:35,3;32:25,3;3,28;7;14,83345;0,221121856;0,468571429;1;79;60,5;0;1000191;145,0402;36,76;0;-20;-15;-10;-5
RED;38:34,3;56:29,7;4,15;7;17,92296667;0,231546489;0,592857143;1;86;57;0;1000191;162,9631667;40,91;0;-20;-15;-10;-5
RED;07:40,4;33:47,7;6,77;10;26,12105;0,259177943;0,677;1;96;52;0;1000191;189,0842167;47,68;0;-20;-15;-10;-5
RED;36:52,2;08:41,7;7,21;10;31,8255;0,226547894;0,721;1;106;47;0;1000191;220,9097167;54,89;0;-20;-15;-10;-5
RED;15:15,6;44:49,2;6,55;11;29,56005;0,221582846;0,595454545;1;117;41,5;0;1000191;250,4697667;61,44;0;-20;-15;-10;-5
RED;52:05,0;10:34,5;4,15;7;18,49043333;0,224440386;0,592857143;1;124;38;0;1000191;268,9602;65,59;0;-20;-15;-10;-5
RED;24:26,2;35:26,3;3,13;2;11,00253333;0,284479938;1,565;1;126;37;0;1000191;279,9627333;68,72;0;-20;-15;-10;-5
RED;48:53,1;06:29,5;4,69;6;17,60721667;0,266368052;0,781666667;1;132;34;0;1000191;297,56995;73,41;0;-20;-15;-10;-5
RED;22:40,4;32:00,6;2,18;3;9,336533333;0,233491374;0,726666667;1;135;32,5;0;1000191;306,9064833;75,59;0;-20;-15;-10;-5
RED;34:49,2;45:33,0;2,4;4;10,7297;0,223678202;0,6;1;139;30,5;0;1000191;317,6361833;77,99;0;-20;-15;-10;-5
RED;14:29,7;17:54,9;0,87;1;3,420216667;0,25436985;0,87;1;140;30;0;1000191;321,0564;78,86;0;-20;-15;-10;-5
RED;41:26,5;03:50,5;4,81;9;22,40028333;0,214729427;0,534444444;1;149;25,5;0;1000191;343,4566833;83,67;0;-20;-15;-10;-5
RED;14:29,3;28:44,5;3,06;3;14,25306667;0,21469064;1,02;1;152;24;0;1000191;357,70975;86,73;0;-20;-15;-10;-5
RED;51:10,0;05:21,6;3,06;4;14,19193333;0,215615444;0,765;1;156;22;0;1000191;371,9016833;89,79;0;-20;-15;-10;-5
RED;15:28,2;36:29,5;4,59;4;21,02261667;0,218336284;1,1475;1;4;98;1;1000192;21,02261667;4,59;0;-20;-15;-10;-5
RED;40:54,2;54:25,1;3,06;5;13,5149;0,22641677;0,612;1;9;95,5;0;1000192;34,53751667;7,65;0;-20;-15;-10;-5
RED;14:41,3;26:47,0;2,84;7;12,09373333;0,234832365;0,405714286;1;16;92;0;1000192;46,63125;10,49;0;-20;-15;-10;-5
RED;47:54,2;17:47,5;8,57;25;29,88826667;0,286734594;0,3428;1;41;79,5;0;1000192;76,51951667;19,06;0;-20;-15;-10;-5
RED;23:23,3;46:57,1;5,24;8;23,56206667;0,222391358;0,655;1;49;75,5;0;1000192;100,0815833;24,3;0;-20;-15;-10;-5
RED;48:27,7;03:10,3;3,28;6;14,70858333;0,222999043;0,546666667;1;55;72,5;0;1000192;114,7901667;27,58;0;-20;-15;-10;-5
RED;04:44,2;21:52,2;3,93;6;17,13346667;0,229375647;0,655;1;61;69,5;0;1000192;131,9236333;31,51;0;-20;-15;-10;-5
RED;33:58,3;52:49,8;4,95;6;18,85873333;0,262477862;0,825;1;67;66,5;0;1000192;150,7823667;36,46;0;-20;-15;-10;-5
RED;28:31,0;38:18,0;2,4;3;9,782666667;0,24533188;0,8;1;70;65;0;1000192;160,5650333;38,86;0;-20;-15;-10;-5
RED;40:29,5;07:17,4;5,9;12;26,79793333;0,220166232;0,491666667;1;82;59;0;1000192;187,3629667;44,76;0;-20;-15;-10;-5
RED;26:09,9;51:20,7;5,68;5;25,18138333;0,225563462;1,136;1;87;56,5;0;1000192;212,54435;50,44;0;-20;-15;-10;-5
RED;04:11,1;19:58,1;1,31;0;15,78293333;0,083001048;inf;1;87;56,5;0;1000192;228,3272833;51,75;0;-20;-15;-10;-5
RED;23:43,1;00:26,6;8,08;14;36,72485;0,220014513;0,577142857;1;101;49,5;0;1000192;265,0521333;59,83;0;-20;-15;-10;-5
RED;04:21,7;16:26,3;2,62;4;12,07656667;0,216949078;0,655;1;105;47,5;0;1000192;277,1287;62,45;0;-20;-15;-10;-5
RED;57:52,0;12:47,9;3,5;1;14,9302;0,234424187;3,5;1;106;47;0;1000192;292,0589;65,95;0;-20;-15;-10;-5
RED;41:46,7;56:53,4;4,17;3;15,11105;0,275956998;1,39;1;109;45,5;0;1000192;307,16995;70,12;0;-20;-15;-10;-5
RED;03:27,4;40:59,5;8,3;2;37,5343;0,221131072;4,15;1;111;44,5;0;1000192;344,70425;78,42;0;-20;-15;-10;-5
RED;59:08,6;15:34,3;4,43;4;16,42745;0,269670582;1,1075;1;115;42,5;0;1000192;361,1317;82,85;0;-20;-15;-10;-5
RED;31:23,7;51:30,0;4,59;8;20,10631667;0,228286467;0,57375;1;123;38,5;0;1000192;381,2380167;87,44;0;-20;-15;-10;-5
RED;16:54,7;28:17,5;2,62;2;11,37995;0,230229483;1,31;1;125;37,5;0;1000192;392,6179667;90,06;0;-20;-15;-10;-5
RED;40:28,0;58:28,5;4,15;6;18,00951667;0,230433724;0,691666667;1;131;34,5;0;1000192;410,6274833;94,21;0;-20;-15;-10;-5
RED;58:41,4;12:26,6;3,06;5;13,75356667;0,222487743;0,612;1;136;32;0;1000192;424,38105;97,27;0;-20;-15;-10;-5
RED;48:52,1;08:49,5;4,37;8;19,95771667;0,218962924;0,54625;1;144;28;0;1000192;444,3387667;101,64;0;-20;-15;-10;-5
RED;42:48,8;01:00,8;4,15;8;18,20058333;0,22801467;0,51875;1;152;24;0;1000192;462,53935;105,79;0;-20;-15;-10;-5
RED;01:26,1;51:46,6;11,14;7;50,34138333;0,221289112;1,591428571;1;159;20,5;0;1000192;512,8807333;116,93;0;-20;-15;-10;-5
RED;10:35,8;29:54,3;5,71;7;19,30795;0,295733105;0,815714286;1;7;96,5;1;1000193;19,30795;5,71;0;-20;-15;-10;-5
RED;08:06,8;49:15,6;9,18;10;41,1468;0,223103619;0,918;1;17;91,5;0;1000193;60,45475;14,89;0;-20;-15;-10;-5
RED;49:47,7;34:57,2;10,05;17;45,15778333;0,222552997;0,591176471;1;34;83;0;1000193;105,6125333;24,94;0;-20;-15;-10;-5
RED;38:32,9;57:30,4;4,95;12;18,95893333;0,261090638;0,4125;1;46;77;0;1000193;124,5714667;29,89;0;-20;-15;-10;-5
RED;01:44,8;06:21,6;1,09;2;4,613033333;0,236287042;0,545;1;48;76;0;1000193;129,1845;30,98;0;-20;-15;-10;-5
RED;07:43,0;15:14,0;2,08;3;7,516416667;0,276727607;0,693333333;1;51;74,5;0;1000193;136,7009167;33,06;0;-20;-15;-10;-5
RED;56:05,6;03:06,4;1,53;2;7,013866667;0,218139305;0,765;1;53;73,5;0;1000193;143,7147833;34,59;0;-20;-15;-10;-5
RED;11:54,9;48:24,3;9,64;15;36,49015;0,264180882;0,642666667;1;68;66;0;1000193;180,2049333;44,23;0;-20;-15;-10;-5
RED;27:41,0;37:53,3;3,14;4;10,2043;0,307713415;0,785;1;72;64;0;1000193;190,4092333;47,37;0;-20;-15;-10;-5
RED;45:03,0;10:31,5;5,68;19;25,47411667;0,222971421;0,298947368;1;91;54,5;0;1000193;215,88335;53,05;0;-20;-15;-10;-5
RED;07:22,5;12:46,5;1,09;1;5,400833333;0,201820707;1,09;1;92;54;0;1000193;221,2841833;54,14;0;-20;-15;-10;-5
RED;15:46,2;42:01,7;5,9;26;26,25833333;0,224690574;0,226923077;1;118;41;0;1000193;247,5425167;60,04;0;-20;-15;-10;-5
RED;46:38,4;02:16,7;3,65;5;15,63815;0,233403568;0,73;1;123;38,5;0;1000193;263,1806667;63,69;0;-20;-15;-10;-5
RED;31:19,2;18:15,4;10,49;5;46,93608333;0,223495427;2,098;1;128;36;0;1000193;310,11675;74,18;0;-20;-15;-10;-5
RED;57:50,4;30:35,6;7,21;5;32,75315;0,220131499;1,442;1;133;33,5;0;1000193;342,8699;81,39;0;-20;-15;-10;-5
RED;02:56,3;20:37,9;3,93;8;17,69341667;0,222116512;0,49125;1;141;29,5;0;1000193;360,5633167;85,32;0;-20;-15;-10;-5
RED;38:02,8;55:19,6;3,71;7;17,28065;0,214690998;0,53;1;148;26;0;1000193;377,8439667;89,03;0;-20;-15;-10;-5
RED;10:28,9;17:03,9;1,53;3;6,583866667;0,232386237;0,51;1;151;24,5;0;1000193;384,4278333;90,56;0;-20;-15;-10;-5
RED;17:23,8;28:08,0;2,4;5;10,73748333;0,223516063;0,48;1;156;22;0;1000193;395,1653167;92,96;0;-20;-15;-10;-5
RED;35:01,1;50:13,3;4,17;7;15,20445;0,274261812;0,595714286;1;7;96,5;1;1000194;15,20445;4,17;0;-20;-15;-10;-5
RED;50:35,7;58:59,6;1,97;3;8,398683333;0,234560576;0,656666667;1;10;95;0;1000194;23,60313333;6,14;0;-20;-15;-10;-5
RED;10:02,2;42:50,7;7,21;25;32,80871667;0,219758672;0,2884;1;35;82,5;0;1000194;56,41185;13,35;0;-20;-15;-10;-5
RED;25:32,3;32:23,2;1,53;3;6,849233333;0,223382666;0,51;1;38;81;0;1000194;63,26108333;14,88;0;-20;-15;-10;-5
RED;10:45,3;36:59,9;5,9;16;26,24385;0,224814576;0,36875;1;54;73;0;1000194;89,50493333;20,78;0;-20;-15;-10;-5
RED;47:36,9;04:13,6;3,71;8;16,61085;0,223347992;0,46375;1;62;69;0;1000194;106,1157833;24,49;0;-20;-15;-10;-5
RED;05:36,0;27:16,8;4,81;5;21,67958333;0,221867733;0,962;1;67;66,5;0;1000194;127,7953667;29,3;0;-20;-15;-10;-5
RED;36:11,0;46:32,1;2,87;5;10,3514;0,277257183;0,574;1;72;64;0;1000194;138,1467667;32,17;0;-20;-15;-10;-5
RED;53:31,7;05:13,1;2,62;4;11,69068333;0,224110082;0,655;1;76;62;0;1000194;149,83745;34,79;0;-20;-15;-10;-5
RED;05:17,8;16:55,7;3,43;3;11,63255;0,294862261;1,143333333;1;79;60,5;0;1000194;161,47;38,22;0;-20;-15;-10;-5
RED;22:24,4;37:39,6;4,17;5;15,25245;0,2733987;0,834;1;84;58;0;1000194;176,72245;42,39;0;-20;-15;-10;-5
RED;52:10,8;06:34,6;3,28;3;14,39695;0,227826033;1,093333333;1;87;56,5;0;1000194;191,1194;45,67;0;-20;-15;-10;-5
RED;23:23,3;29:29,4;2;1;6,1015;0,327788249;2;1;88;56;0;1000194;197,2209;47,67;0;-20;-15;-10;-5
RED;01:16,9;07:45,5;1,53;3;6,47775;0,236193123;0,51;1;91;54,5;0;1000194;203,69865;49,2;0;-20;-15;-10;-5
RED;12:36,5;47:13,3;7,87;6;34,61213333;0,227376912;1,311666667;1;97;51,5;0;1000194;238,3107833;57,07;0;-20;-15;-10;-5
RED;15:37,7;23:05,0;2,08;2;7,45485;0,279012992;1,04;1;99;50,5;0;1000194;245,7656333;59,15;0;-20;-15;-10;-5
RED;38:14,6;52:34,0;3,28;4;14,3222;0,229015095;0,82;1;103;48,5;0;1000194;260,0878333;62,43;0;-20;-15;-10;-5
RED;04:36,8;21:25,9;3,93;3;16,81936667;0,233659214;1,31;1;106;47;0;1000194;276,9072;66,36;0;-20;-15;-10;-5
RED;29:59,8;38:47,9;2,18;3;8,801666667;0,247680364;0,726666667;1;109;45,5;0;1000194;285,7088667;68,54;0;-20;-15;-10;-5
RED;10:52,8;21:55,3;2,4;4;11,04223333;0,217347336;0,6;1;113;43,5;0;1000194;296,7511;70,94;0;-20;-15;-10;-5
RED;15:58,8;25:29,8;2,18;2;9,517683333;0,229047335;1,09;1;115;42,5;0;1000194;306,2687833;73,12;0;-20;-15;-10;-5
RED;25:40,1;39:34,9;3,28;8;13,9126;0,235757515;0,41;1;123;38,5;0;1000194;320,1813833;76,4;0;-20;-15;-10;-5
RED;48:37,8;56:57,9;1,97;2;8,334683333;0,236361709;0,985;1;125;37,5;0;1000194;328,5160667;78,37;0;-20;-15;-10;-5
RED;01:44,3;16:55,0;4,17;4;15,17828333;0,274734626;1,0425;1;129;35,5;0;1000194;343,69435;82,54;0;-20;-15;-10;-5
RED;13:56,1;38:32,4;6,51;18;24,6039;0,264592199;0,361666667;1;147;26,5;0;1000194;368,29825;89,05;0;-20;-15;-10;-5
RED;54:16,2;35:18,5;12;11;41,03853333;0,292408111;1,090909091;1;158;21;0;1000194;409,3367833;101,05;0;-20;-15;-10;-5
RED;38:58,1;57:44,0;4,37;7;18,7642;0,232890291;0,624285714;1;7;96,5;1;1000195;18,7642;4,37;0;-20;-15;-10;-5
RED;12:15,3;32:03,4;4,37;6;19,80098333;0,22069611;0,728333333;1;13;93,5;0;1000195;38,56518333;8,74;0;-20;-15;-10;-5
RED;41:02,6;52:56,4;2,84;4;11,8958;0,238739723;0,71;1;17;91,5;0;1000195;50,46098333;11,58;0;-20;-15;-10;-5
RED;26:27,5;31:01,7;1,09;1;4,570616667;0,238479855;1,09;1;18;91;0;1000195;55,0316;12,67;0;-20;-15;-10;-5
RED;02:58,4;09:40,3;1,53;3;6,697833333;0,22843208;0,51;1;21;89,5;0;1000195;61,72943333;14,2;0;-20;-15;-10;-5
RED;00:20,0;09:30,9;2,18;2;9,181516667;0,237433539;1,09;1;23;88,5;0;1000195;70,91095;16,38;0;-20;-15;-10;-5
RED;16:16,9;26:34,8;2,4;3;10,29896667;0,233033087;0,8;1;26;87;0;1000195;81,20991667;18,78;0;-20;-15;-10;-5
RED;01:33,9;09:08,6;1,75;2;7,57895;0,230902698;0,875;1;28;86;0;1000195;88,78886667;20,53;0;-20;-15;-10;-5
RED;11:53,8;18:33,5;1,53;2;6,662016667;0,229660188;0,765;1;30;85;0;1000195;95,45088333;22,06;0;-20;-15;-10;-5
RED;58:19,5;24:05,3;7,71;16;25,76396667;0,299255161;0,481875;1;46;77;0;1000195;121,21485;29,77;0;-20;-15;-10;-5
RED;28:02,2;50:36,7;5,03;12;22,57515;0,222811366;0,419166667;1;58;71;0;1000195;143,79;34,8;0;-20;-15;-10;-5
RED;14:41,7;22:37,6;2,34;3;7,931566667;0,295023682;0,78;1;61;69,5;0;1000195;151,7215667;37,14;0;-20;-15;-10;-5
RED;54:38,3;02:39,4;1,75;2;8,018866667;0,218235328;0,875;1;63;68,5;0;1000195;159,7404333;38,89;0;-20;-15;-10;-5
RED;18:46,5;26:59,5;1,97;4;8,215566667;0,239788694;0,4925;1;67;66,5;0;1000195;167,956;40,86;0;-20;-15;-10;-5
RED;43:37,1;50:00,7;14,64;10;66,39358333;0,220503236;1,464;1;77;61,5;0;1000195;234,3495833;55,5;0;-20;-15;-10;-5
RED;33:40,8;42:22,5;2,18;5;8,6952;0,250713037;0,436;1;82;59;0;1000195;243,0447833;57,68;0;-20;-15;-10;-5
RED;47:50,9;57:19,8;2,18;4;9,4827;0,22989233;0,545;1;86;57;0;1000195;252,5274833;59,86;0;-20;-15;-10;-5
RED;33:15,6;52:23,0;4,37;9;19,12326667;0,228517443;0,485555556;1;95;52,5;0;1000195;271,65075;64,23;0;-20;-15;-10;-5
RED;56:20,5;28:23,8;7,21;13;32,05563333;0,224921465;0,554615385;1;108;46;0;1000195;303,7063833;71,44;0;-20;-15;-10;-5
RED;29:04,4;35:05,9;1,53;2;6,025116667;0,253936992;0,765;1;110;45;0;1000195;309,7315;72,97;0;-20;-15;-10;-5
RED;46:58,8;54:26,6;1,75;2;7,464116667;0,234455071;0,875;1;112;44;0;1000195;317,1956167;74,72;0;-20;-15;-10;-5
RED;27:33,0;47:18,8;4,37;10;19,76385;0,221110765;0,437;1;122;39;0;1000195;336,9594667;79,09;0;-20;-15;-10;-5
RED;49:24,4;20:08,7;6,77;14;30,73868333;0,220243656;0,483571429;1;136;32;0;1000195;367,69815;85,86;0;-20;-15;-10;-5
RED;21:15,6;32:09,8;3,13;4;10,90366667;0,287059399;0,7825;1;140;30;0;1000195;378,6018167;88,99;0;-20;-15;-10;-5
RED;39:13,9;54:15,9;3,5;7;15,03231667;0,23283171;0,5;1;147;26,5;0;1000195;393,6341333;92,49;0;-20;-15;-10;-5
RED;15:41,5;23:32,0;1,75;2;7,8413;0,223177279;0,875;1;44;78;1;1000196;7,8413;1,75;0;-20;-15;-10;-5
RED;38:22,1;46:04,5;1,75;3;7,705883333;0,227099208;0,583333333;1;47;76,5;0;1000196;15,54718333;3,5;0;-20;-15;-10;-5
RED;18:04,8;34:15,6;4,57;9;16,18;0,282447466;0,507777778;1;56;72;0;1000196;31,72718333;8,07;0;-20;-15;-10;-5
RED;40:40,1;50:57,1;2,4;3;10,28226667;0,233411569;0,8;1;59;70,5;0;1000196;42,00945;10,47;0;-20;-15;-10;-5
RED;27:55,1;47:17,6;4,37;10;19,37498333;0,225548581;0,437;1;69;65,5;0;1000196;61,38443333;14,84;0;-20;-15;-10;-5
RED;18:41,7;29:15,8;2,4;4;10,56776667;0,227105696;0,6;1;73;63,5;0;1000196;71,9522;17,24;0;-20;-15;-10;-5
RED;31:11,5;49:25,0;4,15;9;18,22451667;0,22771523;0,461111111;1;82;59;0;1000196;90,17671667;21,39;0;-20;-15;-10;-5
RED;08:13,7;32:27,0;6,51;12;24,22045;0,268781133;0,5425;1;94;53;0;1000196;114,3971667;27,9;0;-20;-15;-10;-5
RED;37:35,2;55:29,9;3,93;7;17,91181667;0,219408231;0,561428571;1;101;49,5;0;1000196;132,3089833;31,83;0;-20;-15;-10;-5
RED;01:58,1;08:18,4;2;1;6,337716667;0,315571065;2;1;102;49;0;1000196;138,6467;33,83;0;-20;-15;-10;-5
RED;35:33,5;53:06,5;4,69;3;17,55006667;0,267235452;1,563333333;1;105;47,5;0;1000196;156,1967667;38,52;0;-20;-15;-10;-5
RED;30:56,3;55:01,1;7,14;6;24,07998333;0,296511833;1,19;1;141;29,5;0;1000196;180,27675;45,66;0;-20;-15;-10;-5
RED;28:22,2;54:49,3;5,9;16;26,4512;0,223052262;0,36875;1;157;21,5;0;1000196;206,72795;51,56;0;-20;-15;-10;-5
RED;58:34,9;12:32,0;3,06;3;13,95118333;0,219336233;1,02;1;3;98,5;1;1000197;13,95118333;3,06;0;-20;-15;-10;-5
RED;26:29,7;45:48,3;4,37;7;19,31131667;0,226292183;0,624285714;1;10;95;0;1000197;33,2625;7,43;0;-20;-15;-10;-5
RED;48:00,7;06:00,6;4,15;5;17,99876667;0,230571354;0,83;1;15;92,5;0;1000197;51,26126667;11,58;0;-20;-15;-10;-5
RED;10:29,5;17:31,3;1,75;2;7,030133333;0,248928422;0,875;1;17;91,5;0;1000197;58,2914;13,33;0;-20;-15;-10;-5
RED;22:14,7;49:10,8;6,12;12;26,93431667;0,227219427;0,51;1;29;85,5;0;1000197;85,22571667;19,45;0;-20;-15;-10;-5
RED;58:44,5;07:40,9;1,97;1;8,93865;0,220391222;1,97;1;30;85;0;1000197;94,16436667;21,42;0;-20;-15;-10;-5
RED;12:39,0;27:31,5;3,28;7;14,87536667;0,220498766;0,468571429;1;37;81,5;0;1000197;109,0397333;24,7;0;-20;-15;-10;-5
RED;00:53,3;24:31,3;6,86;8;23,63358333;0,290264913;0,8575;1;45;77,5;0;1000197;132,6733167;31,56;0;-20;-15;-10;-5
RED;30:20,2;03:06,3;7,21;14;32,76785;0,220032746;0,515;1;59;70,5;0;1000197;165,4411667;38,77;0;-20;-15;-10;-5
RED;06:04,6;20:51,7;4,17;5;14,78465;0,282049288;0,834;1;64;68;0;1000197;180,2258167;42,94;0;-20;-15;-10;-5