Rental_state,Start,End,Revenue,Distance,duration_minute,revenue_minute,revenue_km,car_id,battery_left,profitable_minutes,Incentive20,Incentive15,Incentive10,Incentive5
RED,2017-01-26 19:24:40.005,2017-01-26 19:37:15.646,2.62,7,12.594016666666667,0.20803529718477426,0.3742857142857143,1,24.0,9.263199999999983,-10.736800000000017,-5.7368000000000166,-0.7368000000000166,4.2631999999999834
RED,2017-01-26 19:41:25.757,2017-01-26 19:48:33.122,1.41,4,7.12275,0.19795724965778666,0.3525,1,22.0,16.38594999999998,-3.61405000000002,1.3859499999999798,6.38594999999998,11.38594999999998
RED,2017-01-26 22:08:55.192,2017-01-26 22:15:54.652,1.41,2,6.991,0.20168788442282934,0.705,1,21.0,23.376949999999965,3.3769499999999653,8.376949999999965,13.376949999999965,18.376949999999965
RED,2017-01-30 13:52:08.224,2017-01-30 19:49:17.320,59.4,7,357.15160000000003,0.1663159285860682,8.485714285714286,1,30.5,235.87536666666665,215.87536666666665,220.87536666666665,225.87536666666665,230.87536666666665
RED,2017-01-30 19:56:10.203,2017-01-30 20:22:30.649,5.24,9,26.340766666666664,0.19893118777863975,0.5822222222222222,1,26.0,262.21613333333335,242.21613333333335,247.21613333333335,252.21613333333335,257.21613333333335
RED,2017-01-31 05:27:01.965,2017-01-31 05:35:36.502,1.82,6,8.575616666666667,0.21222963557528418,0.30333333333333334,1,23.0,270.7917500000001,250.7917500000001,255.7917500000001,260.7917500000001,265.7917500000001
RED,2017-02-11 16:01:19.154,2017-02-11 16:16:46.178,3.91,4,15.4504,0.2530678817376896,0.9775,1,22.5,10.326000000000022,-9.673999999999978,-4.673999999999978,0.32600000000002183,5.326000000000022
RED,2017-02-11 17:04:37.162,2017-02-11 17:15:42.770,2.22,4,11.093466666666666,0.2001177870458288,0.555,1,20.5,21.41946666666672,1.4194666666667217,6.419466666666722,11.419466666666722,16.41946666666672
RED,2017-02-25 10:03:44.063,2017-02-25 19:11:03.331,0.32,0,547.3211333333333,0.000584665894501668,inf,1,20.5,420.1813833333333,400.1813833333333,405.1813833333333,410.1813833333333,415.1813833333333
RED,2017-02-28 10:52:44.819,2017-02-28 11:17:19.229,4.84,9,24.573500000000003,0.19696013998819864,0.5377777777777778,1,23.0,15.92016666666666,-4.07983333333334,0.9201666666666597,5.92016666666666,10.92016666666666
RED,2017-02-28 13:42:53.997,2017-02-28 13:54:33.538,2.34,4,11.659016666666668,0.20070303241697052,0.585,1,21.0,27.57918333333339,7.57918333333339,12.57918333333339,17.57918333333339,22.57918333333339
RED,2017-03-16 08:05:41.762,2017-03-16 08:26:54.973,6.0,7,21.220183333333335,0.28274967778317966,0.8571428571428571,1,24.5,9.709699999999998,-10.290300000000002,-5.290300000000002,-0.290300000000002,4.709699999999998
RED,2017-03-25 19:40:06.619,2017-03-25 20:00:55.253,4.24,6,20.810566666666666,0.2037426499678849,0.7066666666666667,1,55.0,12.401666666666642,-7.598333333333358,-2.5983333333333576,2.4016666666666424,7.401666666666642
RED,2017-03-25 20:02:11.288,2017-03-25 20:09:08.049,1.53,0,6.946016666666667,0.2202701308423773,inf,1,55.0,19.347683333333293,-0.6523166666667066,4.347683333333293,9.347683333333293,14.347683333333293
RED,2017-03-25 20:12:10.433,2017-03-25 20:31:15.667,5.43,5,19.087233333333334,0.2844833457616522,1.0859999999999999,1,52.5,38.43491666666671,18.43491666666671,23.43491666666671,28.43491666666671,33.43491666666671
RED,2017-03-25 22:15:43.929,2017-03-25 22:42:05.119,6.77,11,26.353166666666667,0.25689512329321584,0.6154545454545454,1,47.0,64.78808333333336,44.78808333333336,49.78808333333336,54.78808333333336,59.78808333333336
RED,2017-03-25 23:11:42.503,2017-03-25 23:20:43.809,1.82,4,9.021766666666668,0.20173432402374994,0.455,1,44.99999999999999,73.80984999999998,53.80984999999998,58.80984999999998,63.80984999999998,68.80984999999998
RED,2017-03-25 23:38:38.587,2017-03-25 23:52:38.575,4.0,5,13.9998,0.28571836740524864,0.8,1,42.50000000000001,87.80965000000003,67.80965000000003,72.80965000000003,77.80965000000003,82.80965000000003
RED,2017-03-26 05:01:58.704,2017-03-26 05:16:18.534,2.82,7,14.3305,0.19678308502843583,0.40285714285714286,1,39.0,102.14015000000006,82.14015000000006,87.14015000000006,92.14015000000006,97.14015000000006
RED,2017-03-26 06:53:26.292,2017-03-26 07:05:27.241,2.42,5,12.015816666666666,0.20140120868466424,0.484,1,36.5,114.1559666666667,94.1559666666667,99.1559666666667,104.1559666666667,109.1559666666667
RED,2017-03-26 07:52:11.602,2017-03-26 07:55:56.560,0.81,1,3.7493,0.21604032752780522,0.81,1,36.0,117.90526666666665,97.90526666666665,102.90526666666665,107.90526666666665,112.90526666666665
RED,2017-03-26 16:24:21.092,2017-03-26 16:48:42.969,5.04,9,24.364616666666667,0.20685734846365322,0.56,1,31.5,142.26988333333338,122.26988333333338,127.26988333333338,132.26988333333338,137.26988333333338
RED,2017-03-26 18:49:25.063,2017-03-26 18:57:33.989,1.61,3,8.148766666666667,0.19757591128309807,0.5366666666666667,1,30.0,150.41865000000007,130.41865000000007,135.41865000000007,140.41865000000007,145.41865000000007
RED,2017-03-26 19:13:49.262,2017-03-26 19:30:52.649,3.43,5,17.056449999999998,0.20109694573020767,0.686,1,27.5,167.4751,147.4751,152.4751,157.4751,162.4751
RED,2017-03-26 20:05:27.892,2017-03-26 20:19:22.185,2.82,8,13.904883333333334,0.2028064480943745,0.3525,1,23.5,181.37998333333337,161.37998333333337,166.37998333333337,171.37998333333337,176.37998333333337
RED,2017-03-26 20:39:24.361,2017-03-26 20:52:59.859,2.82,5,13.591633333333334,0.20748058241712425,0.564,1,21.0,194.9716166666667,174.9716166666667,179.9716166666667,184.9716166666667,189.9716166666667
RED,2017-04-02 01:46:07.632,2017-04-02 01:52:59.258,1.41,3,6.860433333333333,0.20552637588490522,0.47,1,28.5,1.185950000000048,-18.814049999999952,-13.814049999999952,-8.814049999999952,-3.814049999999952
RED,2017-04-02 02:05:52.430,2017-04-02 02:13:44.631,1.61,3,7.870016666666667,0.20457389967407946,0.5366666666666667,1,27.0,9.055966666666677,-10.944033333333323,-5.944033333333323,-0.9440333333333228,4.055966666666677
RED,2017-04-02 02:22:21.913,2017-04-02 02:35:07.168,2.62,5,12.75425,0.20542172217104102,0.524,1,24.5,21.810216666666634,1.8102166666666335,6.8102166666666335,11.810216666666634,16.810216666666634
RED,2017-04-03 16:36:38.527,2017-04-03 16:52:17.285,4.17,2,15.645966666666668,0.26652236252580536,2.085,1,21.5,13.33913333333328,-6.6608666666667204,-1.6608666666667204,3.3391333333332796,8.33913333333328
RED,2017-04-09 17:09:51.446,2017-04-09 19:43:26.609,26.77,23,153.58605,0.17429968411844696,1.1639130434782607,1,32.0,33.431949999999915,13.431949999999915,18.431949999999915,23.431949999999915,28.431949999999915
RED,2017-04-09 19:51:27.600,2017-04-09 19:59:50.803,1.82,3,8.386716666666667,0.21700983499700918,0.6066666666666667,1,30.5,41.81866666666667,21.818666666666672,26.818666666666672,31.818666666666672,36.81866666666667
RED,2017-04-09 20:18:30.755,2017-04-09 20:27:05.912,1.82,2,8.58595,0.2119742136863131,0.91,1,29.5,50.404616666666584,30.404616666666584,35.404616666666584,40.404616666666584,45.404616666666584
RED,2017-04-09 21:48:04.095,2017-04-09 21:54:12.614,1.21,3,6.141983333333333,0.19700476773246428,0.4033333333333333,1,28.0,56.54660000000001,36.54660000000001,41.54660000000001,46.54660000000001,51.54660000000001
RED,2017-04-09 21:55:35.818,2017-04-09 22:07:30.049,2.42,2,11.90385,0.20329557244084895,1.21,1,27.0,68.45044999999993,48.45044999999993,53.45044999999993,58.45044999999993,63.45044999999993
RED,2017-04-10 07:50:25.928,2017-04-10 08:15:07.620,7.14,8,24.694866666666666,0.2891289147812096,0.8925,1,23.0,93.14531666666664,73.14531666666664,78.14531666666664,83.14531666666664,88.14531666666664
RED,2017-04-10 08:34:57.370,2017-04-10 08:50:13.306,4.17,5,15.265600000000001,0.27316319044125353,0.834,1,20.5,108.4109166666666,88.4109166666666,93.4109166666666,98.4109166666666,103.4109166666666
RED,2017-04-19 19:24:43.299,2017-04-19 19:52:54.340,7.29,21,28.184016666666665,0.258657241308756,0.34714285714285714,1,22.0,17.856666666666683,-2.1433333333333167,2.8566666666666833,7.856666666666683,12.856666666666683
RED,2017-04-21 13:33:36.217,2017-04-22 03:43:27.268,66.39,110,849.85085,0.07811959004335878,0.6035454545454545,1,44.99999999999999,309.85085000000004,289.85085000000004,294.85085000000004,299.85085000000004,304.85085000000004
RED,2017-04-22 12:56:29.647,2017-04-22 13:04:09.261,1.61,2,7.660233333333333,0.21017636538486645,0.805,1,43.99999999999999,317.5110833333333,297.5110833333333,302.5110833333333,307.5110833333333,312.5110833333333
RED,2017-04-22 13:25:47.649,2017-04-22 13:36:12.035,2.02,2,10.406433333333332,0.19411069434612566,1.01,1,43.00000000000001,327.91751666666676,307.91751666666676,312.91751666666676,317.91751666666676,322.91751666666676
RED,2017-04-22 19:55:35.933,2017-04-22 20:09:16.231,2.62,5,13.671633333333334,0.19163767313829852,0.524,1,40.5,341.58915,321.58915,326.58915,331.58915,336.58915
RED,2017-04-22 20:14:19.547,2017-04-22 20:40:50.168,6.8,6,26.510350000000003,0.2565035919933158,1.1333333333333333,1,37.5,368.09950000000003,348.09950000000003,353.09950000000003,358.09950000000003,363.09950000000003
RED,2017-04-22 21:19:24.340,2017-04-22 21:32:03.174,2.62,6,12.647233333333332,0.2071599322117881,0.4366666666666667,1,34.5,380.7467333333334,360.7467333333334,365.7467333333334,370.7467333333334,375.7467333333334
RED,2017-04-22 22:14:54.286,2017-04-22 22:25:10.473,2.02,3,10.269783333333333,0.19669353621546706,0.6733333333333333,1,33.0,391.0165166666667,371.0165166666667,376.0165166666667,381.0165166666667,386.0165166666667
RED,2017-04-22 22:31:48.143,2017-04-22 22:38:17.951,1.41,1,6.4967999999999995,0.21702992242334687,1.41,1,32.5,397.5133166666667,377.5133166666667,382.5133166666667,387.5133166666667,392.5133166666667
RED,2017-04-23 01:32:45.035,2017-04-23 01:41:54.523,1.82,5,9.158133333333334,0.19873045453221908,0.364,1,30.0,406.67145000000005,386.67145000000005,391.67145000000005,396.67145000000005,401.67145000000005
RED,2017-04-23 15:32:29.527,2017-04-23 15:39:24.843,1.82,3,6.921933333333333,0.2629323214130927,0.6066666666666667,1,28.5,413.59338333333335,393.59338333333335,398.59338333333335,403.59338333333335,408.59338333333335
RED,2017-04-23 16:35:05.824,2017-04-23 16:55:33.350,3.91,3,20.45876666666667,0.19111611485214974,1.3033333333333335,1,27.0,434.05215,414.05215,419.05215,424.05215,429.05215
RED,2017-04-23 18:11:23.726,2017-04-23 18:28:53.917,3.63,6,17.503183333333332,0.2073908460461002,0.605,1,24.0,451.55533333333335,431.55533333333335,436.55533333333335,441.55533333333335,446.55533333333335
RED,2017-04-23 18:43:13.342,2017-04-23 18:49:04.837,1.21,2,5.85825,0.20654632356079033,0.605,1,23.0,457.41358333333335,437.41358333333335,442.41358333333335,447.41358333333335,452.41358333333335
RED,2017-04-27 19:45:16.548,2017-04-27 19:51:09.369,1.56,2,5.880350000000001,0.2652903313578273,0.78,1,33.5,3.934666666666658,-16.065333333333342,-11.065333333333342,-6.065333333333342,-1.0653333333333421
RED,2017-04-27 21:35:24.295,2017-04-27 22:04:48.640,7.55,12,29.40575,0.25675250588745396,0.6291666666666667,1,27.5,33.34041666666667,13.34041666666667,18.34041666666667,23.34041666666667,28.34041666666667
RED,2017-04-27 23:03:20.949,2017-04-27 23:18:08.356,3.03,7,14.790116666666668,0.20486653812737557,0.43285714285714283,1,24.0,48.13053333333335,28.130533333333346,33.13053333333335,38.13053333333335,43.13053333333335
RED,2017-04-28 00:55:32.559,2017-04-28 01:06:51.150,2.22,7,11.30985,0.19628907545192908,0.31714285714285717,1,20.5,59.44038333333333,39.44038333333333,44.44038333333333,49.44038333333333,54.44038333333333
RED,2017-05-11 19:51:27.199,2017-05-11 20:47:47.965,14.28,36,56.3461,0.25343368928816723,0.39666666666666667,1,20.5,0.5770499999999856,-19.422950000000014,-14.422950000000014,-9.422950000000014,-4.422950000000014
RED,2017-05-31 16:19:42.685,2017-05-31 18:16:06.095,25.14,52,116.39016666666666,0.2159976286656519,0.4834615384615385,1,27.5,5.730800000000045,-14.269199999999955,-9.269199999999955,-4.269199999999955,0.7308000000000447
RED,2017-05-31 18:16:08.091,2017-05-31 18:58:56.571,9.38,8,42.808,0.21911792188376006,1.1725,1,23.5,48.53880000000004,28.538800000000037,33.53880000000004,38.53880000000004,43.53880000000004
RED,2017-05-31 19:00:32.707,2017-05-31 19:16:14.375,2.94,6,15.694466666666667,0.18732716838631025,0.49,1,20.5,64.23326666666662,44.23326666666662,49.23326666666662,54.23326666666662,59.23326666666662
RED,2017-06-02 09:38:47.605,2017-06-03 11:28:15.736,109.0,327,1549.46885,0.07034668686627679,0.3333333333333333,1,-63.5,1236.8887333333332,1216.8887333333332,1221.8887333333332,1226.8887333333332,1231.8887333333332
RED,2017-06-08 17:37:29.914,2017-06-08 19:36:55.113,20.39,9,119.41998333333332,0.170741943105837,2.2655555555555558,1,54.0,18.404350000000022,-1.5956499999999778,3.404350000000022,8.404350000000022,13.404350000000022
RED,2017-06-08 20:46:53.954,2017-06-08 20:56:17.266,2.02,3,9.388533333333333,0.21515607691652228,0.6733333333333333,1,52.5,27.792883333333293,7.792883333333293,12.792883333333293,17.792883333333293,22.792883333333293
RED,2017-06-08 21:05:54.593,2017-06-08 21:21:24.151,3.03,8,15.492633333333334,0.19557682253285968,0.37875,1,48.5,43.28551666666658,23.28551666666658,28.28551666666658,33.28551666666658,38.28551666666658
RED,2017-06-08 22:27:43.687,2017-06-08 22:36:40.829,1.82,3,8.952366666666668,0.2032981967524416,0.6066666666666667,1,47.0,52.23788333333334,32.23788333333334,37.23788333333334,42.23788333333334,47.23788333333334
RED,2017-06-08 22:44:10.637,2017-06-08 23:00:36.198,4.61,8,16.426016666666666,0.28065233912462045,0.57625,1,43.00000000000001,68.66390000000001,48.66390000000001,53.66390000000001,58.66390000000001,63.66390000000001
RED,2017-06-08 23:04:24.713,2017-06-08 23:15:34.860,2.22,4,11.169116666666667,0.19876236109390924,0.555,1,41.0,79.8330166666666,59.833016666666595,64.8330166666666,69.8330166666666,74.8330166666666
RED,2017-06-08 23:20:29.066,2017-06-08 23:41:57.064,5.73,8,21.466633333333334,0.26692588031968995,0.71625,1,37.0,101.29964999999993,81.29964999999993,86.29964999999993,91.29964999999993,96.29964999999993
RED,2017-06-08 23:44:49.038,2017-06-08 23:59:30.906,2.82,7,14.6978,0.1918654492509083,0.40285714285714286,1,33.5,115.99744999999996,95.99744999999996,100.99744999999996,105.99744999999996,110.99744999999996
RED,2017-06-09 00:36:50.735,2017-06-09 01:02:22.816,5.24,15,25.53468333333333,0.20521108218168624,0.34933333333333333,1,26.0,141.53213333333326,121.53213333333326,126.53213333333326,131.53213333333326,136.53213333333326
RED,2017-06-09 08:29:27.687,2017-06-09 08:41:12.016,2.42,4,11.738816666666667,0.20615365830457072,0.605,1,24.0,153.27094999999997,133.27094999999997,138.27094999999997,143.27094999999997,148.27094999999997
RED,2017-06-09 08:53:18.374,2017-06-09 09:01:22.108,2.08,4,8.062233333333333,0.2579930292268065,0.52,1,22.0,161.3331833333333,141.3331833333333,146.3331833333333,151.3331833333333,156.3331833333333
RED,2017-06-22 09:13:06.929,2017-06-22 11:10:41.306,21.43,17,117.57295,0.1822698163140416,1.2605882352941176,1,34.5,5.441900000000032,-14.558099999999968,-9.558099999999968,-4.558099999999968,0.4419000000000324
RED,2017-06-22 11:15:52.345,2017-06-22 11:23:34.825,1.41,3,7.708,0.18292682926829268,0.47,1,33.0,13.149900000000002,-6.850099999999998,-1.8500999999999976,3.1499000000000024,8.149900000000002
RED,2017-06-22 16:53:38.557,2017-06-22 17:12:27.955,3.83,6,18.8233,0.20347122980561327,0.6383333333333333,1,30.0,31.97320000000002,11.97320000000002,16.97320000000002,21.97320000000002,26.97320000000002
RED,2017-06-22 17:27:01.351,2017-06-22 17:46:57.845,4.03,5,19.941566666666667,0.20209044090484365,0.806,1,27.5,51.91476666666665,31.91476666666665,36.91476666666665,41.91476666666665,46.91476666666665
RED,2017-06-22 18:14:39.250,2017-06-22 18:24:46.665,2.61,2,10.123583333333332,0.25781385049760047,1.305,1,26.5,62.03835000000004,42.03835000000004,47.03835000000004,52.03835000000004,57.03835000000004
RED,2017-06-22 18:25:37.835,2017-06-23 08:52:57.900,66.39,36,867.3344166666667,0.07654486980367914,1.8441666666666667,1,82.0,327.3344166666667,307.3344166666667,312.3344166666667,317.3344166666667,322.3344166666667
RED,2017-06-23 17:56:19.609,2017-06-23 18:10:55.732,3.65,5,14.60205,0.24996490218839135,0.73,1,79.5,341.93646666666666,321.93646666666666,326.93646666666666,331.93646666666666,336.93646666666666
RED,2017-06-23 18:13:20.908,2017-06-23 18:50:43.052,7.46,19,37.36906666666666,0.19963035380421598,0.39263157894736844,1,70.0,379.3055333333334,359.3055333333334,364.3055333333334,369.3055333333334,374.3055333333334
RED,2017-06-23 18:53:21.011,2017-06-23 19:09:43.889,3.23,5,16.3813,0.19717604829897506,0.646,1,67.5,395.6868333333333,375.6868333333333,380.6868333333333,385.6868333333333,390.6868333333333
RED,2017-06-23 19:32:24.604,2017-06-23 20:10:29.406,10.86,36,38.08003333333333,0.2851888259901733,0.30166666666666664,1,49.5,433.7668666666667,413.7668666666667,418.7668666666667,423.7668666666667,428.7668666666667
RED,2017-06-23 20:31:46.224,2017-06-23 20:47:29.745,3.14,6,15.725349999999999,0.19967759064186172,0.5233333333333333,1,46.5,449.49221666666665,429.49221666666665,434.49221666666665,439.49221666666665,444.49221666666665
RED,2017-06-23 20:57:23.344,2017-06-23 21:09:52.312,2.34,4,12.4828,0.18745794212836864,0.585,1,44.49999999999999,461.97501666666665,441.97501666666665,446.97501666666665,451.97501666666665,456.97501666666665
RED,2017-06-23 21:09:56.369,2017-06-23 21:22:46.955,2.17,1,12.8431,0.1689623221807819,2.17,1,43.99999999999999,474.8181166666667,454.8181166666667,459.8181166666667,464.8181166666667,469.8181166666667
RED,2017-06-23 22:33:21.681,2017-06-23 22:57:39.622,4.84,13,24.299016666666667,0.19918501503147246,0.3723076923076923,1,37.5,499.1171333333334,479.1171333333334,484.1171333333334,489.1171333333334,494.1171333333334
RED,2017-06-23 23:59:35.353,2017-06-24 00:09:31.062,2.02,4,9.928483333333332,0.2034550426466614,0.505,1,35.5,509.0456166666668,489.0456166666668,494.0456166666668,499.0456166666668,504.0456166666668
RED,2017-06-24 00:10:53.363,2017-06-24 00:35:32.994,4.63,10,24.66051666666667,0.18774951322322928,0.46299999999999997,1,30.5,533.7061333333334,513.7061333333334,518.7061333333334,523.7061333333334,528.7061333333334
RED,2017-06-24 00:37:07.542,2017-06-24 00:44:22.545,1.41,2,7.25005,0.19448141736953536,0.705,1,29.5,540.9561833333335,520.9561833333335,525.9561833333335,530.9561833333335,535.9561833333335
RED,2017-06-24 00:54:39.102,2017-06-24 01:07:48.248,2.62,5,13.152433333333333,0.1992026823933721,0.524,1,27.0,554.1086166666666,534.1086166666666,539.1086166666666,544.1086166666666,549.1086166666666
RED,2017-06-24 01:15:53.321,2017-06-24 01:35:13.275,3.83,8,19.332566666666665,0.19811130441379574,0.47875,1,23.0,573.4411833333334,553.4411833333334,558.4411833333334,563.4411833333334,568.4411833333334
RED,2017-06-24 03:29:33.265,2017-06-24 03:34:06.664,1.01,1,4.55665,0.2216540660353549,1.01,1,22.5,577.9978333333333,557.9978333333333,562.9978333333333,567.9978333333333,572.9978333333333
RED,2017-06-24 07:59:16.269,2017-06-24 08:07:26.328,1.61,2,8.16765,0.19711912239138554,0.805,1,21.5,586.1654833333334,566.1654833333334,571.1654833333334,576.1654833333334,581.1654833333334
RED,2017-07-20 19:33:14.469,2017-07-20 19:54:12.928,4.24,8,20.974316666666667,0.20215199700586195,0.53,1,26.0,2.1308500000000095,-17.86914999999999,-12.86914999999999,-7.8691499999999905,-2.8691499999999905
RED,2017-07-27 15:20:33.748,2017-07-27 15:34:15.722,2.62,4,13.699566666666668,0.19124692508522168,0.655,1,22.0,10.636016666666706,-9.363983333333294,-4.3639833333332945,0.6360166666667055,5.6360166666667055
RED,2017-08-12 17:27:48.931,2017-08-12 17:38:49.135,2.22,4,11.0034,0.2017558209280768,0.555,1,23.0,9.947516666666615,-10.052483333333385,-5.0524833333333845,-0.05248333333338451,4.9475166666666155
RED,2017-08-27 16:11:44.749,2017-08-27 16:34:54.259,4.64,11,23.1585,0.20035839972364358,0.4218181818181818,1,21.5,10.428066666666723,-9.571933333333277,-4.571933333333277,0.428066666666723,5.428066666666723
RED,2017-08-27 16:48:53.773,2017-08-27 16:58:25.345,2.86,2,9.5262,0.3002246436144528,1.43,1,20.5,19.954266666666626,-0.045733333333373594,4.954266666666626,9.954266666666626,14.954266666666626
RED,2017-08-29 05:54:52.402,2017-08-29 06:01:59.484,1.41,2,7.118033333333333,0.19808842330044346,0.705,1,33.5,3.580500000000029,-16.41949999999997,-11.419499999999971,-6.419499999999971,-1.419499999999971
RED,2017-08-29 06:31:51.740,2017-08-29 07:04:18.157,6.45,18,32.44028333333333,0.19882687009001668,0.35833333333333334,1,24.5,36.020783333333384,16.020783333333384,21.020783333333384,26.020783333333384,31.020783333333384
RED,2017-09-06 09:05:18.767,2017-09-06 09:23:39.808,3.34,3,18.350683333333333,0.18200957094240813,1.1133333333333333,1,22.5,15.947333333333404,-4.052666666666596,0.947333333333404,5.947333333333404,10.947333333333404
RED,2017-09-06 16:25:54.668,2017-09-06 16:33:01.508,1.41,2,7.114,0.19820073095305032,0.705,1,21.5,23.061333333333323,3.061333333333323,8.061333333333323,13.061333333333323,18.061333333333323
RED,2017-09-10 13:18:20.796,2017-09-10 16:56:05.047,36.83,34,217.73751666666666,0.16914861785800042,1.083235294117647,1,28.5,1.7408166666666602,-18.25918333333334,-13.25918333333334,-8.25918333333334,-3.2591833333333398
RED,2017-09-10 18:53:33.287,2017-09-10 19:06:22.347,2.62,5,12.817666666666666,0.20440537799391467,0.524,1,26.0,14.558483333333356,-5.441516666666644,-0.4415166666666437,4.558483333333356,9.558483333333356
RED,2017-09-10 19:08:39.181,2017-09-10 19:16:53.579,1.61,3,8.239966666666668,0.19538913992370519,0.5366666666666667,1,24.5,22.798450000000003,2.7984500000000025,7.7984500000000025,12.798450000000003,17.798450000000003
RED,2017-09-11 07:37:58.213,2017-09-11 07:56:14.492,3.75,6,18.271316666666667,0.20523972455916786,0.625,1,21.5,41.069766666666624,21.069766666666624,26.069766666666624,31.069766666666624,36.069766666666624
RED,2017-09-15 04:07:33.986,2017-09-15 04:24:03.926,3.71,9,16.499000000000002,0.22486211285532454,0.4122222222222222,1,26.0,2.0235000000000127,-17.976499999999987,-12.976499999999987,-7.976499999999987,-2.9764999999999873
RED,2017-09-15 05:35:17.383,2017-09-15 05:59:45.064,7.14,9,24.46135,0.29188904128349413,0.7933333333333333,1,21.5,26.484849999999938,6.484849999999938,11.484849999999938,16.484849999999938,21.484849999999938
RED,2017-09-17 10:48:51.805,2017-09-17 20:48:24.204,131.09,0,599.5399833333333,0.2186509718186991,inf,1,86.5,124.92276666666669,104.92276666666669,109.92276666666669,114.92276666666669,119.92276666666669
RED,2017-09-17 21:22:08.071,2017-09-17 21:34:15.836,2.84,4,12.129416666666666,0.23414151546172185,0.71,1,84.5,137.05218333333335,117.05218333333335,122.05218333333335,127.05218333333335,132.05218333333335
RED,2017-09-17 21:36:40.288,2017-09-17 22:10:19.416,9.71,25,33.65213333333333,0.288540399618053,0.3884,1,72.0,170.70431666666673,150.70431666666673,155.70431666666673,160.70431666666673,165.70431666666673
RED,2017-09-17 23:27:41.125,2017-09-17 23:38:02.501,2.4,4,10.356266666666667,0.23174374291894118,0.6,1,70.0,181.0605833333334,161.0605833333334,166.0605833333334,171.0605833333334,176.0605833333334
RED,2017-09-17 23:55:26.049,2017-09-18 00:15:48.949,4.37,9,20.381666666666668,0.21440837353831058,0.4855555555555556,1,65.5,201.44225000000006,181.44225000000006,186.44225000000006,191.44225000000006,196.44225000000006
RED,2017-09-18 00:16:37.995,2017-09-18 00:19:28.799,0.66,1,2.8467333333333333,0.23184468747804501,0.66,1,65.0,204.28898333333336,184.28898333333336,189.28898333333336,194.28898333333336,199.28898333333336
RED,2017-09-18 00:21:51.828,2017-09-18 00:59:22.544,10.86,44,37.51193333333333,0.2895078721615699,0.2468181818181818,1,43.00000000000001,241.8009166666667,221.8009166666667,226.8009166666667,231.8009166666667,236.8009166666667
RED,2017-09-18 06:34:02.815,2017-09-18 06:46:11.969,2.84,5,12.152566666666667,0.2336954881959092,0.568,1,40.5,253.95348333333334,233.95348333333334,238.95348333333334,243.95348333333334,248.95348333333334
RED,2017-09-18 07:38:58.967,2017-09-18 07:55:48.136,3.71,4,16.819483333333334,0.2205775246762435,0.9275,1,38.5,270.77296666666666,250.77296666666666,255.77296666666666,260.77296666666666,265.77296666666666
RED,2017-09-18 07:57:17.544,2017-09-18 08:43:14.813,13.14,13,45.95448333333333,0.2859351046270785,1.0107692307692309,1,32.0,316.72745,296.72745,301.72745,306.72745,311.72745
RED,2017-09-18 08:45:25.272,2017-09-18 09:04:05.106,5.71,4,18.6639,0.3059382015548733,1.4275,1,30.0,335.39135,315.39135,320.39135,325.39135,330.39135
RED,2017-09-18 19:45:16.614,2017-09-18 20:02:00.584,3.71,5,16.732833333333335,0.2217197725031624,0.742,1,27.5,352.12418333333335,332.12418333333335,337.12418333333335,342.12418333333335,347.12418333333335
RED,2017-09-18 20:53:10.155,2017-09-18 21:08:01.819,3.28,6,14.861066666666666,0.22071094044393402,0.5466666666666666,1,24.5,366.98525000000006,346.98525000000006,351.98525000000006,356.98525000000006,361.98525000000006
RED,2017-09-18 21:41:50.316,2017-09-18 21:59:12.855,3.93,5,17.37565,0.22617858900242582,0.786,1,22.0,384.3609,364.3609,369.3609,374.3609,379.3609
RED,2017-09-27 14:16:01.055,2017-09-28 14:09:57.462,478.12,628,1433.9401166666669,0.33343093929991746,0.7613375796178344,1,-214.0,1239.451816666667,1219.451816666667,1224.451816666667,1229.451816666667,1234.451816666667
RED,2017-10-12 07:33:27.783,2017-10-12 13:53:49.635,83.24,25,380.3642,0.2188428879479194,3.3295999999999997,1,40.5,60.7892333333333,40.7892333333333,45.7892333333333,50.7892333333333,55.7892333333333
RED,2017-10-12 14:30:41.881,2017-10-12 14:39:31.348,2.18,1,8.82445,0.2470408920669277,2.18,1,40.0,69.61368333333326,49.613683333333256,54.613683333333256,59.613683333333256,64.61368333333326
RED,2017-10-12 16:46:45.589,2017-10-12 20:19:56.620,20.54,14,213.18385,0.09634876187853816,1.467142857142857,1,33.0,282.7975333333334,262.7975333333334,267.7975333333334,272.7975333333334,277.7975333333334
RED,2017-10-12 20:20:21.415,2017-10-12 20:34:41.348,3.28,4,14.332216666666666,0.2288550387065039,0.82,1,31.0,297.12974999999994,277.12974999999994,282.12974999999994,287.12974999999994,292.12974999999994
RED,2017-10-12 21:18:29.543,2017-10-12 21:29:28.652,2.62,3,10.98515,0.23850379830953605,0.8733333333333334,1,29.5,308.11490000000003,288.11490000000003,293.11490000000003,298.11490000000003,303.11490000000003
RED,2017-10-12 22:09:56.830,2017-10-12 23:14:51.334,17.19,18,64.9084,0.2648347517424555,0.9550000000000001,1,20.5,373.02329999999995,353.02329999999995,358.02329999999995,363.02329999999995,368.02329999999995
RED,2017-10-29 18:20:54.297,2017-10-29 18:53:18.640,7.21,11,32.40571666666667,0.2224916077050191,0.6554545454545454,1,41.0,16.759366666666665,-3.240633333333335,1.759366666666665,6.759366666666665,11.759366666666665
RED,2017-10-30 12:02:56.661,2017-10-30 12:11:20.524,2.34,3,8.397716666666666,0.27864717194951805,0.7799999999999999,1,39.5,25.157083333333276,5.157083333333276,10.157083333333276,15.157083333333276,20.157083333333276
RED,2017-10-30 13:22:30.724,2017-10-30 13:28:42.282,1.82,0,6.192633333333333,0.29389758799433735,inf,1,39.5,31.34971666666661,11.349716666666609,16.34971666666661,21.34971666666661,26.34971666666661
RED,2017-10-30 13:47:31.260,2017-10-30 14:14:45.497,7.29,11,27.237283333333334,0.2676478381042652,0.6627272727272727,1,34.0,58.58699999999999,38.58699999999999,43.58699999999999,48.58699999999999,53.58699999999999
RED,2017-10-30 14:18:15.582,2017-10-30 14:35:10.371,3.71,6,16.913149999999998,0.21935594493042399,0.6183333333333333,1,31.0,75.50014999999996,55.50014999999996,60.50014999999996,65.50014999999996,70.50014999999996
RED,2017-10-30 14:36:17.713,2017-10-30 16:12:17.912,20.97,3,96.00331666666666,0.21842995354847983,6.989999999999999,1,29.5,171.50346666666667,151.50346666666667,156.50346666666667,161.50346666666667,166.50346666666667
RED,2017-10-30 16:16:15.058,2017-10-30 16:54:44.570,11.14,8,38.49186666666667,0.28941178915718996,1.3925,1,25.5,209.9953333333333,189.9953333333333,194.9953333333333,199.9953333333333,204.9953333333333
RED,2017-12-02 10:55:18.098,2017-12-03 11:27:36.361,8.6,165,1472.3043833333334,0.005841183451841247,0.05212121212121212,1,17.5,1413.6132166666666,1393.6132166666666,1398.6132166666666,1403.6132166666666,1408.6132166666666
RED,2017-12-17 02:34:54.097,2017-12-17 03:10:07.767,7.87,20,35.227833333333336,0.2234028963840145,0.3935,1,27.5,3.7293666666666923,-16.270633333333308,-11.270633333333308,-6.270633333333308,-1.2706333333333077
RED,2017-12-17 05:20:39.858,2017-12-17 05:36:09.075,3.5,7,15.48695,0.22599672627599365,0.5,1,24.0,19.21631666666667,-0.7836833333333288,4.216316666666671,9.216316666666671,14.216316666666671
RED,2017-12-17 07:07:35.743,2017-12-17 07:18:15.481,2.4,5,10.6623,0.22509214709771813,0.48,1,21.5,29.87861666666663,9.87861666666663,14.87861666666663,19.87861666666663,24.87861666666663
RED,2017-01-07 16:36:46.690,2017-01-07 17:54:57.291,17.31,22,78.17668333333333,0.22142151933195767,0.7868181818181817,2,21.0,45.365433333333385,25.365433333333385,30.365433333333385,35.365433333333385,40.365433333333385
RED,2017-01-13 21:47:43.398,2017-01-13 21:58:30.064,2.22,3,10.777766666666668,0.20597959379339564,0.7400000000000001,2,47.0,8.400750000000016,-11.599249999999984,-6.599249999999984,-1.5992499999999836,3.4007500000000164
RED,2017-01-13 22:41:41.565,2017-01-13 22:53:21.345,2.42,4,11.663,0.20749378376061048,0.605,2,44.99999999999999,20.063750000000027,0.06375000000002728,5.063750000000027,10.063750000000027,15.063750000000027
RED,2017-01-13 22:58:32.471,2017-01-13 23:12:44.635,3.65,6,14.202733333333333,0.25699278542627946,0.6083333333333333,2,42.00000000000001,34.266483333333326,14.266483333333326,19.266483333333326,24.266483333333326,29.266483333333326
RED,2017-01-13 23:34:22.990,2017-01-13 23:40:46.923,1.82,2,6.398883333333333,0.28442462617175396,0.91,2,41.0,40.66536666666673,20.665366666666728,25.665366666666728,30.665366666666728,35.66536666666673
RED,2017-01-14 00:36:17.712,2017-01-14 00:42:29.203,1.21,2,6.191516666666667,0.19542869140840557,0.605,2,40.0,46.85688333333337,26.85688333333337,31.85688333333337,36.85688333333337,41.85688333333337
RED,2017-01-14 00:54:41.852,2017-01-14 01:35:46.707,7.18,6,41.08091666666667,0.17477701528081774,1.1966666666666665,2,37.0,87.93780000000004,67.93780000000004,72.93780000000004,77.93780000000004,82.93780000000004
RED,2017-01-14 02:18:50.717,2017-01-14 02:22:51.502,0.81,0,4.013083333333333,0.20183981560313144,inf,2,37.0,91.95088333333331,71.95088333333331,76.95088333333331,81.95088333333331,86.95088333333331
RED,2017-01-14 09:32:06.522,2017-01-14 09:56:10.134,4.59,7,24.060200000000002,0.19077148153381931,0.6557142857142857,2,33.5,116.01108333333332,96.01108333333332,101.01108333333332,106.01108333333332,111.01108333333332
RED,2017-01-14 10:14:44.318,2017-01-14 10:41:06.786,5.45,18,26.374466666666667,0.20663924957724264,0.3027777777777778,2,24.5,142.38554999999997,122.38554999999997,127.38554999999997,132.38554999999997,137.38554999999997
RED,2017-01-14 10:45:32.053,2017-01-14 10:52:35.782,1.53,1,7.06215,0.21664790467492195,1.53,2,24.0,149.44770000000005,129.44770000000005,134.44770000000005,139.44770000000005,144.44770000000005
RED,2017-01-14 15:53:42.586,2017-01-14 16:13:08.190,4.03,7,19.426733333333335,0.20744609661600338,0.5757142857142857,2,20.5,168.8744333333334,148.8744333333334,153.8744333333334,158.8744333333334,163.8744333333334
RED,2017-01-18 08:41:19.478,2017-01-18 20:11:39.534,66.39,48,690.3342666666666,0.09617080189365268,1.383125,2,76.0,150.33426666666662,130.33426666666662,135.33426666666662,140.33426666666662,145.33426666666662
RED,2017-01-19 06:28:53.328,2017-01-19 06:35:06.318,1.21,4,6.2165,0.1946432880238076,0.3025,2,74.0,156.55076666666662,136.55076666666662,141.55076666666662,146.55076666666662,151.55076666666662
RED,2017-01-19 07:18:24.440,2017-01-19 07:41:03.163,5.99,15,22.64538333333333,0.2645130758808087,0.3993333333333334,2,66.5,179.19615,159.19615,164.19615,169.19615,174.19615
RED,2017-01-19 07:41:14.202,2017-01-19 08:01:40.026,4.03,5,20.430400000000002,0.19725507087477484,0.806,2,64.0,199.62654999999995,179.62654999999995,184.62654999999995,189.62654999999995,194.62654999999995
RED,2017-01-19 09:26:50.708,2017-01-19 09:56:11.156,5.97,21,29.3408,0.20347093467117458,0.28428571428571425,2,53.5,228.96735,208.96735,213.96735,218.96735,223.96735
RED,2017-01-19 10:09:46.945,2017-01-19 10:20:14.937,2.02,4,10.466533333333333,0.19299608912215444,0.505,2,51.5,239.43388333333326,219.43388333333326,224.43388333333326,229.43388333333326,234.43388333333326
RED,2017-01-19 10:34:20.087,2017-01-19 10:38:51.306,1.01,2,4.520316666666667,0.22343567375441983,0.505,2,50.5,243.9541999999999,223.9541999999999,228.9541999999999,233.9541999999999,238.9541999999999
RED,2017-01-19 10:44:32.957,2017-01-19 11:00:15.206,3.23,9,15.70415,0.20567811693087495,0.35888888888888887,2,46.0,259.6583499999999,239.65834999999993,244.65834999999993,249.65834999999993,254.65834999999993
RED,2017-01-19 12:10:21.021,2017-01-19 12:23:30.181,2.62,5,13.152666666666667,0.19919914846165543,0.524,2,43.50000000000001,272.81101666666666,252.81101666666666,257.81101666666666,262.81101666666666,267.81101666666666
RED,2017-01-19 12:26:21.617,2017-01-19 13:31:41.598,14.81,4,65.33301666666667,0.22668477219659994,3.7025,2,41.5,338.14403333333325,318.14403333333325,323.14403333333325,328.14403333333325,333.14403333333325
RED,2017-01-19 13:44:11.708,2017-01-19 14:06:46.189,4.64,11,22.574683333333333,0.20553998173470134,0.4218181818181818,2,36.0,360.71871666666664,340.71871666666664,345.71871666666664,350.71871666666664,355.71871666666664
RED,2017-01-19 14:13:01.941,2017-01-19 14:26:44.067,2.62,4,13.7021,0.19121156611030427,0.655,2,34.0,374.4208166666666,354.4208166666666,359.4208166666666,364.4208166666666,369.4208166666666
RED,2017-01-19 15:40:02.290,2017-01-19 16:27:20.950,9.14,13,47.311,0.19318974445689163,0.7030769230769232,2,27.5,421.73181666666665,401.73181666666665,406.73181666666665,411.73181666666665,416.73181666666665
RED,2017-01-19 16:33:26.476,2017-01-19 16:52:03.419,4.95,7,18.615716666666668,0.2659043478494426,0.7071428571428572,2,24.0,440.34753333333333,420.34753333333333,425.34753333333333,430.34753333333333,435.34753333333333
RED,2017-01-26 15:45:23.636,2017-01-27 08:52:35.102,83.19,154,1027.1911,0.08098785123819706,0.5401948051948052,2,23.0,728.2047333333333,708.2047333333333,713.2047333333333,718.2047333333333,723.2047333333333
RED,2017-01-27 18:23:29.124,2017-01-27 18:40:22.340,4.86,3,16.886933333333335,0.2877964816978808,1.62,2,21.5,745.0916666666667,725.0916666666667,730.0916666666667,735.0916666666667,740.0916666666667
RED,2017-01-31 11:25:22.872,2017-01-31 14:38:02.247,32.66,16,192.65625,0.16952473641524735,2.04125,2,22.5,7.232650000000035,-12.767349999999965,-7.767349999999965,-2.767349999999965,2.232650000000035
RED,2017-02-07 18:56:06.988,2017-02-07 19:16:26.391,4.03,7,20.323383333333332,0.19829375522284268,0.5757142857142857,2,31.0,3.5058833333333723,-16.494116666666628,-11.494116666666628,-6.494116666666628,-1.4941166666666277
RED,2017-02-07 19:18:28.552,2017-02-07 19:27:16.241,1.82,3,8.794816666666666,0.20694007265643213,0.6066666666666667,2,29.5,12.300700000000006,-7.699299999999994,-2.699299999999994,2.300700000000006,7.300700000000006
RED,2017-02-07 19:33:19.198,2017-02-07 19:44:26.800,2.14,3,11.1267,0.19233016078441947,0.7133333333333334,2,28.0,23.427400000000034,3.427400000000034,8.427400000000034,13.427400000000034,18.427400000000034
RED,2017-02-07 19:46:05.469,2017-02-07 20:00:14.635,3.75,8,14.152766666666668,0.2649658606208915,0.46875,2,24.0,37.58016666666663,17.580166666666628,22.580166666666628,27.580166666666628,32.58016666666663
RED,2017-02-07 20:38:46.594,2017-02-07 20:52:51.204,2.82,7,14.076833333333333,0.20032914599637702,0.40285714285714286,2,20.5,51.65700000000004,31.65700000000004,36.65700000000004,41.65700000000004,46.65700000000004
RED,2017-02-15 23:14:05.770,2017-02-15 23:48:35.175,6.86,28,34.49008333333334,0.19889775080276695,0.24500000000000002,2,43.00000000000001,7.277133333333381,-12.722866666666619,-7.722866666666619,-2.7228666666666186,2.2771333333333814
RED,2017-02-15 23:52:13.416,2017-02-16 00:00:04.500,2.29,3,7.8514,0.2916677280485009,0.7633333333333333,2,41.5,15.128533333333394,-4.871466666666606,0.12853333333339378,5.128533333333394,10.128533333333394
RED,2017-02-16 01:01:27.264,2017-02-16 01:16:06.224,3.03,6,14.649333333333335,0.20683535086920904,0.505,2,38.5,29.777866666666796,9.777866666666796,14.777866666666796,19.777866666666796,24.777866666666796
RED,2017-02-16 04:34:49.017,2017-02-16 04:55:41.501,4.24,10,20.87473333333333,0.20311636715518924,0.42400000000000004,2,33.5,50.65260000000012,30.65260000000012,35.65260000000012,40.65260000000012,45.65260000000012
RED,2017-02-16 06:31:49.149,2017-02-16 06:48:26.283,4.43,7,16.6189,0.26656397234474,0.6328571428571428,2,30.0,67.27150000000006,47.27150000000006,52.27150000000006,57.27150000000006,62.27150000000006
RED,2017-02-16 06:49:12.179,2017-02-16 07:00:14.787,3.14,4,11.043466666666665,0.2843310071716611,0.785,2,28.0,78.3149666666668,58.314966666666805,63.314966666666805,68.3149666666668,73.3149666666668
RED,2017-02-16 07:17:42.420,2017-02-16 07:26:54.784,1.93,2,9.206066666666667,0.20964436494775185,0.965,2,27.0,87.52103333333343,67.52103333333343,72.52103333333343,77.52103333333343,82.52103333333343
RED,2017-02-16 07:56:29.449,2017-02-16 08:12:51.876,3.43,6,16.373783333333332,0.2094812133624178,0.5716666666666667,2,24.0,103.89481666666677,83.89481666666677,88.89481666666677,93.89481666666677,98.89481666666677
RED,2017-03-10 09:16:45.985,2017-03-10 09:34:45.366,4.69,6,17.989683333333335,0.2607049781309843,0.7816666666666667,2,34.5,8.389466666666635,-11.610533333333365,-6.610533333333365,-1.6105333333333647,3.3894666666666353
RED,2017-03-10 09:39:36.708,2017-03-10 09:48:01.728,1.82,3,8.417,0.21622906023523822,0.6066666666666667,2,33.0,16.806466666666665,-3.1935333333333347,1.8064666666666653,6.806466666666665,11.806466666666665
RED,2017-03-10 10:55:07.602,2017-03-10 11:14:02.218,3.83,7,18.910266666666665,0.2025354833705853,0.5471428571428572,2,29.5,35.71673333333331,15.716733333333309,20.71673333333331,25.71673333333331,30.71673333333331
RED,2017-03-10 12:01:55.220,2017-03-10 12:17:59.677,4.17,5,16.074283333333334,0.2594205858840778,0.834,2,27.0,51.79101666666668,31.79101666666668,36.79101666666668,41.79101666666668,46.79101666666668
RED,2017-03-10 12:24:34.376,2017-03-10 12:42:24.449,3.63,6,17.83455,0.20353751566481912,0.605,2,24.0,69.6255666666666,49.6255666666666,54.6255666666666,59.6255666666666,64.6255666666666
RED,2017-03-10 12:43:40.196,2017-03-10 12:53:42.325,2.61,3,10.035483333333334,0.2600771595455459,0.87,2,22.5,79.66105000000005,59.661050000000046,64.66105000000005,69.66105000000005,74.66105000000005
RED,2017-03-10 13:03:25.147,2017-03-10 13:15:22.649,3.43,3,11.958366666666667,0.28682846877081875,1.1433333333333333,2,21.0,91.61941666666667,71.61941666666667,76.61941666666667,81.61941666666667,86.61941666666667
RED,2017-03-13 22:27:55.044,2017-03-13 22:39:01.395,2.01,2,11.10585,0.1809856967274004,1.005,2,45.49999999999999,7.994683333333342,-12.005316666666658,-7.005316666666658,-2.0053166666666584,2.9946833333333416
RED,2017-03-13 22:55:24.420,2017-03-13 23:15:55.595,4.24,7,20.519583333333333,0.20663187605336367,0.6057142857142858,2,42.00000000000001,28.514266666666686,8.514266666666686,13.514266666666686,18.514266666666686,23.514266666666686
RED,2017-03-13 23:25:25.205,2017-03-13 23:43:31.329,3.63,10,18.102066666666666,0.20052958962328427,0.363,2,37.0,46.61633333333327,26.616333333333273,31.616333333333273,36.61633333333327,41.61633333333327
RED,2017-03-14 08:08:46.797,2017-03-14 09:12:48.285,12.19,15,64.0248,0.19039497194837,0.8126666666666666,2,29.5,110.6411333333333,90.6411333333333,95.6411333333333,100.6411333333333,105.6411333333333
RED,2017-03-14 11:43:12.411,2017-03-14 11:55:50.404,2.62,5,12.633216666666668,0.20738977800586547,0.524,2,27.0,123.27435000000003,103.27435000000003,108.27435000000003,113.27435000000003,118.27435000000003
RED,2017-03-14 12:36:56.359,2017-03-14 12:45:27.027,1.82,3,8.511133333333333,0.21383756178182303,0.6066666666666667,2,25.5,131.78548333333333,111.78548333333333,116.78548333333333,121.78548333333333,126.78548333333333
RED,2017-03-14 13:15:34.251,2017-03-14 13:44:57.837,5.55,5,29.3931,0.1888198250609837,1.1099999999999999,2,23.0,161.17858333333334,141.17858333333334,146.17858333333334,151.17858333333334,156.17858333333334
RED,2017-04-02 19:47:52.846,2017-04-02 23:47:34.377,39.83,5,239.69218333333336,0.16617145977017325,7.965999999999999,2,43.99999999999999,44.09246666666672,24.092466666666724,29.092466666666724,34.09246666666672,39.09246666666672
RED,2017-04-03 07:05:39.322,2017-04-03 07:23:09.829,3.55,7,17.50845,0.20275923911025817,0.5071428571428571,2,40.5,61.60091666666665,41.60091666666665,46.60091666666665,51.60091666666665,56.60091666666665
RED,2017-04-03 07:32:36.841,2017-04-03 09:12:01.390,18.4,29,99.40915,0.18509362568737384,0.6344827586206896,2,26.0,161.01006666666672,141.01006666666672,146.01006666666672,151.01006666666672,156.01006666666672
RED,2017-04-03 15:13:20.677,2017-04-03 15:38:39.391,5.24,8,25.311899999999998,0.20701725275463323,0.655,2,22.0,186.32196666666664,166.32196666666664,171.32196666666664,176.32196666666664,181.32196666666664
RED,2017-04-12 16:37:23.199,2017-04-12 18:20:02.374,21.15,13,102.65291666666667,0.20603408735747886,1.626923076923077,2,24.5,9.702316666666661,-10.297683333333339,-5.297683333333339,-0.29768333333333885,4.702316666666661
RED,2017-04-12 18:29:19.228,2017-04-12 18:49:05.653,4.03,8,19.77375,0.2038055502876288,0.50375,2,20.5,29.476066666666725,9.476066666666725,14.476066666666725,19.476066666666725,24.476066666666725
RED,2017-04-25 06:35:12.278,2017-04-25 06:56:28.440,4.44,7,21.269366666666667,0.2087509266064967,0.6342857142857143,2,22.5,3.5824166666666315,-16.41758333333337,-11.417583333333369,-6.4175833333333685,-1.4175833333333685
RED,2017-05-04 14:35:05.566,2017-05-05 16:08:59.143,106.61,78,1533.8929500000002,0.06950289457944245,1.3667948717948717,2,61.0,993.8929500000002,973.8929500000002,978.8929500000002,983.8929500000002,988.8929500000002
RED,2017-05-06 09:34:12.328,2017-05-06 09:55:00.037,4.24,22,20.79515,0.2038936963667009,0.19272727272727275,2,50.0,1014.6881000000001,994.6881000000001,999.6881000000001,1004.6881000000001,1009.6881000000001
RED,2017-05-06 11:34:52.632,2017-05-06 11:42:30.628,1.61,2,7.633266666666667,0.21091887265390966,0.805,2,49.0,1022.3213666666668,1002.3213666666668,1007.3213666666668,1012.3213666666668,1017.3213666666668
RED,2017-05-06 12:09:14.173,2017-05-06 12:25:34.551,3.02,3,16.339633333333335,0.18482666889709887,1.0066666666666666,2,47.5,1038.661,1018.6610000000001,1023.6610000000001,1028.661,1033.661
RED,2017-05-06 12:34:34.646,2017-05-06 12:55:37.186,5.47,8,21.042333333333332,0.2599521599315665,0.68375,2,43.50000000000001,1059.7033333333334,1039.7033333333334,1044.7033333333334,1049.7033333333334,1054.7033333333334
RED,2017-05-06 12:56:34.626,2017-05-06 13:12:35.947,3.1,4,16.022016666666666,0.19348375828677417,0.775,2,41.5,1075.7253500000002,1055.7253500000002,1060.7253500000002,1065.7253500000002,1070.7253500000002
RED,2017-05-06 13:30:56.333,2017-05-06 13:55:41.619,6.31,6,24.75476666666667,0.25490040302002437,1.0516666666666665,2,38.5,1100.4801166666668,1080.4801166666668,1085.4801166666668,1090.4801166666668,1095.4801166666668
RED,2017-05-06 18:35:06.718,2017-05-06 19:29:03.180,15.43,28,53.94103333333333,0.2860531036669054,0.5510714285714285,2,24.5,1154.4211500000001,1134.4211500000001,1139.4211500000001,1144.4211500000001,1149.4211500000001
RED,2017-05-06 19:59:41.801,2017-05-06 20:09:46.188,2.02,2,10.073116666666666,0.20053376396249425,1.01,2,23.5,1164.4942666666668,1144.4942666666668,1149.4942666666668,1154.4942666666668,1159.4942666666668
RED,2017-05-06 20:11:14.032,2017-05-06 20:35:18.707,4.84,4,24.077916666666667,0.20101406890823195,1.21,2,21.5,1188.5721833333334,1168.5721833333334,1173.5721833333334,1178.5721833333334,1183.5721833333334
RED,2017-05-10 07:50:31.426,2017-05-10 17:58:37.013,108.31,372,608.0931166666667,0.17811416875381503,0.2911559139784946,2,-86.0,180.40355,160.40355,165.40355,170.40355,175.40355
RED,2017-05-24 10:04:29.762,2017-05-24 14:31:39.408,42.8,3,267.1607666666667,0.1602031635633126,14.266666666666666,2,31.0,134.87445000000002,114.87445000000002,119.87445000000002,124.87445000000002,129.87445000000002
RED,2017-05-24 14:33:03.549,2017-05-24 14:49:09.194,3.23,8,16.094083333333334,0.20069487233921368,0.40375,2,27.0,150.9685333333333,130.9685333333333,135.9685333333333,140.9685333333333,145.9685333333333
RED,2017-05-27 01:56:43.522,2017-05-28 03:35:15.905,82.2,184,1538.5397166666667,0.05342728504798755,0.44673913043478264,2,8.0,1029.6025333333334,1009.6025333333334,1014.6025333333334,1019.6025333333334,1024.6025333333334
RED,2017-06-22 17:27:51.442,2017-06-22 18:12:14.655,11.82,13,44.38688333333334,0.2662948851631469,0.9092307692307693,2,27.5,8.416133333333391,-11.583866666666609,-6.583866666666609,-1.5838666666666086,3.4161333333333914
RED,2017-06-22 18:23:04.811,2017-06-22 18:59:23.777,7.05,10,36.3161,0.1941287748409108,0.705,2,22.5,44.7322333333334,24.732233333333397,29.732233333333397,34.7322333333334,39.7322333333334
RED,2017-06-25 01:56:16.441,2017-06-25 11:51:40.389,83.19,2,595.3991333333332,0.13972139921377114,41.595,2,61.0,260.36333333333323,240.36333333333323,245.36333333333323,250.36333333333323,255.36333333333323
RED,2017-06-25 12:07:42.940,2017-06-25 12:46:31.443,7.87,12,38.80838333333334,0.20279123539888072,0.6558333333333334,2,55.0,299.1717166666666,279.1717166666666,284.1717166666666,289.1717166666666,294.1717166666666
RED,2017-06-25 13:00:40.257,2017-06-25 13:11:03.674,2.22,4,10.390283333333334,0.2136611609885518,0.555,2,53.0,309.5619999999999,289.5619999999999,294.5619999999999,299.5619999999999,304.5619999999999
RED,2017-06-25 16:44:24.836,2017-06-25 16:58:26.500,3.65,4,14.027733333333334,0.26019884419435785,0.9125,2,51.0,323.58973333333324,303.58973333333324,308.58973333333324,313.58973333333324,318.58973333333324
RED,2017-06-26 16:24:22.112,2017-06-26 16:31:09.763,2.0,2,6.794183333333334,0.2943694483761845,1.0,2,50.0,330.38391666666655,310.38391666666655,315.38391666666655,320.38391666666655,325.38391666666655
RED,2017-06-26 17:01:24.547,2017-06-26 17:14:20.912,2.62,3,12.939416666666666,0.2024820799495083,0.8733333333333334,2,48.5,343.32333333333327,323.32333333333327,328.32333333333327,333.32333333333327,338.32333333333327
RED,2017-06-26 18:22:35.504,2017-06-26 18:36:49.414,4.0,4,14.231833333333332,0.28106006487803165,1.0,2,46.5,357.55516666666654,337.55516666666654,342.55516666666654,347.55516666666654,352.55516666666654
RED,2017-06-26 18:40:55.239,2017-06-26 19:06:11.745,5.04,11,25.275100000000002,0.19940573924534422,0.4581818181818182,2,41.0,382.8302666666666,362.8302666666666,367.8302666666666,372.8302666666666,377.8302666666666
RED,2017-06-26 19:13:47.896,2017-06-26 19:27:04.306,2.46,3,13.2735,0.18533167589558142,0.82,2,39.5,396.1037666666666,376.1037666666666,381.1037666666666,386.1037666666666,391.1037666666666
RED,2017-06-26 22:27:27.488,2017-06-26 22:44:25.452,3.43,7,16.966066666666666,0.20216824956481763,0.49000000000000005,2,36.0,413.06983333333324,393.06983333333324,398.06983333333324,403.06983333333324,408.06983333333324
RED,2017-06-27 12:32:56.325,2017-06-27 13:01:59.841,7.11,10,29.058600000000002,0.2446779954987508,0.7110000000000001,2,31.0,442.1284333333332,422.1284333333332,427.1284333333332,432.1284333333332,437.1284333333332
RED,2017-06-27 13:22:58.617,2017-06-27 14:16:20.771,10.52,13,53.369233333333334,0.19711731540706662,0.8092307692307692,2,24.5,495.49766666666665,475.49766666666665,480.49766666666665,485.49766666666665,490.49766666666665
RED,2017-06-30 22:07:20.271,2017-06-30 22:22:32.217,3.91,8,15.1991,0.25725207413596857,0.48875,2,29.5,3.3354166666666742,-16.664583333333326,-11.664583333333326,-6.664583333333326,-1.6645833333333258
RED,2017-06-30 22:26:06.844,2017-06-30 22:29:05.884,0.61,0,2.984,0.20442359249329758,inf,2,29.5,6.3194166666667115,-13.680583333333288,-8.680583333333288,-3.6805833333332885,1.3194166666667115
RED,2017-07-01 10:34:23.647,2017-07-01 11:29:33.289,9.42,5,55.1607,0.1707737574033687,1.884,2,27.0,61.48011666666673,41.48011666666673,46.48011666666673,51.48011666666673,56.48011666666673
RED,2017-07-01 11:49:05.513,2017-07-01 12:02:19.201,3.39,3,13.228133333333334,0.25627198596929773,1.1300000000000001,2,25.5,74.70825000000002,54.70825000000002,59.70825000000002,64.70825000000002,69.70825000000002
RED,2017-07-01 12:12:34.603,2017-07-01 12:32:37.462,5.46,4,20.047649999999997,0.27235112344838425,1.365,2,23.5,94.7559,74.7559,79.7559,84.7559,89.7559
RED,2017-07-12 15:27:07.951,2017-07-12 16:06:32.773,7.57,9,39.4137,0.19206519560457405,0.8411111111111111,2,21.0,20.74588333333338,0.7458833333333814,5.745883333333381,10.745883333333381,15.745883333333381
RED,2017-07-13 21:15:26.115,2017-07-13 21:38:19.989,4.56,8,22.8979,0.19914489975063213,0.57,2,24.0,1.2586999999999762,-18.741300000000024,-13.741300000000024,-8.741300000000024,-3.741300000000024
RED,2017-08-05 18:04:05.203,2017-08-05 18:21:23.581,3.43,15,17.3063,0.19819372136158508,0.22866666666666668,2,28.5,1.496916666666607,-18.503083333333393,-13.503083333333393,-8.503083333333393,-3.503083333333393
RED,2017-08-05 18:31:48.955,2017-08-05 18:38:58.443,1.41,1,7.158133333333334,0.1969787281600417,1.41,2,28.0,8.65504999999996,-11.34495000000004,-6.34495000000004,-1.3449500000000398,3.65504999999996
RED,2017-08-05 18:39:48.872,2017-08-05 18:54:50.801,3.03,7,15.03215,0.2015679726452969,0.43285714285714283,2,24.5,23.68719999999996,3.6871999999999616,8.687199999999962,13.687199999999962,18.68719999999996
RED,2017-08-05 19:30:23.457,2017-08-05 19:40:27.181,2.86,4,10.062066666666668,0.28423584286859555,0.715,2,22.5,33.749266666666585,13.749266666666585,18.749266666666585,23.749266666666585,28.749266666666585
RED,2017-08-05 19:41:50.109,2017-08-05 19:50:59.407,1.82,3,9.154966666666667,0.19879919460839107,0.6066666666666667,2,21.0,42.90423333333331,22.90423333333331,27.90423333333331,32.90423333333331,37.90423333333331
RED,2017-08-05 19:52:15.326,2017-08-05 19:56:06.364,0.81,1,3.8506333333333336,0.2103550065357214,0.81,2,20.5,46.75486666666666,26.754866666666658,31.754866666666658,36.75486666666666,41.75486666666666
RED,2017-08-09 11:55:47.587,2017-08-09 12:33:46.556,7.66,14,37.982816666666665,0.2016701411910386,0.5471428571428572,2,37.0,35.29133333333334,15.291333333333341,20.29133333333334,25.29133333333334,30.29133333333334
RED,2017-08-09 16:21:48.548,2017-08-09 16:53:12.241,6.33,11,31.394883333333333,0.20162521175159648,0.5754545454545454,2,31.5,66.68621666666672,46.68621666666672,51.68621666666672,56.68621666666672,61.68621666666672
RED,2017-08-09 16:59:13.822,2017-08-09 17:08:03.050,1.82,3,8.820466666666666,0.20633828897941908,0.6066666666666667,2,30.0,75.50668333333329,55.506683333333285,60.506683333333285,65.50668333333329,70.50668333333329
RED,2017-08-14 17:08:01.109,2017-08-14 17:43:39.614,9.38,12,35.64175,0.2631745074245793,0.7816666666666667,2,24.0,20.943750000000023,0.9437500000000227,5.943750000000023,10.943750000000023,15.943750000000023
RED,2017-08-14 17:48:29.880,2017-08-14 18:07:31.090,3.95,4,19.020166666666668,0.20767431060015246,0.9875,2,22.0,39.963916666666705,19.963916666666705,24.963916666666705,29.963916666666705,34.963916666666705
RED,2017-08-14 18:09:16.964,2017-08-14 18:13:59.648,1.01,0,4.7114,0.2143736468990109,inf,2,22.0,44.67531666666673,24.67531666666673,29.67531666666673,34.67531666666673,39.67531666666673
RED,2017-08-31 20:22:19.876,2017-08-31 20:37:00.686,2.78,2,14.680166666666667,0.189371147012409,1.39,2,25.5,4.198700000000031,-15.80129999999997,-10.80129999999997,-5.801299999999969,-0.8012999999999693
RED,2017-08-31 20:41:48.141,2017-08-31 20:54:38.790,2.62,5,12.84415,0.20398391485617964,0.524,2,23.0,17.042850000000044,-2.957149999999956,2.042850000000044,7.042850000000044,12.042850000000044
RED,2017-09-04 20:51:20.890,2017-09-04 22:38:21.505,18.52,20,107.01025,0.17306753325031948,0.9259999999999999,2,21.5,13.773500000000013,-6.226499999999987,-1.2264999999999873,3.7735000000000127,8.773500000000013
RED,2017-09-10 17:25:35.193,2017-09-11 17:00:53.633,66.39,176,1415.3073333333334,0.04690853953511157,0.3772159090909091,2,12.0,1121.8262666666667,1101.8262666666667,1106.8262666666667,1111.8262666666667,1116.8262666666667
RED,2017-09-14 20:50:24.025,2017-09-16 02:38:40.849,99.71,237,1788.2803999999999,0.055757475170001305,0.42071729957805903,2,-18.5,1448.4964,1428.4964,1433.4964,1438.4964,1443.4964
RED,2017-10-22 10:45:16.610,2017-10-22 22:34:22.593,8.77,236,709.0997166666667,0.012367795098305753,0.03716101694915254,2,-18.0,517.0428666666667,497.04286666666667,502.04286666666667,507.04286666666667,512.0428666666667
RED,2017-10-26 13:41:40.995,2017-10-26 14:13:42.828,7.21,11,32.03055,0.2250976021329637,0.6554545454545454,2,29.5,10.505049999999983,-9.494950000000017,-4.494950000000017,0.5050499999999829,5.505049999999983
RED,2017-10-26 14:18:11.189,2017-10-26 14:27:19.181,2.18,2,9.133199999999999,0.2386896159068016,1.09,2,28.5,19.63824999999997,-0.3617500000000291,4.638249999999971,9.638249999999971,14.638249999999971
RED,2017-10-26 14:48:51.864,2017-10-26 15:05:58.386,3.93,5,17.1087,0.22970769257746063,0.786,2,26.0,36.74694999999997,16.74694999999997,21.74694999999997,26.74694999999997,31.74694999999997
RED,2017-10-26 15:08:41.948,2017-10-26 15:19:21.484,2.4,3,10.658933333333332,0.22516324335142981,0.7999999999999999,2,24.5,47.40588333333335,27.40588333333335,32.40588333333335,37.40588333333335,42.40588333333335
RED,2017-10-26 17:46:31.404,2017-10-26 17:50:49.584,1.09,2,4.303,0.25331164303973974,0.545,2,23.5,51.70888333333335,31.708883333333347,36.70888333333335,41.70888333333335,46.70888333333335
RED,2017-10-26 17:51:29.161,2017-10-26 18:08:20.787,4.69,2,16.860433333333333,0.2781660416003543,2.345,2,22.5,68.56931666666662,48.56931666666662,53.56931666666662,58.56931666666662,63.56931666666662
RED,2017-11-16 05:28:55.959,2017-11-16 05:35:25.813,1.53,3,6.497566666666667,0.23547276672805717,0.51,2,32.0,0.8682666666666137,-19.131733333333386,-14.131733333333386,-9.131733333333386,-4.131733333333386
RED,2017-11-16 05:42:57.390,2017-11-16 05:55:03.612,3.39,7,12.1037,0.2800796450672109,0.4842857142857143,2,28.5,12.971966666666617,-7.028033333333383,-2.028033333333383,2.971966666666617,7.971966666666617
RED,2017-11-16 09:09:41.617,2017-11-16 09:21:47.893,3.39,4,12.1046,0.280058820613651,0.8475,2,26.5,25.076566666666622,5.076566666666622,10.076566666666622,15.076566666666622,20.076566666666622
RED,2017-11-16 09:23:45.064,2017-11-16 09:28:07.391,1.3,2,4.372116666666667,0.2973388175826354,0.65,2,25.5,29.448683333333292,9.448683333333292,14.448683333333292,19.448683333333292,24.448683333333292
RED,2017-11-16 09:44:52.961,2017-11-16 09:58:52.522,3.06,4,13.992683333333334,0.21868571789304173,0.765,2,23.5,43.44136666666668,23.44136666666668,28.44136666666668,33.44136666666668,38.44136666666668
RED,2017-11-16 10:01:47.248,2017-11-16 10:15:27.741,3.06,5,13.674883333333334,0.22376790539346467,0.612,2,21.0,57.116250000000036,37.116250000000036,42.116250000000036,47.116250000000036,52.116250000000036
RED,2017-12-20 17:22:59.017,2017-12-20 17:36:08.024,3.65,3,13.150116666666666,0.2775640773782742,1.2166666666666666,2,32.5,1.538816666666662,-18.461183333333338,-13.461183333333338,-8.461183333333338,-3.461183333333338
RED,2017-12-20 18:01:16.692,2017-12-20 18:26:27.149,6.77,11,25.174283333333335,0.26892523256206563,0.6154545454545454,2,27.0,26.71309999999994,6.71309999999994,11.71309999999994,16.71309999999994,21.71309999999994
RED,2017-12-20 18:36:00.508,2017-12-20 19:01:41.251,6.77,12,25.67905,0.2636390364908359,0.5641666666666666,2,21.0,52.392150000000015,32.392150000000015,37.392150000000015,42.392150000000015,47.392150000000015
RED,2017-01-25 10:18:54.483,2017-01-25 18:04:39.464,66.39,38,465.74968333333334,0.14254438033076494,1.7471052631578947,3,33.0,245.20333333333338,225.20333333333338,230.20333333333338,235.20333333333338,240.20333333333338
RED,2017-01-25 19:45:34.091,2017-01-25 20:02:51.268,4.43,4,17.286283333333333,0.2562725552147801,1.1075,3,31.0,262.4896166666666,242.48961666666662,247.48961666666662,252.48961666666662,257.4896166666666
RED,2017-01-28 19:52:15.875,2017-01-28 20:21:31.150,5.37,5,29.254583333333336,0.18356098047314523,1.074,3,43.00000000000001,13.193733333333284,-6.8062666666667155,-1.8062666666667155,3.1937333333332845,8.193733333333284
RED,2017-01-28 20:21:44.200,2017-01-28 21:08:05.545,9.28,19,46.35574999999999,0.20019091482717896,0.4884210526315789,3,33.5,59.54948333333334,39.54948333333334,44.54948333333334,49.54948333333334,54.54948333333334
RED,2017-01-28 21:09:42.482,2017-01-28 21:23:50.585,2.82,5,14.13505,0.1995040696707829,0.564,3,31.0,73.68453333333332,53.68453333333332,58.68453333333332,63.68453333333332,68.68453333333332
RED,2017-01-28 21:25:08.068,2017-01-28 21:37:03.637,2.34,5,11.92615,0.19620749361696774,0.46799999999999997,3,28.5,85.61068333333333,65.61068333333333,70.61068333333333,75.61068333333333,80.61068333333333
RED,2017-02-06 02:37:20.278,2017-02-07 11:39:13.207,132.78,69,1981.8821500000001,0.06699692007418301,1.9243478260869566,3,65.5,1441.8821500000001,1421.8821500000001,1426.8821500000001,1431.8821500000001,1436.8821500000001
RED,2017-02-08 04:45:19.229,2017-02-08 04:53:45.813,1.61,4,8.443066666666667,0.1906890071537988,0.4025,3,63.5,1450.3252166666668,1430.3252166666668,1435.3252166666668,1440.3252166666668,1445.3252166666668
RED,2017-02-08 08:00:48.813,2017-02-08 08:16:03.170,3.06,4,15.239283333333333,0.20079684412105994,0.765,3,61.5,1465.5645000000002,1445.5645000000002,1450.5645000000002,1455.5645000000002,1460.5645000000002
RED,2017-02-08 14:47:08.983,2017-02-08 14:52:30.395,1.01,2,5.356866666666666,0.18854305377521688,0.505,3,60.5,1470.9213666666667,1450.9213666666667,1455.9213666666667,1460.9213666666667,1465.9213666666667
RED,2017-02-08 14:53:58.767,2017-02-08 15:03:23.275,2.02,4,9.408466666666667,0.21470023454052023,0.505,3,58.5,1480.3298333333335,1460.3298333333335,1465.3298333333335,1470.3298333333335,1475.3298333333335
RED,2017-02-08 15:18:56.398,2017-02-08 16:43:46.343,16.26,27,84.83241666666666,0.19167201217301957,0.6022222222222223,3,44.99999999999999,1565.1622500000003,1545.1622500000003,1550.1622500000003,1555.1622500000003,1560.1622500000003
RED,2017-02-08 16:46:13.051,2017-02-08 16:54:44.357,2.34,2,8.521766666666666,0.2745909494510137,1.17,3,43.99999999999999,1573.6840166666666,1553.6840166666666,1558.6840166666666,1563.6840166666666,1568.6840166666666
RED,2017-02-08 17:18:24.396,2017-02-08 17:35:21.060,3.43,6,16.944399999999998,0.20242676046363403,0.5716666666666667,3,41.0,1590.628416666667,1570.628416666667,1575.628416666667,1580.628416666667,1585.628416666667
RED,2017-02-08 17:36:42.903,2017-02-08 18:22:16.617,8.74,15,45.5619,0.19182694312572565,0.5826666666666667,3,33.5,1636.1903166666666,1616.1903166666666,1621.1903166666666,1626.1903166666666,1631.1903166666666
RED,2017-02-08 18:34:06.790,2017-02-08 18:43:06.715,1.82,4,8.99875,0.20225031254340883,0.455,3,31.5,1645.1890666666668,1625.1890666666668,1630.1890666666668,1635.1890666666668,1640.1890666666668
RED,2017-02-08 18:44:03.432,2017-02-08 19:05:16.369,4.24,8,21.215616666666666,0.19985278140237892,0.53,3,27.5,1666.4046833333337,1646.4046833333337,1651.4046833333337,1656.4046833333337,1661.4046833333337
RED,2017-02-08 20:01:31.336,2017-02-08 20:07:27.911,1.21,1,5.942916666666666,0.20360372993058964,1.21,3,27.0,1672.3476,1652.3476,1657.3476,1662.3476,1667.3476
RED,2017-02-08 20:39:33.875,2017-02-08 20:48:22.530,1.82,3,8.810916666666666,0.20656193547776908,0.6066666666666667,3,25.5,1681.1585166666669,1661.1585166666669,1666.1585166666669,1671.1585166666669,1676.1585166666669
RED,2017-02-08 20:52:41.739,2017-02-08 21:10:24.224,3.63,7,17.70808333333333,0.20499112928653113,0.5185714285714286,3,22.0,1698.8666000000003,1678.8666000000003,1683.8666000000003,1688.8666000000003,1693.8666000000003
RED,2017-02-21 11:22:14.587,2017-02-21 12:56:33.466,17.49,9,94.31465,0.18544308863999387,1.9433333333333331,3,27.0,49.29769999999996,29.297699999999963,34.29769999999996,39.29769999999996,44.29769999999996
RED,2017-02-21 13:12:13.755,2017-02-21 13:21:00.807,1.82,2,8.7842,0.2071901823728968,0.91,3,26.0,58.08190000000002,38.08190000000002,43.08190000000002,48.08190000000002,53.08190000000002
RED,2017-02-21 16:56:41.881,2017-02-21 17:21:04.811,5.04,7,24.382166666666667,0.20670845494999762,0.72,3,22.5,82.46406666666667,62.46406666666667,67.46406666666667,72.46406666666667,77.46406666666667
RED,2017-02-21 17:23:15.361,2017-02-21 17:38:07.215,3.03,4,14.864233333333335,0.20384502396132098,0.7575,3,20.5,97.32830000000001,77.32830000000001,82.32830000000001,87.32830000000001,92.32830000000001
RED,2017-02-23 16:37:19.944,2017-02-23 16:57:54.288,4.24,7,20.572400000000002,0.2061013785460131,0.6057142857142858,3,28.0,20.26845000000003,0.26845000000002983,5.26845000000003,10.26845000000003,15.26845000000003
RED,2017-02-23 17:14:13.199,2017-02-23 18:11:29.902,9.74,3,57.27838333333333,0.1700466988273354,3.2466666666666666,3,26.5,77.54683333333332,57.546833333333325,62.546833333333325,67.54683333333332,72.54683333333332
RED,2017-02-23 18:13:40.479,2017-02-23 18:22:45.908,1.82,3,9.090483333333333,0.2002093764724648,0.6066666666666667,3,25.0,86.63731666666672,66.63731666666672,71.63731666666672,76.63731666666672,81.63731666666672
RED,2017-02-23 18:52:43.163,2017-02-23 19:17:07.877,4.84,6,24.4119,0.1982639614286475,0.8066666666666666,3,22.0,111.04921666666667,91.04921666666667,96.04921666666667,101.04921666666667,106.04921666666667
RED,2017-02-23 19:30:08.436,2017-02-23 19:40:32.999,2.02,3,10.409383333333333,0.19405568373406687,0.6733333333333333,3,20.5,121.45860000000005,101.45860000000005,106.45860000000005,111.45860000000005,116.45860000000005
RED,2017-02-28 12:08:35.431,2017-02-28 19:50:10.629,88.33,31,461.58663333333334,0.1913616938214343,2.849354838709677,3,43.50000000000001,201.00779999999997,181.00779999999997,186.00779999999997,191.00779999999997,196.00779999999997
RED,2017-02-28 20:01:37.394,2017-02-28 20:12:35.711,2.87,4,10.97195,0.2615761099895643,0.7175,3,41.5,211.97974999999997,191.97974999999997,196.97974999999997,201.97974999999997,206.97974999999997
RED,2017-02-28 20:48:47.245,2017-02-28 21:39:10.993,10.2,24,50.3958,0.20239781886585784,0.425,3,29.5,262.37555,242.37554999999998,247.37554999999998,252.37554999999998,257.37555
RED,2017-03-01 01:40:43.490,2017-03-01 02:02:25.693,6.29,5,21.70338333333333,0.289816564698438,1.258,3,27.0,284.07893333333334,264.07893333333334,269.07893333333334,274.07893333333334,279.07893333333334
RED,2017-03-01 02:21:28.012,2017-03-01 02:28:18.762,1.41,4,6.845833333333333,0.20596469872185028,0.3525,3,25.0,290.92476666666664,270.92476666666664,275.92476666666664,280.92476666666664,285.92476666666664
RED,2017-03-01 07:47:38.597,2017-03-01 08:04:00.232,3.43,5,16.360583333333334,0.2096502264079826,0.686,3,22.5,307.28535,287.28535,292.28535,297.28535,302.28535
RED,2017-03-04 20:01:24.958,2017-03-04 20:28:56.898,5.45,14,27.532333333333334,0.19794907805368234,0.3892857142857143,3,26.5,20.91795000000002,0.9179500000000189,5.917950000000019,10.917950000000019,15.917950000000019
RED,2017-03-04 20:29:31.511,2017-03-04 20:42:46.508,2.62,4,13.24995,0.19773659523243484,0.655,3,24.5,34.16790000000003,14.167900000000031,19.16790000000003,24.16790000000003,29.16790000000003
RED,2017-03-04 20:43:20.996,2017-03-04 20:59:53.106,4.86,6,16.535166666666665,0.293919021076292,0.81,3,21.5,50.7030666666667,30.7030666666667,35.7030666666667,40.7030666666667,45.7030666666667
RED,2017-03-30 09:48:08.798,2017-03-30 11:57:22.554,21.52,12,129.22926666666666,0.1665257457160117,1.7933333333333332,3,24.5,0.03375000000005457,-19.966249999999945,-14.966249999999945,-9.966249999999945,-4.966249999999945
RED,2017-03-30 12:24:32.650,2017-03-30 12:43:58.142,4.03,6,19.424866666666667,0.20746603151287182,0.6716666666666667,3,21.5,19.45861666666667,-0.5413833333333287,4.458616666666671,9.458616666666671,14.458616666666671
RED,2017-04-01 17:26:04.102,2017-04-01 17:47:13.177,4.44,10,21.15125,0.2099166715915135,0.44400000000000006,3,26.5,7.824383333333344,-12.175616666666656,-7.175616666666656,-2.175616666666656,2.824383333333344
RED,2017-04-01 17:47:36.069,2017-04-01 18:05:13.301,3.63,6,17.620533333333334,0.20600965540203095,0.605,3,23.5,25.4449166666667,5.4449166666667,10.4449166666667,15.4449166666667,20.4449166666667
RED,2017-04-05 00:30:10.991,2017-04-05 00:41:12.009,2.22,3,11.016966666666667,0.20150737196263946,0.7400000000000001,3,64.0,2.290583333333302,-17.709416666666698,-12.709416666666698,-7.709416666666698,-2.709416666666698
RED,2017-04-05 01:26:40.462,2017-04-05 01:33:01.441,1.71,2,6.34965,0.26930618223051667,0.855,3,63.0,8.640233333333299,-11.359766666666701,-6.359766666666701,-1.359766666666701,3.640233333333299
RED,2017-04-05 04:41:31.474,2017-04-05 04:50:46.851,1.82,5,9.256283333333332,0.19662319469477493,0.364,3,60.5,17.896516666666685,-2.1034833333333154,2.8965166666666846,7.896516666666685,12.896516666666685
RED,2017-04-05 07:39:10.413,2017-04-05 07:58:43.581,5.71,6,19.552799999999998,0.29202978601530216,0.9516666666666667,3,57.5,37.44931666666673,17.449316666666732,22.449316666666732,27.449316666666732,32.44931666666673
RED,2017-04-05 08:06:07.453,2017-04-05 08:30:13.052,4.84,5,24.093316666666666,0.20088558445322666,0.968,3,55.0,61.542633333333356,41.542633333333356,46.542633333333356,51.542633333333356,56.542633333333356
RED,2017-04-05 08:30:31.880,2017-04-05 09:46:44.442,16.83,23,76.20936666666667,0.2208389957314958,0.7317391304347826,3,43.50000000000001,137.75199999999995,117.75199999999995,122.75199999999995,127.75199999999995,132.75199999999995
RED,2017-04-05 09:56:20.439,2017-04-05 10:21:54.157,5.24,8,25.561966666666667,0.20499205199391285,0.655,3,39.5,163.31396666666672,143.31396666666672,148.31396666666672,153.31396666666672,158.31396666666672
RED,2017-04-05 10:41:25.870,2017-04-05 10:52:17.345,3.14,4,10.857916666666666,0.2891899151924479,0.785,3,37.5,174.1718833333333,154.1718833333333,159.1718833333333,164.1718833333333,169.1718833333333
RED,2017-04-05 11:40:52.437,2017-04-05 11:50:09.747,2.02,2,9.288499999999999,0.21747321957258978,1.01,3,36.5,183.4603833333333,163.4603833333333,168.4603833333333,173.4603833333333,178.4603833333333
RED,2017-04-05 12:32:09.659,2017-04-05 12:56:06.691,4.84,17,23.950533333333333,0.20208318255960897,0.28470588235294114,3,28.0,207.4109166666667,187.4109166666667,192.4109166666667,197.4109166666667,202.4109166666667
RED,2017-04-05 13:11:38.860,2017-04-05 13:27:59.448,3.14,6,16.343133333333334,0.19212962018707141,0.5233333333333333,3,25.0,223.75405,203.75405,208.75405,213.75405,218.75405
RED,2017-04-05 13:51:14.021,2017-04-05 14:15:54.068,5.04,8,24.66745,0.2043178358525101,0.63,3,21.0,248.42150000000004,228.42150000000004,233.42150000000004,238.42150000000004,243.42150000000004
RED,2017-04-07 07:49:44.976,2017-04-07 08:19:44.268,5.97,20,29.9882,0.19907830413295896,0.2985,3,35.0,19.048466666666627,-0.9515333333333729,4.048466666666627,9.048466666666627,14.048466666666627
RED,2017-04-07 08:25:27.665,2017-04-07 08:39:16.408,3.65,4,13.812383333333335,0.2642556256885427,0.9125,3,33.0,32.86085000000003,12.860850000000028,17.860850000000028,22.860850000000028,27.860850000000028
RED,2017-04-07 08:53:42.577,2017-04-07 09:01:00.559,1.41,3,7.2997000000000005,0.1931586229571078,0.47,3,31.5,40.160549999999944,20.160549999999944,25.160549999999944,30.160549999999944,35.160549999999944
RED,2017-04-07 10:27:52.393,2017-04-07 10:43:29.076,3.23,7,15.611383333333333,0.20690030672063014,0.4614285714285714,3,28.0,55.77193333333332,35.77193333333332,40.77193333333332,45.77193333333332,50.77193333333332
RED,2017-04-07 11:04:45.406,2017-04-07 11:20:46.222,4.57,4,16.0136,0.285382424938802,1.1425,3,26.0,71.78553333333332,51.78553333333332,56.78553333333332,61.78553333333332,66.78553333333332
RED,2017-04-07 14:30:45.333,2017-04-07 14:57:05.859,6.77,6,26.342100000000002,0.2570030483522574,1.1283333333333332,3,23.0,98.12763333333328,78.12763333333328,83.12763333333328,88.12763333333328,93.12763333333328
RED,2017-04-07 15:33:48.098,2017-04-07 15:44:41.074,3.14,3,10.882933333333334,0.28852515253240546,1.0466666666666666,3,21.5,109.0105666666667,89.0105666666667,94.0105666666667,99.0105666666667,104.0105666666667
RED,2017-04-09 02:27:29.641,2017-04-09 02:45:40.024,2.71,0,18.17305,0.14912191404304725,inf,3,45.49999999999999,0.017483333333302653,-19.982516666666697,-14.982516666666697,-9.982516666666697,-4.982516666666697
RED,2017-04-09 06:00:07.235,2017-04-09 06:10:10.473,1.82,0,10.053966666666668,0.18102307878482454,inf,3,45.49999999999999,10.071450000000027,-9.928549999999973,-4.928549999999973,0.0714500000000271,5.071450000000027
RED,2017-04-09 07:37:28.656,2017-04-09 07:50:45.516,2.82,6,13.281,0.2123334086288683,0.47,3,42.50000000000001,23.352449999999976,3.352449999999976,8.352449999999976,13.352449999999976,18.352449999999976
RED,2017-04-09 10:17:30.143,2017-04-09 10:35:27.619,3.55,3,17.957933333333337,0.19768421756029828,1.1833333333333333,3,41.0,41.310383333333334,21.310383333333334,26.310383333333334,31.310383333333334,36.310383333333334
RED,2017-04-09 10:50:57.005,2017-04-09 10:58:36.105,1.61,2,7.651666666666667,0.2104116750163363,0.805,3,40.0,48.96204999999998,28.962049999999977,33.96204999999998,38.96204999999998,43.96204999999998
RED,2017-04-09 12:20:42.540,2017-04-09 12:29:16.848,1.61,3,8.5718,0.1878251942415829,0.5366666666666667,3,38.5,57.53385000000003,37.53385000000003,42.53385000000003,47.53385000000003,52.53385000000003
RED,2017-04-09 12:36:59.732,2017-04-09 13:47:39.861,13.97,35,70.66881666666667,0.1976826648434517,0.3991428571428572,3,21.0,128.2026666666667,108.20266666666669,113.20266666666669,118.20266666666669,123.20266666666669
RED,2017-04-20 06:32:15.908,2017-04-20 16:35:52.856,49.58,81,603.6157999999999,0.0821383403151475,0.6120987654320987,3,59.5,63.61579999999992,43.61579999999992,48.61579999999992,53.61579999999992,58.61579999999992
RED,2017-04-21 15:06:16.512,2017-04-21 15:57:43.541,9.91,11,51.45048333333333,0.1926123790868178,0.9009090909090909,3,54.0,115.06628333333322,95.06628333333322,100.06628333333322,105.06628333333322,110.06628333333322
RED,2017-04-21 17:17:30.121,2017-04-21 17:46:30.466,7.91,5,29.00575,0.27270454995992177,1.582,3,51.5,144.07203333333325,124.07203333333325,129.07203333333325,134.07203333333325,139.07203333333325
RED,2017-04-21 18:19:58.430,2017-04-21 18:38:23.562,3.54,4,18.418866666666666,0.19219423562072224,0.885,3,49.5,162.4908999999999,142.4908999999999,147.4908999999999,152.4908999999999,157.4908999999999
RED,2017-04-21 18:54:36.572,2017-04-21 19:05:04.051,2.22,3,10.457983333333335,0.21227802045964883,0.7400000000000001,3,48.0,172.94888333333324,152.94888333333324,157.94888333333324,162.94888333333324,167.94888333333324
RED,2017-04-21 19:14:14.996,2017-04-21 19:28:42.275,3.91,5,14.454649999999999,0.2705011881989533,0.782,3,45.49999999999999,187.40353333333326,167.40353333333326,172.40353333333326,177.40353333333326,182.40353333333326
RED,2017-04-21 19:39:49.989,2017-04-21 19:50:09.903,2.22,2,10.3319,0.21486851401968662,1.11,3,44.49999999999999,197.73543333333328,177.73543333333328,182.73543333333328,187.73543333333328,192.73543333333328
RED,2017-04-21 19:50:50.051,2017-04-21 20:07:26.297,3.23,5,16.6041,0.19453026662089484,0.646,3,42.00000000000001,214.3395333333333,194.3395333333333,199.3395333333333,204.3395333333333,209.3395333333333
RED,2017-04-21 23:48:01.434,2017-04-22 00:10:05.183,5.73,13,22.062483333333333,0.2597169100788745,0.4407692307692308,3,35.5,236.40201666666655,216.40201666666655,221.40201666666655,226.40201666666655,231.40201666666655
RED,2017-04-22 00:51:00.076,2017-04-22 01:06:21.649,3.23,10,15.35955,0.2102926192499129,0.323,3,30.5,251.76156666666657,231.76156666666657,236.76156666666657,241.76156666666657,246.76156666666657
RED,2017-04-22 01:21:25.676,2017-04-22 01:38:28.958,3.43,6,17.0547,0.20111758049100834,0.5716666666666667,3,27.5,268.8162666666666,248.8162666666666,253.8162666666666,258.8162666666666,263.8162666666666
RED,2017-04-22 11:17:38.781,2017-04-22 11:25:40.853,1.61,3,8.034533333333334,0.20038500472958395,0.5366666666666667,3,26.0,276.85079999999994,256.85079999999994,261.85079999999994,266.85079999999994,271.85079999999994
RED,2017-04-22 12:09:53.625,2017-04-22 12:20:53.411,2.22,3,10.996433333333332,0.20188364105937384,0.7400000000000001,3,24.5,287.8472333333333,267.8472333333333,272.8472333333333,277.8472333333333,282.8472333333333
RED,2017-04-22 13:45:14.660,2017-04-22 13:52:34.186,1.61,2,7.325433333333334,0.21978221993693206,0.805,3,23.5,295.1726666666666,275.1726666666666,280.1726666666666,285.1726666666666,290.1726666666666
RED,2017-04-22 14:20:26.027,2017-04-22 14:39:24.705,3.75,4,18.977966666666667,0.19759756489543137,0.9375,3,21.5,314.1506333333333,294.1506333333333,299.1506333333333,304.1506333333333,309.1506333333333
RED,2017-05-05 17:53:05.721,2017-05-05 18:26:49.627,6.86,12,33.731766666666665,0.20336912880341282,0.5716666666666667,3,30.0,6.387583333333396,-13.612416666666604,-8.612416666666604,-3.612416666666604,1.3875833333333958
RED,2017-05-05 18:46:48.094,2017-05-05 19:16:28.397,8.57,14,29.67171666666667,0.2888272389587615,0.6121428571428572,3,23.0,36.05930000000001,16.059300000000007,21.059300000000007,26.059300000000007,31.059300000000007
RED,2017-05-09 09:26:48.697,2017-05-09 11:06:10.587,19.94,10,99.36483333333334,0.20067461828379926,1.9940000000000002,3,24.0,97.29786666666666,77.29786666666666,82.29786666666666,87.29786666666666,92.29786666666666
RED,2017-05-09 12:03:09.988,2017-05-09 12:20:20.976,4.69,6,17.183133333333334,0.2729420711007306,0.7816666666666667,3,21.0,114.481,94.481,99.481,104.481,109.481
RED,2017-05-11 22:12:55.961,2017-05-11 22:45:06.680,6.45,8,32.17865,0.20044346173627547,0.80625,3,21.5,9.786316666666721,-10.213683333333279,-5.213683333333279,-0.21368333333327882,4.786316666666721
RED,2017-06-16 21:06:45.403,2017-06-16 21:22:24.500,3.03,8,15.651616666666666,0.19359022550386168,0.37875,3,28.0,3.754033333333382,-16.245966666666618,-11.245966666666618,-6.245966666666618,-1.245966666666618
RED,2017-06-17 05:35:48.122,2017-06-17 05:56:09.839,4.24,7,20.36195,0.20823152988785457,0.6057142857142858,3,24.5,24.11598333333336,4.115983333333361,9.11598333333336,14.11598333333336,19.11598333333336
RED,2017-06-17 06:00:29.929,2017-06-17 06:17:02.764,3.23,8,16.547250000000002,0.19519859795434286,0.40375,3,20.5,40.663233333333324,20.663233333333324,25.663233333333324,30.663233333333324,35.663233333333324
RED,2017-06-19 08:37:29.816,2017-06-19 09:49:24.442,13.71,4,71.91043333333333,0.19065383650865686,3.4275,3,32.0,25.92268333333334,5.922683333333339,10.922683333333339,15.922683333333339,20.92268333333334
RED,2017-06-19 10:10:55.627,2017-06-19 10:19:44.090,1.82,4,8.807716666666666,0.20663698310004677,0.455,3,30.0,34.73040000000003,14.730400000000031,19.73040000000003,24.73040000000003,29.73040000000003
RED,2017-06-19 10:30:18.785,2017-06-19 10:36:14.007,1.21,1,5.920366666666666,0.20437923326820975,1.21,3,29.5,40.65076666666664,20.65076666666664,25.65076666666664,30.65076666666664,35.65076666666664
RED,2017-06-19 13:15:47.127,2017-06-19 13:35:40.619,3.91,5,19.89153333333333,0.19656604317414783,0.782,3,27.0,60.542299999999955,40.542299999999955,45.542299999999955,50.542299999999955,55.542299999999955
RED,2017-06-19 17:23:18.730,2017-06-19 17:34:19.125,2.22,2,11.006583333333333,0.20169746893904408,1.11,3,26.0,71.54888333333338,51.54888333333338,56.54888333333338,61.54888333333338,66.54888333333338
RED,2017-06-19 18:31:16.482,2017-06-19 18:47:58.054,3.43,4,16.692866666666667,0.2054769901714505,0.8575,3,24.0,88.24175000000002,68.24175000000002,73.24175000000002,78.24175000000002,83.24175000000002
RED,2017-06-19 18:48:56.808,2017-06-19 18:52:57.360,1.14,1,4.0092,0.28434600419036216,1.14,3,23.5,92.25094999999999,72.25094999999999,77.25094999999999,82.25094999999999,87.25094999999999
RED,2017-06-29 17:57:29.386,2017-06-30 17:55:30.996,83.19,163,1438.0268333333333,0.05785010270438857,0.5103680981595092,3,18.5,1021.4683500000001,1001.4683500000001,1006.4683500000001,1011.4683500000001,1016.4683500000001
RED,2017-07-05 17:20:47.406,2017-07-05 18:33:39.998,14.38,7,72.87653333333333,0.19732003351787683,2.0542857142857143,3,32.5,12.488683333333256,-7.511316666666744,-2.511316666666744,2.488683333333256,7.488683333333256
RED,2017-07-05 18:35:31.740,2017-07-05 18:56:45.994,4.24,6,21.237566666666666,0.19964622437912694,0.7066666666666667,3,29.5,33.726249999999936,13.726249999999936,18.726249999999936,23.726249999999936,28.726249999999936
RED,2017-07-05 18:59:16.475,2017-07-05 19:10:46.526,2.42,2,11.500850000000002,0.21041922988300862,1.21,3,28.5,45.22709999999995,25.22709999999995,30.22709999999995,35.22709999999995,40.22709999999995
RED,2017-07-05 21:18:14.690,2017-07-05 21:46:24.831,5.65,12,28.169016666666668,0.20057498161396003,0.4708333333333334,3,22.5,73.39611666666667,53.39611666666667,58.39611666666667,63.39611666666667,68.39611666666667
RED,2017-07-06 19:11:51.442,2017-07-07 13:07:00.142,83.19,3,1075.145,0.07737560980146864,27.73,3,88.5,600.6135166666666,580.6135166666666,585.6135166666666,590.6135166666666,595.6135166666666
RED,2017-07-07 13:08:28.504,2017-07-07 13:34:10.258,5.16,12,25.695899999999998,0.20081024599255137,0.43,3,82.5,626.3094166666665,606.3094166666665,611.3094166666665,616.3094166666665,621.3094166666665
RED,2017-07-07 13:45:02.228,2017-07-08 13:38:23.431,91.6,116,1433.3533833333333,0.0639060828021208,0.789655172413793,3,24.5,2059.6628,2039.6628,2044.6628,2049.6628,2054.6628
RED,2017-07-10 17:58:00.374,2017-07-10 20:23:50.522,26.06,23,145.83579999999998,0.17869412037373542,1.1330434782608696,3,30.0,26.495683333333318,6.495683333333318,11.495683333333318,16.495683333333318,21.495683333333318
RED,2017-07-10 20:37:12.050,2017-07-10 21:10:53.140,6.86,19,33.68483333333333,0.2036524845504159,0.3610526315789474,3,20.5,60.180516666666676,40.180516666666676,45.180516666666676,50.180516666666676,55.180516666666676
RED,2017-07-13 18:57:35.113,2017-07-14 01:35:38.829,66.39,77,398.06193333333334,0.16678309187732762,0.8622077922077922,3,27.0,52.520866666666734,32.520866666666734,37.520866666666734,42.520866666666734,47.520866666666734
RED,2017-07-14 07:26:10.622,2017-07-14 07:36:04.894,1.93,4,9.904533333333335,0.19486026600613857,0.4825,3,25.0,62.42539999999997,42.42539999999997,47.42539999999997,52.42539999999997,57.42539999999997
RED,2017-07-14 08:38:14.870,2017-07-14 08:42:16.788,0.81,1,4.0319666666666665,0.20089451797716584,0.81,3,24.5,66.45736666666664,46.457366666666644,51.457366666666644,56.457366666666644,61.457366666666644
RED,2017-07-14 10:25:10.119,2017-07-14 10:41:31.556,3.35,6,16.357283333333335,0.20480173459936807,0.5583333333333333,3,21.5,82.81465000000003,62.81465000000003,67.81465000000003,72.81465000000003,77.81465000000003
RED,2017-07-28 13:21:04.154,2017-07-28 14:11:24.307,12.72,23,50.33588333333333,0.2527024293140116,0.5530434782608696,3,23.5,8.129766666666683,-11.870233333333317,-6.870233333333317,-1.8702333333333172,3.129766666666683
RED,2017-07-28 14:22:55.970,2017-07-28 14:32:37.553,2.02,4,9.69305,0.20839673786888546,0.505,3,21.5,17.822816666666654,-2.177183333333346,2.822816666666654,7.822816666666654,12.822816666666654
RED,2017-07-28 15:34:45.066,2017-07-28 15:48:09.937,2.62,2,13.414516666666666,0.1953108013582301,1.31,3,20.5,31.237333333333254,11.237333333333254,16.237333333333254,21.237333333333254,26.237333333333254
RED,2017-08-12 00:10:00.424,2017-08-12 00:27:45.163,3.63,7,17.74565,0.2045571731663816,0.5185714285714286,3,21.5,2.0358999999999696,-17.96410000000003,-12.96410000000003,-7.96410000000003,-2.9641000000000304
RED,2017-08-23 19:00:33.267,2017-08-23 19:15:08.657,4.03,5,14.589833333333333,0.2762197420578257,0.806,3,22.0,10.387850000000071,-9.612149999999929,-4.612149999999929,0.3878500000000713,5.387850000000071
RED,2017-09-09 11:43:33.866,2017-09-09 12:17:51.111,9.46,8,34.287416666666665,0.2759029673179422,1.1825,3,31.5,29.197283333333303,9.197283333333303,14.197283333333303,19.197283333333303,24.197283333333303
RED,2017-09-09 12:21:10.343,2017-09-09 12:37:36.571,3.23,4,16.437133333333332,0.1965062845508341,0.8075,3,29.5,45.63441666666665,25.634416666666652,30.634416666666652,35.63441666666665,40.63441666666665
RED,2017-09-09 12:48:20.297,2017-09-09 13:08:09.605,4.03,7,19.8218,0.20331150551413094,0.5757142857142857,3,26.0,65.4562166666667,45.456216666666705,50.456216666666705,55.456216666666705,60.456216666666705
RED,2017-09-09 13:21:37.631,2017-09-09 13:44:18.388,6.57,8,22.679283333333334,0.28969169366756886,0.82125,3,22.0,88.13549999999998,68.13549999999998,73.13549999999998,78.13549999999998,83.13549999999998
RED,2017-09-11 08:49:22.192,2017-09-11 14:43:48.653,59.37,38,354.44101666666666,0.16750318729571412,1.5623684210526314,3,25.5,91.25139999999999,71.25139999999999,76.25139999999999,81.25139999999999,86.25139999999999
RED,2017-09-11 18:37:05.544,2017-09-11 18:46:05.663,1.82,2,9.001983333333333,0.20217766825458836,0.91,3,24.5,100.25338333333332,80.25338333333332,85.25338333333332,90.25338333333332,95.25338333333332
RED,2017-09-28 01:02:52.726,2017-09-29 19:01:45.855,235.75,78,2518.885483333333,0.09359298053043023,3.0224358974358974,3,38.0,2127.819833333333,2107.819833333333,2112.819833333333,2117.819833333333,2122.819833333333
RED,2017-09-29 19:30:55.840,2017-09-29 19:44:23.825,3.06,4,13.466416666666667,0.22723194118702697,0.765,3,36.0,2141.2862499999997,2121.2862499999997,2126.2862499999997,2131.2862499999997,2136.2862499999997
RED,2017-09-29 19:59:00.063,2017-09-29 20:09:25.442,2.4,4,10.422983333333333,0.23026037011156436,0.6,3,34.0,2151.709233333333,2131.709233333333,2136.709233333333,2141.709233333333,2146.709233333333
RED,2017-09-29 20:10:48.965,2017-09-29 20:46:44.342,9.38,7,35.92295,0.2611144129310093,1.34,3,30.5,2187.632183333333,2167.632183333333,2172.632183333333,2177.632183333333,2182.632183333333
RED,2017-09-29 20:50:48.759,2017-09-29 20:59:26.700,1.97,3,8.63235,0.22821132136671934,0.6566666666666666,3,29.0,2196.264533333333,2176.264533333333,2181.264533333333,2186.264533333333,2191.264533333333
RED,2017-10-06 17:48:27.209,2017-10-06 18:37:12.568,14.0,7,48.75598333333333,0.2871442445183651,2.0,3,44.99999999999999,6.747983333333309,-13.252016666666691,-8.252016666666691,-3.252016666666691,1.747983333333309
RED,2017-10-06 19:08:19.248,2017-10-06 19:26:14.615,3.93,3,17.92278333333333,0.21927397809306035,1.31,3,43.50000000000001,24.670766666666623,4.670766666666623,9.670766666666623,14.670766666666623,19.670766666666623
RED,2017-10-06 19:35:56.080,2017-10-06 19:50:22.405,3.28,5,14.43875,0.22716647909271923,0.6559999999999999,3,41.0,39.10951666666665,19.10951666666665,24.10951666666665,29.10951666666665,34.10951666666665
RED,2017-10-06 20:14:34.216,2017-10-06 20:18:27.315,1.04,0,3.884983333333333,0.2676974161193313,inf,3,41.0,42.994500000000016,22.994500000000016,27.994500000000016,32.994500000000016,37.994500000000016
RED,2017-10-06 20:18:55.709,2017-10-06 20:25:24.495,1.53,1,6.4797666666666665,0.23611961336056342,1.53,3,40.5,49.47426666666661,29.474266666666608,34.47426666666661,39.47426666666661,44.47426666666661
RED,2017-10-06 20:29:10.334,2017-10-06 20:46:36.571,3.93,5,17.437283333333333,0.22537914449594118,0.786,3,38.0,66.91155000000003,46.911550000000034,51.911550000000034,56.911550000000034,61.911550000000034
RED,2017-10-06 20:47:14.145,2017-10-06 20:54:31.197,1.75,3,7.2842,0.24024601191620218,0.5833333333333334,3,36.5,74.19574999999998,54.195749999999975,59.195749999999975,64.19574999999998,69.19574999999998
RED,2017-10-06 21:17:09.464,2017-10-06 21:25:34.627,1.97,4,8.419383333333334,0.23398388243002752,0.4925,3,34.5,82.61513333333335,62.61513333333335,67.61513333333335,72.61513333333335,77.61513333333335
RED,2017-10-06 21:27:12.680,2017-10-06 21:42:58.294,3.5,7,15.760233333333334,0.22207793031829054,0.5,3,31.0,98.37536666666665,78.37536666666665,83.37536666666665,88.37536666666665,93.37536666666665
RED,2017-10-06 22:38:55.776,2017-10-06 22:50:41.305,3.13,5,11.758816666666666,0.2661832468970092,0.626,3,28.5,110.13418333333334,90.13418333333334,95.13418333333334,100.13418333333334,105.13418333333334
RED,2017-10-07 00:17:05.527,2017-10-07 00:55:41.489,10.16,13,38.59936666666667,0.2632167539881915,0.7815384615384615,3,22.0,148.73355000000004,128.73355000000004,133.73355000000004,138.73355000000004,143.73355000000004
RED,2017-10-31 10:48:52.016,2017-10-31 23:14:24.457,217.27,599,745.5406833333333,0.29142608157690303,0.3627212020033389,3,-199.5,698.0859,678.0859,683.0859,688.0859,693.0859
RED,2017-11-03 18:00:45.318,2017-11-04 09:34:07.650,149.53,75,933.3722,0.16020404293164078,1.9937333333333334,3,62.5,393.3722,373.3722,378.3722,383.3722,388.3722
RED,2017-11-04 18:51:39.612,2017-11-04 19:01:01.331,2.61,4,9.361983333333335,0.2787870803729266,0.6525,3,60.5,402.73418333333336,382.73418333333336,387.73418333333336,392.73418333333336,397.73418333333336
RED,2017-11-04 19:28:03.020,2017-11-04 19:48:01.394,5.47,7,19.9729,0.2738710953341778,0.7814285714285714,3,57.0,422.70708333333334,402.70708333333334,407.70708333333334,412.70708333333334,417.70708333333334
RED,2017-11-04 19:51:31.739,2017-11-04 20:06:39.991,3.5,4,15.137533333333332,0.231213363692015,0.875,3,55.0,437.84461666666664,417.84461666666664,422.84461666666664,427.84461666666664,432.84461666666664
RED,2017-11-04 22:31:36.184,2017-11-04 22:44:32.262,3.06,4,12.934633333333332,0.23657415878300894,0.765,3,53.0,450.77925000000005,430.77925000000005,435.77925000000005,440.77925000000005,445.77925000000005
RED,2017-11-05 00:18:20.317,2017-11-05 00:27:31.313,2.18,5,9.183266666666666,0.23738829319995067,0.43600000000000005,3,50.5,459.9625166666667,439.9625166666667,444.9625166666667,449.9625166666667,454.9625166666667
RED,2017-11-05 01:25:49.924,2017-11-05 01:51:47.839,5.9,12,25.96525,0.2272267742463485,0.4916666666666667,3,44.49999999999999,485.9277666666667,465.9277666666667,470.9277666666667,475.9277666666667,480.9277666666667
RED,2017-11-05 03:14:04.599,2017-11-05 03:39:59.201,5.9,12,25.910033333333335,0.22771101542388342,0.4916666666666667,3,38.5,511.8378,491.8378,496.8378,501.8378,506.8378
RED,2017-11-05 04:16:11.417,2017-11-05 04:24:25.803,1.97,3,8.239766666666666,0.23908444009336835,0.6566666666666666,3,37.0,520.0775666666666,500.0775666666666,505.0775666666666,510.0775666666666,515.0775666666666
RED,2017-11-05 04:28:21.831,2017-11-05 04:55:54.465,6.12,21,27.5439,0.22219075730016447,0.2914285714285714,3,26.5,547.6214666666667,527.6214666666667,532.6214666666667,537.6214666666667,542.6214666666667
RED,2017-11-05 10:12:58.642,2017-11-05 10:21:27.352,1.97,1,8.4785,0.23235242082915608,1.97,3,26.0,556.0999666666667,536.0999666666667,541.0999666666667,546.0999666666667,551.0999666666667
RED,2017-11-05 10:22:26.044,2017-11-05 10:26:33.595,1.3,1,4.12585,0.31508658821818536,1.3,3,25.5,560.2258166666668,540.2258166666668,545.2258166666668,550.2258166666668,555.2258166666668
RED,2017-11-05 10:30:31.287,2017-11-05 10:46:04.786,3.5,8,15.558316666666666,0.2249600695876482,0.4375,3,21.5,575.7841333333333,555.7841333333333,560.7841333333333,565.7841333333333,570.7841333333333
RED,2017-11-09 20:07:14.346,2017-11-09 20:23:23.846,3.71,5,16.158333333333335,0.2296028880866426,0.742,3,42.00000000000001,3.993566666666652,-16.006433333333348,-11.006433333333348,-6.006433333333348,-1.006433333333348
RED,2017-11-10 08:10:37.766,2017-11-10 08:16:47.942,1.53,2,6.1696,0.24799014522821577,0.765,3,41.0,10.163166666666712,-9.836833333333288,-4.8368333333332885,0.16316666666671154,5.1631666666667115
RED,2017-11-10 08:29:05.401,2017-11-10 08:37:56.330,2.61,4,8.848816666666666,0.2949546926236842,0.6525,3,39.0,19.01198333333332,-0.988016666666681,4.011983333333319,9.011983333333319,14.011983333333319
RED,2017-11-10 08:43:45.270,2017-11-10 09:05:55.209,5.03,6,22.165650000000003,0.22692770119531797,0.8383333333333334,3,36.0,41.17763333333335,21.177633333333347,26.177633333333347,31.177633333333347,36.17763333333335
RED,2017-11-10 19:58:30.626,2017-11-10 20:13:46.201,4.17,4,15.259583333333333,0.2732708953389946,1.0425,3,34.0,56.4372166666667,36.4372166666667,41.4372166666667,46.4372166666667,51.4372166666667
RED,2017-11-10 20:18:31.772,2017-11-10 20:43:42.022,5.68,6,25.170833333333334,0.22565800364178115,0.9466666666666667,3,31.0,81.60805000000005,61.60805000000005,66.60805000000005,71.60805000000005,76.60805000000005
RED,2017-11-10 20:59:00.269,2017-11-10 21:30:15.625,6.99,15,31.255933333333335,0.22363753868598815,0.466,3,23.5,112.8639833333333,92.8639833333333,97.8639833333333,102.8639833333333,107.8639833333333
RED,2017-11-30 14:25:41.341,2017-11-30 14:43:27.983,4.69,3,17.77736666666667,0.2638186008051436,1.5633333333333335,3,31.0,12.049300000000017,-7.9506999999999834,-2.9506999999999834,2.0493000000000166,7.0493000000000166
RED,2017-11-30 16:05:55.935,2017-11-30 16:25:01.574,4.37,4,19.09398333333333,0.22886790690610223,1.0925,3,29.0,31.14328333333333,11.14328333333333,16.14328333333333,21.14328333333333,26.14328333333333
RED,2017-11-30 22:41:51.845,2017-11-30 22:46:50.074,1.31,3,4.970483333333333,0.263555858082212,0.4366666666666667,3,27.5,36.11376666666672,16.11376666666672,21.11376666666672,26.11376666666672,31.11376666666672
RED,2017-11-30 23:23:17.220,2017-11-30 23:31:22.436,1.97,2,8.086933333333333,0.24360284904042737,0.985,3,26.5,44.20069999999998,24.200699999999983,29.200699999999983,34.20069999999998,39.20069999999998
RED,2017-12-01 00:40:10.304,2017-12-01 00:55:00.245,3.5,7,14.83235,0.2359706991811817,0.5,3,23.0,59.03305,39.03305,44.03305,49.03305,54.03305
RED,2017-12-01 01:44:04.459,2017-12-01 01:54:30.317,2.87,4,10.430966666666666,0.27514228467160284,0.7175,3,21.0,69.46401666666668,49.46401666666668,54.46401666666668,59.46401666666668,64.46401666666668
RED,2017-12-08 22:13:33.448,2017-12-09 15:14:12.126,222.64,0,1020.6446333333333,0.21813664886756698,inf,3,55.5,711.2392666666667,691.2392666666667,696.2392666666667,701.2392666666667,706.2392666666667
RED,2017-12-09 15:35:17.453,2017-12-09 15:55:29.630,5.47,5,20.202949999999998,0.2707525386144103,1.0939999999999999,3,53.0,731.4422166666668,711.4422166666668,716.4422166666668,721.4422166666668,726.4422166666668
RED,2017-12-09 16:49:38.497,2017-12-09 17:24:05.790,7.65,9,34.454883333333335,0.22202948493513014,0.8500000000000001,3,48.5,765.8971000000001,745.8971000000001,750.8971000000001,755.8971000000001,760.8971000000001
RED,2017-12-09 17:35:41.983,2017-12-09 18:04:37.660,6.55,9,28.92795,0.22642461702263728,0.7277777777777777,3,43.99999999999999,794.8250500000001,774.8250500000001,779.8250500000001,784.8250500000001,789.8250500000001
RED,2017-12-10 00:00:18.550,2017-12-10 00:37:56.828,10.29,22,37.637966666666664,0.2733941525356931,0.4677272727272727,3,27.5,832.4630166666666,812.4630166666666,817.4630166666666,822.4630166666666,827.4630166666666
RED,2017-12-10 08:55:56.365,2017-12-10 09:14:13.558,4.95,6,18.28655,0.2706907535866525,0.8250000000000001,3,24.5,850.7495666666666,830.7495666666666,835.7495666666666,840.7495666666666,845.7495666666666
RED,2017-12-10 09:15:54.427,2017-12-10 09:24:49.466,1.97,3,8.917316666666666,0.220918475101815,0.6566666666666666,3,23.0,859.6668833333333,839.6668833333333,844.6668833333333,849.6668833333333,854.6668833333333
RED,2017-12-14 01:07:14.166,2017-12-14 01:36:23.405,7.82,7,29.153983333333333,0.26823092784919617,1.1171428571428572,3,43.50000000000001,13.721450000000004,-6.278549999999996,-1.2785499999999956,3.7214500000000044,8.721450000000004
RED,2017-12-14 04:38:47.676,2017-12-14 04:50:24.847,2.62,6,11.619516666666668,0.22548270080080782,0.4366666666666667,3,40.5,25.340966666666645,5.340966666666645,10.340966666666645,15.340966666666645,20.340966666666645
RED,2017-12-14 07:11:42.132,2017-12-14 07:29:24.746,3.93,5,17.710233333333335,0.2219056025988741,0.786,3,38.0,43.051199999999994,23.051199999999994,28.051199999999994,33.051199999999994,38.051199999999994
RED,2017-12-14 10:22:46.043,2017-12-14 10:39:41.820,3.71,7,16.929616666666668,0.2191425873986121,0.53,3,34.5,59.98081666666667,39.98081666666667,44.98081666666667,49.98081666666667,54.98081666666667
RED,2017-12-14 11:34:57.297,2017-12-14 11:47:05.672,3.39,2,12.139583333333333,0.2792517590526858,1.695,3,33.5,72.12040000000002,52.12040000000002,57.12040000000002,62.12040000000002,67.12040000000002
RED,2017-12-14 11:48:20.066,2017-12-14 12:03:46.775,3.5,3,15.44515,0.2266083527838836,1.1666666666666667,3,32.0,87.56555000000003,67.56555000000003,72.56555000000003,77.56555000000003,82.56555000000003
RED,2017-12-14 12:48:34.601,2017-12-14 13:39:41.988,11.14,13,51.12311666666667,0.21790533767014075,0.856923076923077,3,25.5,138.68866666666668,118.68866666666668,123.68866666666668,128.68866666666668,133.68866666666668
RED,2017-12-14 14:03:05.395,2017-12-14 14:23:14.821,4.59,6,20.1571,0.22771132752231224,0.765,3,22.5,158.8457666666667,138.8457666666667,143.8457666666667,148.8457666666667,153.8457666666667
RED,2017-12-17 11:55:18.398,2017-12-18 16:54:49.176,152.73,675,1739.5129666666667,0.08780043778154073,0.22626666666666664,3,-237.5,1395.9194166666666,1375.9194166666666,1380.9194166666666,1385.9194166666666,1390.9194166666666
RED,2017-12-25 17:22:44.586,2017-12-25 17:51:33.682,8.29,11,28.818266666666666,0.2876647681794417,0.7536363636363635,3,26.0,19.838783333333367,-0.1612166666666326,4.838783333333367,9.838783333333367,14.838783333333367
RED,2017-01-11 19:36:06.026,2017-01-11 20:40:57.615,15.08,14,64.85981666666666,0.23250142807989232,1.0771428571428572,4,27.0,4.910066666666694,-15.089933333333306,-10.089933333333306,-5.089933333333306,-0.08993333333330611
RED,2017-01-11 20:57:19.532,2017-01-11 21:08:20.503,2.22,3,11.016183333333334,0.201521700649499,0.7400000000000001,4,25.5,15.926249999999982,-4.073750000000018,0.9262499999999818,5.926249999999982,10.926249999999982
RED,2017-01-11 21:13:17.789,2017-01-11 21:52:14.042,10.8,9,38.93755,0.27736722007419573,1.2000000000000002,4,21.0,54.86379999999997,34.86379999999997,39.86379999999997,44.86379999999997,49.86379999999997
RED,2017-01-11 21:55:58.296,2017-01-11 22:01:56.523,0.96,0,5.97045,0.16079190010803207,inf,4,21.0,60.83425,40.83425,45.83425,50.83425,55.83425
RED,2017-02-21 14:16:43.246,2017-02-21 14:49:53.558,8.6,13,33.171866666666666,0.25925583526602863,0.6615384615384615,4,41.5,30.618716666666728,10.618716666666728,15.618716666666728,20.618716666666728,25.618716666666728
RED,2017-02-21 16:08:06.410,2017-02-21 16:39:37.248,5.95,5,31.513966666666665,0.1888051752714934,1.19,4,39.0,62.132683333333375,42.132683333333375,47.132683333333375,52.132683333333375,57.132683333333375
RED,2017-02-21 19:00:04.326,2017-02-21 19:43:32.893,8.87,13,43.47611666666667,0.2040200615893707,0.6823076923076923,4,32.5,105.60880000000009,85.60880000000009,90.60880000000009,95.60880000000009,100.60880000000009
RED,2017-02-21 20:40:27.624,2017-02-21 20:54:39.032,3.03,6,14.190133333333334,0.21352864901433857,0.505,4,29.5,119.79893333333337,99.79893333333337,104.79893333333337,109.79893333333337,114.79893333333337
RED,2017-02-21 22:41:20.643,2017-02-21 22:51:28.176,2.02,3,10.12555,0.19949533605581918,0.6733333333333333,4,28.0,129.92448333333334,109.92448333333334,114.92448333333334,119.92448333333334,124.92448333333334
RED,2017-02-22 00:14:56.309,2017-02-22 00:33:18.778,3.71,7,18.374483333333334,0.20191043920509327,0.53,4,24.5,148.29896666666673,128.29896666666673,133.29896666666673,138.29896666666673,143.29896666666673
RED,2017-02-22 07:18:35.765,2017-02-22 07:40:13.751,5.73,8,21.633100000000002,0.2648718861374468,0.71625,4,20.5,169.93206666666674,149.93206666666674,154.93206666666674,159.93206666666674,164.93206666666674
RED,2017-02-24 13:40:29.402,2017-02-24 13:55:21.737,3.91,5,14.872250000000001,0.2629057472810099,0.782,4,30.0,8.208300000000008,-11.791699999999992,-6.791699999999992,-1.7916999999999916,3.2083000000000084
RED,2017-02-24 14:25:39.474,2017-02-24 14:49:29.213,4.92,7,23.828983333333333,0.20647125104651967,0.7028571428571428,4,26.5,32.037283333333335,12.037283333333335,17.037283333333335,22.037283333333335,27.037283333333335
RED,2017-03-04 21:10:56.437,2017-03-04 21:39:23.381,8.0,12,28.449066666666667,0.28120430430055116,0.6666666666666666,4,25.5,15.176600000000008,-4.823399999999992,0.17660000000000764,5.176600000000008,10.176600000000008
RED,2017-03-04 23:19:29.795,2017-03-04 23:33:25.161,4.0,6,13.922766666666666,0.2872992197432024,0.6666666666666666,4,22.5,29.099366666666697,9.099366666666697,14.099366666666697,19.099366666666697,24.099366666666697
RED,2017-03-04 23:37:54.344,2017-03-04 23:48:17.993,2.22,4,10.39415,0.21358167815550094,0.555,4,20.5,39.493516666666665,19.493516666666665,24.493516666666665,29.493516666666665,34.493516666666665
RED,2017-03-14 11:46:29.544,2017-03-14 13:12:33.771,14.53,4,86.07045,0.168815197318011,3.6325,4,32.5,9.215283333333332,-10.784716666666668,-5.784716666666668,-0.7847166666666681,4.215283333333332
RED,2017-03-14 13:58:42.691,2017-03-14 14:16:51.020,3.63,7,18.138816666666667,0.2001233083010744,0.5185714285714286,4,29.0,27.354100000000017,7.354100000000017,12.354100000000017,17.354100000000017,22.354100000000017
RED,2017-03-14 15:17:07.675,2017-03-14 15:44:27.938,7.03,11,27.337716666666665,0.2571538832492107,0.6390909090909092,4,23.5,54.69181666666668,34.69181666666668,39.69181666666668,44.69181666666668,49.69181666666668
RED,2017-03-17 18:36:20.964,2017-03-17 19:04:52.254,5.85,8,28.5215,0.2051084269761408,0.73125,4,21.0,15.04858333333334,-4.95141666666666,0.048583333333340306,5.04858333333334,10.04858333333334
RED,2017-03-22 10:46:35.519,2017-03-22 10:54:03.543,1.61,2,7.467066666666667,0.2156134492795029,0.805,4,33.0,7.004983333333371,-12.99501666666663,-7.995016666666629,-2.995016666666629,2.004983333333371
RED,2017-03-22 10:54:19.799,2017-03-22 11:06:41.416,3.13,3,12.360283333333333,0.25323044104976017,1.0433333333333332,4,31.5,19.365266666666685,-0.6347333333333154,4.365266666666685,9.365266666666685,14.365266666666685
RED,2017-03-22 11:08:37.649,2017-03-22 11:23:58.383,3.23,5,15.345566666666667,0.2104842440922134,0.646,4,29.0,34.71083333333331,14.710833333333312,19.710833333333312,24.710833333333312,29.710833333333312
RED,2017-03-22 11:24:48.779,2017-03-22 11:44:40.583,4.03,6,19.863400000000002,0.202885709395169,0.6716666666666667,4,26.0,54.57423333333327,34.57423333333327,39.57423333333327,44.57423333333327,49.57423333333327
RED,2017-03-22 11:47:42.480,2017-03-22 12:02:48.494,3.03,6,15.100233333333334,0.20065915096234715,0.505,4,23.0,69.6744666666666,49.6744666666666,54.6744666666666,59.6744666666666,64.6744666666666
RED,2017-03-22 12:15:04.714,2017-03-22 12:20:41.978,1.56,2,5.621066666666667,0.2775273969353385,0.78,4,22.0,75.29553333333331,55.29553333333331,60.29553333333331,65.29553333333331,70.29553333333331
RED,2017-03-22 12:37:10.263,2017-03-22 12:44:45.375,1.61,2,7.5852,0.21225544481358435,0.805,4,21.0,82.8807333333333,62.880733333333296,67.8807333333333,72.8807333333333,77.8807333333333
RED,2017-03-27 15:19:37.272,2017-03-27 22:37:52.514,66.39,48,438.2540333333333,0.15148748203192045,1.383125,4,52.5,41.17973333333339,21.179733333333388,26.179733333333388,31.179733333333388,36.17973333333339
RED,2017-03-28 06:36:45.922,2017-03-28 06:46:43.179,2.02,4,9.954283333333333,0.20292771788359115,0.505,4,50.5,51.13401666666664,31.13401666666664,36.13401666666664,41.13401666666664,46.13401666666664
RED,2017-03-28 08:14:01.560,2017-03-28 08:27:04.176,3.71,3,13.0436,0.2844306786469993,1.2366666666666666,4,49.0,64.17761666666661,44.17761666666661,49.17761666666661,54.17761666666661,59.17761666666661
RED,2017-03-28 08:35:00.638,2017-03-28 10:35:33.358,24.62,16,120.54533333333333,0.20423851607693924,1.53875,4,41.0,184.72294999999997,164.72294999999997,169.72294999999997,174.72294999999997,179.72294999999997
RED,2017-03-28 12:05:18.343,2017-03-28 12:15:18.244,2.02,4,9.998349999999999,0.2020333355003576,0.505,4,39.0,194.72130000000004,174.72130000000004,179.72130000000004,184.72130000000004,189.72130000000004
RED,2017-03-28 16:20:44.541,2017-03-28 17:02:44.923,8.14,10,42.006366666666665,0.19378014919960548,0.8140000000000001,4,34.0,236.72766666666666,216.72766666666666,221.72766666666666,226.72766666666666,231.72766666666666
RED,2017-03-28 17:04:52.406,2017-03-28 17:33:58.716,5.85,7,29.105166666666666,0.20099524139471228,0.8357142857142856,4,30.5,265.8328333333334,245.83283333333338,250.83283333333338,255.83283333333338,260.8328333333334
RED,2017-03-28 17:36:36.893,2017-03-28 17:52:55.866,3.23,5,16.316216666666666,0.19796255872225282,0.646,4,28.0,282.14905,262.14905,267.14905,272.14905,277.14905
RED,2017-03-28 19:06:35.585,2017-03-28 19:17:16.492,2.22,4,10.681783333333334,0.2078304652625108,0.555,4,26.0,292.8308333333333,272.8308333333333,277.8308333333333,282.8308333333333,287.8308333333333
RED,2017-03-28 19:25:07.877,2017-03-28 19:45:13.404,3.8,2,20.092116666666666,0.18912890379062436,1.9,4,25.0,312.92295,292.92295,297.92295,302.92295,307.92295
RED,2017-03-31 08:17:09.890,2017-03-31 08:35:35.107,3.63,7,18.420283333333334,0.19706537268246868,0.5185714285714286,4,22.5,2.5547000000000253,-17.445299999999975,-12.445299999999975,-7.445299999999975,-2.4452999999999747
RED,2017-04-04 12:24:49.907,2017-04-04 12:50:47.748,5.24,8,25.964016666666666,0.20181777216031677,0.655,4,33.5,15.435200000000009,-4.564799999999991,0.4352000000000089,5.435200000000009,10.435200000000009
RED,2017-04-04 14:56:22.592,2017-04-04 15:06:08.747,2.02,2,9.76925,0.2067712465132943,1.01,4,32.5,25.20444999999995,5.204449999999952,10.204449999999952,15.204449999999952,20.20444999999995
RED,2017-04-04 15:09:01.437,2017-04-04 15:55:46.855,12.24,8,46.75696666666667,0.26177917158869013,1.53,4,28.5,71.96141666666665,51.96141666666665,56.96141666666665,61.96141666666665,66.96141666666665
RED,2017-04-04 15:58:50.819,2017-04-04 16:19:44.025,3.62,2,20.886766666666666,0.17331548045572714,1.81,4,27.5,92.84818333333328,72.84818333333328,77.84818333333328,82.84818333333328,87.84818333333328
RED,2017-04-05 06:24:53.049,2017-04-05 06:34:47.150,2.02,3,9.901683333333333,0.20400571619977076,0.6733333333333333,4,26.0,102.74986666666666,82.74986666666666,87.74986666666666,92.74986666666666,97.74986666666666
RED,2017-04-06 16:37:41.673,2017-04-06 17:46:58.044,12.16,9,69.27285,0.17553774675071113,1.3511111111111112,4,60.5,8.473616666666658,-11.526383333333342,-6.526383333333342,-1.5263833333333423,3.4736166666666577
RED,2017-04-06 17:48:52.762,2017-04-06 18:16:36.571,5.4,8,27.73015,0.19473389072904404,0.675,4,56.5,36.20376666666664,16.20376666666664,21.20376666666664,26.20376666666664,31.20376666666664
RED,2017-04-06 18:17:41.325,2017-04-06 18:37:25.240,4.03,6,19.731916666666667,0.20423763530321012,0.6716666666666667,4,53.5,55.93568333333337,35.93568333333337,40.93568333333337,45.93568333333337,50.93568333333337
RED,2017-04-06 22:20:35.602,2017-04-06 22:34:03.354,3.39,6,13.462533333333333,0.2518099614733235,0.5650000000000001,4,50.5,69.39821666666671,49.39821666666671,54.39821666666671,59.39821666666671,64.39821666666671
RED,2017-04-06 22:36:30.568,2017-04-06 22:50:05.916,2.82,7,13.589133333333333,0.2075187527288961,0.40285714285714286,4,47.0,82.98734999999999,62.98734999999999,67.98734999999999,72.98734999999999,77.98734999999999
RED,2017-04-07 07:03:58.605,2017-04-07 07:14:08.782,2.61,3,10.169616666666666,0.2566468418180298,0.87,4,45.49999999999999,93.15696666666668,73.15696666666668,78.15696666666668,83.15696666666668,88.15696666666668
RED,2017-04-07 14:39:02.183,2017-04-07 14:59:10.989,4.03,6,20.146766666666668,0.20003209778905795,0.6716666666666667,4,42.50000000000001,113.3037333333333,93.3037333333333,98.3037333333333,103.3037333333333,108.3037333333333
RED,2017-04-07 15:35:45.857,2017-04-07 15:46:42.084,2.22,3,10.937116666666666,0.20297854248606048,0.7400000000000001,4,41.0,124.24085000000002,104.24085000000002,109.24085000000002,114.24085000000002,119.24085000000002
RED,2017-04-07 15:49:06.077,2017-04-07 16:34:26.701,7.9,4,45.34373333333333,0.1742247366780562,1.975,4,39.0,169.58458333333328,149.58458333333328,154.58458333333328,159.58458333333328,164.58458333333328
RED,2017-04-07 17:20:10.577,2017-04-07 17:28:12.347,2.08,3,8.0295,0.2590447724017685,0.6933333333333334,4,37.5,177.61408333333327,157.61408333333327,162.61408333333327,167.61408333333327,172.61408333333327
RED,2017-04-07 17:30:00.151,2017-04-07 17:47:28.429,3.63,6,17.4713,0.20776931310205882,0.605,4,34.5,195.0853833333333,175.0853833333333,180.0853833333333,185.0853833333333,190.0853833333333
RED,2017-04-07 18:24:30.346,2017-04-07 18:33:26.312,2.34,1,8.932766666666668,0.26195691517745523,2.34,4,34.0,204.01815,184.01815,189.01815,194.01815,199.01815
RED,2017-04-07 19:31:33.735,2017-04-07 19:34:47.977,0.61,1,3.2373666666666665,0.18842474850959112,0.61,4,33.5,207.2555166666666,187.2555166666666,192.2555166666666,197.2555166666666,202.2555166666666
RED,2017-04-07 19:43:38.470,2017-04-07 19:54:18.599,2.02,3,10.668816666666666,0.18933683679383376,0.6733333333333333,4,32.0,217.92433333333327,197.92433333333327,202.92433333333327,207.92433333333327,212.92433333333327
RED,2017-04-07 19:57:27.351,2017-04-07 20:18:41.769,4.24,7,21.240299999999998,0.19962053266667612,0.6057142857142858,4,28.5,239.1646333333333,219.1646333333333,224.1646333333333,229.1646333333333,234.1646333333333
RED,2017-04-07 20:18:48.263,2017-04-07 20:32:19.530,4.0,5,13.521116666666668,0.2958335541812991,0.8,4,26.0,252.68574999999998,232.68574999999998,237.68574999999998,242.68574999999998,247.68574999999998
RED,2017-04-15 22:07:57.680,2017-04-15 22:44:57.092,6.92,9,36.990199999999994,0.18707657703932395,0.7688888888888888,4,30.5,14.055883333333327,-5.944116666666673,-0.9441166666666732,4.055883333333327,9.055883333333327
RED,2017-04-15 23:18:56.782,2017-04-15 23:31:34.458,2.42,4,12.627933333333335,0.19163864237484093,0.605,4,28.5,26.683816666666644,6.683816666666644,11.683816666666644,16.683816666666644,21.683816666666644
RED,2017-04-16 00:38:36.597,2017-04-16 00:53:33.429,4.03,8,14.9472,0.2696157139798758,0.50375,4,24.5,41.63101666666671,21.63101666666671,26.63101666666671,31.63101666666671,36.63101666666671
RED,2017-04-16 13:17:53.938,2017-04-16 13:22:33.808,1.43,2,4.6645,0.30657090792153496,0.715,4,23.5,46.295516666666686,26.295516666666686,31.295516666666686,36.295516666666686,41.295516666666686
RED,2017-04-20 16:08:52.084,2017-04-20 21:34:30.430,49.58,18,325.63910000000004,0.1522544436463557,2.7544444444444443,4,27.5,204.84676666666678,184.84676666666678,189.84676666666678,194.84676666666678,199.84676666666678
RED,2017-04-20 22:05:35.291,2017-04-20 22:14:59.099,2.02,3,9.3968,0.21496679720756,0.6733333333333333,4,26.0,214.24356666666677,194.24356666666677,199.24356666666677,204.24356666666677,209.24356666666677
RED,2017-04-20 22:15:21.369,2017-04-20 22:32:59.103,3.55,3,17.628899999999998,0.20137388038958756,1.1833333333333333,4,24.5,231.8724666666667,211.8724666666667,216.8724666666667,221.8724666666667,226.8724666666667
RED,2017-04-20 23:06:29.193,2017-04-20 23:11:04.692,1.01,0,4.5916500000000005,0.2199645007785872,inf,4,24.5,236.46411666666677,216.46411666666677,221.46411666666677,226.46411666666677,231.46411666666677
RED,2017-05-29 13:44:31.891,2017-05-29 13:52:47.194,1.82,2,8.25505,0.22047110556568403,0.91,4,30.5,0.9649166666666815,-19.03508333333332,-14.035083333333318,-9.035083333333318,-4.0350833333333185
RED,2017-05-29 14:05:19.354,2017-05-29 15:19:09.459,13.03,13,73.83508333333333,0.17647437250358625,1.0023076923076923,4,24.0,74.79999999999995,54.799999999999955,59.799999999999955,64.79999999999995,69.79999999999995
RED,2017-06-02 17:32:08.480,2017-06-02 17:48:46.502,3.23,5,16.6337,0.1941840961421692,0.646,4,32.0,15.701366666666672,-4.298633333333328,0.7013666666666722,5.701366666666672,10.701366666666672
RED,2017-06-02 17:51:27.836,2017-06-02 18:07:46.640,3.43,4,16.313399999999998,0.21025659886964096,0.8575,4,30.0,32.014766666666674,12.014766666666674,17.014766666666674,22.014766666666674,27.014766666666674
RED,2017-06-02 19:18:25.082,2017-06-02 19:24:48.900,1.21,2,6.396966666666667,0.18915215023787316,0.605,4,29.0,38.41173333333336,18.41173333333336,23.41173333333336,28.41173333333336,33.41173333333336
RED,2017-06-02 20:01:41.340,2017-06-02 20:12:31.023,2.22,5,10.82805,0.2050230650948232,0.44400000000000006,4,26.5,49.23978333333332,29.23978333333332,34.23978333333332,39.23978333333332,44.23978333333332
RED,2017-06-02 20:14:14.323,2017-06-02 20:19:35.826,1.01,1,5.358383333333333,0.188489687499028,1.01,4,26.0,54.59816666666666,34.59816666666666,39.59816666666666,44.59816666666666,49.59816666666666
RED,2017-06-02 20:33:02.341,2017-06-02 20:55:25.969,4.51,7,22.3938,0.20139502898123587,0.6442857142857142,4,22.5,76.99196666666671,56.99196666666671,61.99196666666671,66.99196666666671,71.99196666666671
RED,2017-06-05 14:39:41.334,2017-06-06 00:22:46.322,84.9,207,583.0831333333333,0.14560530934010898,0.4101449275362319,4,-3.499999999999986,513.6070833333333,493.6070833333333,498.6070833333333,503.6070833333333,508.6070833333333
RED,2017-06-08 16:55:22.510,2017-06-08 17:23:45.235,4.89,3,28.37875,0.17231202924723604,1.63,4,29.5,20.411200000000008,0.411200000000008,5.411200000000008,10.411200000000008,15.411200000000008
RED,2017-06-08 17:45:13.722,2017-06-08 18:05:13.267,4.03,7,19.992416666666667,0.2015764310634449,0.5757142857142857,4,26.0,40.40361666666672,20.40361666666672,25.40361666666672,30.40361666666672,35.40361666666672
RED,2017-06-08 18:18:43.066,2017-06-08 18:57:18.423,6.65,5,38.589283333333334,0.1723276367316142,1.33,4,23.5,78.99289999999996,58.99289999999996,63.99289999999996,68.99289999999996,73.99289999999996
RED,2017-06-08 19:06:03.732,2017-06-08 19:09:21.544,0.81,2,3.296866666666667,0.24568782480334864,0.405,4,22.5,82.28976666666665,62.28976666666665,67.28976666666665,72.28976666666665,77.28976666666665
RED,2017-06-08 19:11:23.197,2017-06-08 19:20:52.962,2.61,3,9.496083333333333,0.27485015752108327,0.87,4,21.0,91.78584999999998,71.78584999999998,76.78584999999998,81.78584999999998,86.78584999999998
RED,2017-06-17 19:24:19.190,2017-06-17 19:51:56.539,5.32,10,27.62248333333333,0.19259673128592714,0.532,4,26.0,16.25976666666668,-3.7402333333333218,1.2597666666666782,6.259766666666678,11.259766666666678
RED,2017-07-05 19:03:43.804,2017-07-05 19:36:59.009,6.45,11,33.253416666666666,0.19396503116221142,0.5863636363636364,4,23.5,22.93461666666667,2.9346166666666704,7.93461666666667,12.93461666666667,17.93461666666667
RED,2017-07-25 09:20:30.320,2017-07-25 09:55:28.735,6.98,7,34.97358333333333,0.19957920621040168,0.9971428571428572,4,24.5,21.211400000000026,1.211400000000026,6.211400000000026,11.211400000000026,16.211400000000026
RED,2017-07-25 10:53:18.963,2017-07-25 10:59:27.069,1.56,1,6.1350999999999996,0.2542745839513619,1.56,4,24.0,27.346499999999992,7.346499999999992,12.346499999999992,17.346499999999992,22.346499999999992
RED,2017-07-25 11:41:01.019,2017-07-25 11:55:49.708,2.94,3,14.811483333333333,0.19849463648137874,0.98,4,22.5,42.15798333333328,22.157983333333277,27.157983333333277,32.15798333333328,37.15798333333328
RED,2017-07-28 19:57:58.864,2017-07-28 20:32:36.768,6.13,4,34.63173333333334,0.17700528994602252,1.5325,4,44.99999999999999,5.092433333333361,-14.90756666666664,-9.90756666666664,-4.907566666666639,0.09243333333336068
RED,2017-07-28 21:01:31.676,2017-07-28 21:25:19.638,4.84,11,23.799366666666668,0.20336675625821973,0.44,4,39.5,28.89179999999999,8.89179999999999,13.89179999999999,18.89179999999999,23.89179999999999
RED,2017-07-28 22:14:01.317,2017-07-28 22:28:48.428,3.03,4,14.785183333333332,0.2049348954076773,0.7575,4,37.5,43.67698333333328,23.676983333333283,28.676983333333283,33.67698333333328,38.67698333333328
RED,2017-07-28 22:34:32.560,2017-07-28 23:04:01.658,7.55,15,29.484966666666665,0.2560626940960874,0.5033333333333333,4,30.0,73.16195000000005,53.16195000000005,58.16195000000005,63.16195000000005,68.16195000000005
RED,2017-07-28 23:06:31.562,2017-07-28 23:40:33.025,6.65,11,34.02438333333333,0.19544806837057543,0.6045454545454546,4,24.5,107.18633333333332,87.18633333333332,92.18633333333332,97.18633333333332,102.18633333333332
RED,2017-07-29 00:13:42.375,2017-07-29 00:21:26.369,1.61,4,7.733233333333334,0.20819234731483596,0.4025,4,22.5,114.9195666666667,94.9195666666667,99.9195666666667,104.9195666666667,109.9195666666667
RED,2017-07-29 00:40:51.292,2017-07-29 00:55:56.811,3.03,4,15.091983333333333,0.20076884085259392,0.7575,4,20.5,130.01155000000006,110.01155000000006,115.01155000000006,120.01155000000006,125.01155000000006
RED,2017-07-31 16:54:03.793,2017-07-31 17:51:48.779,11.53,14,57.749766666666666,0.19965448633847294,0.8235714285714285,4,26.0,26.68526666666662,6.685266666666621,11.685266666666621,16.68526666666662,21.68526666666662
RED,2017-08-08 07:48:41.048,2017-08-08 08:03:24.900,3.03,6,14.730866666666666,0.2056905454759394,0.505,4,52.5,14.386966666666694,-5.613033333333306,-0.6130333333333056,4.386966666666694,9.386966666666694
RED,2017-08-08 08:09:55.995,2017-08-08 08:28:50.861,3.75,8,18.91443333333333,0.19826129252264146,0.46875,4,48.5,33.30140000000006,13.301400000000058,18.301400000000058,23.301400000000058,28.301400000000058
RED,2017-08-08 09:07:37.669,2017-08-08 09:12:54.721,1.01,2,5.2842,0.19113583891601377,0.505,4,47.5,38.5856,18.5856,23.5856,28.5856,33.5856
RED,2017-08-08 14:59:11.695,2017-08-08 15:49:03.919,12.78,13,49.870400000000004,0.2562642369020501,0.9830769230769231,4,41.0,88.45600000000002,68.45600000000002,73.45600000000002,78.45600000000002,83.45600000000002
RED,2017-08-08 16:28:32.949,2017-08-08 17:13:39.087,8.11,6,45.1023,0.17981344632091933,1.3516666666666666,4,38.0,133.55830000000003,113.55830000000003,118.55830000000003,123.55830000000003,128.55830000000003
RED,2017-08-08 17:17:17.752,2017-08-08 17:31:29.884,2.82,4,14.2022,0.19856078635704327,0.705,4,36.0,147.76049999999998,127.76049999999998,132.76049999999998,137.76049999999998,142.76049999999998
RED,2017-08-08 17:56:24.520,2017-08-08 18:18:22.498,4.44,8,21.9663,0.20212780486472462,0.555,4,32.0,169.72680000000003,149.72680000000003,154.72680000000003,159.72680000000003,164.72680000000003
RED,2017-08-08 19:22:42.733,2017-08-08 19:44:33.384,6.29,10,21.844183333333334,0.28794850803150496,0.629,4,27.0,191.5709833333334,171.5709833333334,176.5709833333334,181.5709833333334,186.5709833333334
RED,2017-08-08 19:44:45.253,2017-08-08 20:25:29.981,7.61,13,40.745466666666665,0.1867692438586215,0.5853846153846154,4,20.5,232.31645000000003,212.31645000000003,217.31645000000003,222.31645000000003,227.31645000000003
RED,2017-08-10 18:20:20.304,2017-08-10 18:35:45.503,3.03,6,15.419983333333333,0.19649826685934593,0.505,4,25.5,12.628716666666719,-7.371283333333281,-2.371283333333281,2.628716666666719,7.628716666666719
RED,2017-08-10 19:42:11.821,2017-08-10 19:57:26.090,3.03,7,15.237816666666667,0.19884738517876027,0.43285714285714283,4,22.0,27.866533333333336,7.8665333333333365,12.866533333333336,17.866533333333336,22.866533333333336
RED,2017-08-12 20:21:14.355,2017-08-13 14:00:20.745,83.19,101,1059.1065,0.0785473415563024,0.8236633663366336,4,49.5,519.1065000000001,499.1065000000001,504.1065000000001,509.1065000000001,514.1065000000001
RED,2017-08-13 23:04:31.237,2017-08-13 23:15:33.354,2.22,5,11.035283333333332,0.2011729044866693,0.44400000000000006,4,47.0,530.1417833333335,510.1417833333335,515.1417833333335,520.1417833333335,525.1417833333335
RED,2017-08-14 01:21:49.537,2017-08-14 01:31:02.248,1.82,4,9.21185,0.1975716061377465,0.455,4,44.99999999999999,539.3536333333334,519.3536333333334,524.3536333333334,529.3536333333334,534.3536333333334
RED,2017-08-14 07:35:01.356,2017-08-14 07:56:07.379,5.47,11,21.100383333333333,0.25923699648426607,0.49727272727272726,4,39.5,560.4540166666668,540.4540166666668,545.4540166666668,550.4540166666668,555.4540166666668
RED,2017-08-14 08:01:49.946,2017-08-14 08:21:33.408,3.83,7,19.724366666666665,0.19417606986958602,0.5471428571428572,4,36.0,580.1783833333334,560.1783833333334,565.1783833333334,570.1783833333334,575.1783833333334
RED,2017-08-14 08:37:59.871,2017-08-14 09:03:25.414,5.04,9,25.425716666666666,0.19822450104651262,0.56,4,31.5,605.6041,585.6041,590.6041,595.6041,600.6041
RED,2017-08-14 09:51:06.310,2017-08-14 10:11:50.939,4.03,5,20.743816666666664,0.1942747597878565,0.806,4,29.0,626.3479166666668,606.3479166666668,611.3479166666668,616.3479166666668,621.3479166666668
RED,2017-08-14 11:03:49.954,2017-08-14 11:18:18.380,3.61,3,14.473766666666668,0.24941676089845302,1.2033333333333334,4,27.5,640.8216833333333,620.8216833333333,625.8216833333333,630.8216833333333,635.8216833333333
RED,2017-08-14 11:55:33.669,2017-08-14 12:05:47.690,2.61,5,10.233683333333333,0.25504013706371603,0.522,4,25.0,651.0553666666667,631.0553666666667,636.0553666666667,641.0553666666667,646.0553666666667
RED,2017-08-14 12:37:00.985,2017-08-14 12:48:10.505,2.87,5,11.158666666666667,0.2571991874775959,0.5740000000000001,4,22.5,662.2140333333334,642.2140333333334,647.2140333333334,652.2140333333334,657.2140333333334
RED,2017-08-22 17:59:13.194,2017-08-22 20:07:07.170,21.7,10,127.89959999999999,0.16966433045920395,2.17,4,40.5,19.486599999999953,-0.5134000000000469,4.486599999999953,9.486599999999953,14.486599999999953
RED,2017-08-22 20:38:39.398,2017-08-22 20:53:02.642,2.82,6,14.387400000000001,0.19600483756620374,0.47,4,37.5,33.874000000000024,13.874000000000024,18.874000000000024,23.874000000000024,28.874000000000024
RED,2017-08-22 20:53:13.455,2017-08-22 21:05:58.248,2.62,4,12.746550000000001,0.2055458143576105,0.655,4,35.5,46.62054999999998,26.62054999999998,31.62054999999998,36.62054999999998,41.62054999999998
RED,2017-08-22 21:11:31.913,2017-08-22 21:38:03.174,5.45,18,26.521016666666664,0.20549740111772993,0.3027777777777778,4,26.5,73.14156666666668,53.14156666666668,58.14156666666668,63.14156666666668,68.14156666666668
RED,2017-08-26 19:46:51.188,2017-08-26 19:56:44.629,2.61,3,9.890683333333333,0.26388469957417837,0.87,4,35.5,8.280650000000037,-11.719349999999963,-6.719349999999963,-1.719349999999963,3.280650000000037
RED,2017-08-26 22:53:17.828,2017-08-26 23:27:54.265,9.12,12,34.607283333333335,0.26352834205901743,0.7599999999999999,4,29.5,42.88793333333331,22.887933333333308,27.887933333333308,32.88793333333331,37.88793333333331
RED,2017-08-27 00:34:38.198,2017-08-27 00:53:33.401,4.55,7,18.92005,0.24048562239528964,0.65,4,26.0,61.80798333333337,41.80798333333337,46.80798333333337,51.80798333333337,56.80798333333337
RED,2017-08-31 18:49:28.749,2017-08-31 19:15:52.695,5.45,9,26.399099999999997,0.20644643188593553,0.6055555555555556,4,43.50000000000001,20.79858333333334,0.7985833333333403,5.79858333333334,10.79858333333334,15.79858333333334
RED,2017-08-31 20:01:49.673,2017-08-31 20:30:22.267,5.85,16,28.543233333333333,0.20495225371570844,0.365625,4,35.5,49.34181666666666,29.34181666666666,34.34181666666666,39.34181666666666,44.34181666666666
RED,2017-08-31 21:00:03.048,2017-08-31 21:16:07.309,4.17,6,16.071016666666665,0.25947331687167685,0.695,4,32.5,65.41283333333331,45.41283333333331,50.41283333333331,55.41283333333331,60.41283333333331
RED,2017-08-31 22:51:58.654,2017-08-31 23:10:19.931,4.69,5,18.35461666666667,0.25552154453420894,0.9380000000000001,4,30.0,83.76745000000005,63.76745000000005,68.76745000000005,73.76745000000005,78.76745000000005
RED,2017-09-06 20:25:42.851,2017-09-06 20:39:16.379,3.65,3,13.5588,0.2691978641177685,1.2166666666666666,4,21.0,10.608383333333336,-9.391616666666664,-4.391616666666664,0.6083833333333359,5.608383333333336
RED,2017-09-08 16:40:45.478,2017-09-08 17:35:18.886,10.37,12,54.556799999999996,0.190077130623497,0.8641666666666666,4,28.5,17.31361666666669,-2.6863833333333105,2.3136166666666895,7.3136166666666895,12.31361666666669
RED,2017-09-08 17:35:27.452,2017-09-08 18:39:21.507,11.69,7,63.90091666666667,0.18293947269927008,1.67,4,25.0,81.21453333333329,61.21453333333329,66.21453333333329,71.21453333333329,76.21453333333329
RED,2017-09-08 18:42:34.636,2017-09-08 18:57:08.851,3.03,5,14.57025,0.2079579966026664,0.606,4,22.5,95.78478333333328,75.78478333333328,80.78478333333328,85.78478333333328,90.78478333333328
RED,2017-09-15 13:01:07.167,2017-09-15 18:26:14.407,93.14,30,325.1206666666667,0.28647825115188,3.1046666666666667,4,46.0,80.03905000000009,60.03905000000009,65.03905000000009,70.03905000000009,75.03905000000009
RED,2017-09-15 18:47:28.314,2017-09-15 19:54:45.970,17.71,28,67.29426666666667,0.26317249414016447,0.6325000000000001,4,32.0,147.33331666666675,127.33331666666675,132.33331666666675,137.33331666666675,142.33331666666675
RED,2017-09-15 19:55:33.654,2017-09-15 20:05:46.219,2.4,4,10.209416666666668,0.23507709385942713,0.6,4,30.0,157.54273333333333,137.54273333333333,142.54273333333333,147.54273333333333,152.54273333333333
RED,2017-09-15 20:17:15.712,2017-09-15 20:29:26.140,2.84,2,12.1738,0.2332878805303192,1.42,4,29.0,169.71653333333336,149.71653333333336,154.71653333333336,159.71653333333336,164.71653333333336
RED,2017-09-15 22:06:21.855,2017-09-15 22:14:27.240,1.97,3,8.08975,0.2435180320776291,0.6566666666666666,4,27.5,177.80628333333334,157.80628333333334,162.80628333333334,167.80628333333334,172.80628333333334
RED,2017-09-15 22:17:27.787,2017-09-15 22:28:17.604,2.87,5,10.830283333333334,0.26499768396333123,0.5740000000000001,4,25.0,188.63656666666668,168.63656666666668,173.63656666666668,178.63656666666668,183.63656666666668
RED,2017-09-15 22:43:19.695,2017-09-15 22:53:27.595,2.4,3,10.131666666666666,0.23688106596479686,0.7999999999999999,4,23.5,198.76823333333334,178.76823333333334,183.76823333333334,188.76823333333334,193.76823333333334
RED,2017-10-14 11:30:23.334,2017-10-14 13:27:03.546,25.56,7,116.67020000000001,0.219079079319312,3.6514285714285712,4,52.5,55.84853333333331,35.84853333333331,40.84853333333331,45.84853333333331,50.84853333333331
RED,2017-10-14 14:57:44.900,2017-10-14 15:50:08.946,11.58,9,52.40076666666666,0.22098913311064788,1.2866666666666666,4,48.0,108.24930000000006,88.24930000000006,93.24930000000006,98.24930000000006,103.24930000000006
RED,2017-10-14 15:59:14.229,2017-10-14 16:11:26.065,2.84,4,12.197266666666668,0.23283905137216532,0.71,4,46.0,120.44656666666674,100.44656666666674,105.44656666666674,110.44656666666674,115.44656666666674
RED,2017-10-14 16:16:46.170,2017-10-14 16:30:30.346,4.0,4,13.736266666666667,0.29119993787734655,1.0,4,43.99999999999999,134.1828333333334,114.1828333333334,119.1828333333334,124.1828333333334,129.1828333333334
RED,2017-10-14 17:11:19.940,2017-10-14 17:23:36.743,2.84,5,12.28005,0.23126941665546966,0.568,4,41.5,146.46288333333337,126.46288333333337,131.46288333333337,136.46288333333337,141.46288333333337
RED,2017-10-14 19:11:32.008,2017-10-14 19:22:22.911,2.4,4,10.848383333333334,0.22123112045880874,0.6,4,27.0,157.3112666666667,137.3112666666667,142.3112666666667,147.3112666666667,152.3112666666667
RED,2017-10-14 19:24:06.999,2017-10-14 19:38:14.473,3.28,5,14.124566666666668,0.23221951351899878,0.6559999999999999,4,24.5,171.43583333333333,151.43583333333333,156.43583333333333,161.43583333333333,166.43583333333333
RED,2017-10-18 06:49:36.872,2017-10-19 07:26:17.975,8.08,130,1476.68505,0.00547171517718013,0.06215384615384616,4,35.0,936.68505,916.68505,921.68505,926.68505,931.68505
RED,2017-10-19 17:28:03.286,2017-10-19 17:47:57.390,4.37,5,19.901733333333333,0.21957886415253614,0.874,4,32.5,956.5867833333334,936.5867833333334,941.5867833333334,946.5867833333334,951.5867833333334
RED,2017-10-19 17:49:42.298,2017-10-19 18:11:29.197,6.29,4,21.78165,0.2887751846164088,1.5725,4,30.5,978.3684333333333,958.3684333333333,963.3684333333333,968.3684333333333,973.3684333333333
RED,2017-10-19 18:34:50.923,2017-10-19 18:59:19.397,5.46,9,24.474566666666664,0.22308873020564207,0.6066666666666667,4,26.0,1002.8430000000001,982.8430000000001,987.8430000000001,992.8430000000001,997.8430000000001
RED,2017-10-19 19:05:50.084,2017-10-19 19:16:50.497,2.87,2,11.006883333333333,0.2607459271698165,1.435,4,25.0,1013.8498833333333,993.8498833333333,998.8498833333333,1003.8498833333333,1008.8498833333333
RED,2017-10-19 19:27:33.912,2017-10-19 19:34:19.567,1.53,2,6.760916666666666,0.22630067421823968,0.765,4,24.0,1020.6108000000002,1000.6108000000002,1005.6108000000002,1010.6108000000002,1015.6108000000002
RED,2017-10-19 20:12:19.336,2017-10-19 20:30:19.329,3.93,7,17.999883333333333,0.2183347484659623,0.5614285714285715,4,20.5,1038.6106833333333,1018.6106833333333,1023.6106833333333,1028.6106833333333,1033.6106833333333
RED,2017-10-19 20:31:03.688,2017-10-19 20:36:14.478,1.56,0,5.179833333333334,0.30116799124810967,inf,4,20.5,1043.7905166666667,1023.7905166666667,1028.7905166666667,1033.7905166666667,1038.7905166666667
RED,2017-10-25 14:59:36.798,2017-10-25 17:07:42.062,2.29,32,128.08773333333335,0.01787837086663516,0.0715625,4,26.5,50.53111666666666,30.531116666666662,35.53111666666666,40.53111666666666,45.53111666666666
RED,2017-11-02 16:15:25.231,2017-11-02 16:29:09.374,3.06,3,13.735716666666667,0.22277687246024053,1.02,4,29.0,2.6768833333333077,-17.323116666666692,-12.323116666666692,-7.323116666666692,-2.3231166666666923
RED,2017-11-02 16:39:03.820,2017-11-02 16:52:37.217,4.0,4,13.556616666666667,0.2950588703917029,1.0,4,27.0,16.23350000000005,-3.766499999999951,1.2335000000000491,6.233500000000049,11.23350000000005
RED,2017-11-02 17:29:02.215,2017-11-02 17:35:36.073,1.53,2,6.5643,0.23307892692290114,0.765,4,26.0,22.797800000000052,2.797800000000052,7.797800000000052,12.797800000000052,17.797800000000052
RED,2017-11-09 21:02:58.747,2017-11-10 06:30:10.352,147.97,5,567.1934166666667,0.26088102515294237,29.594,4,52.5,291.6572166666667,271.6572166666667,276.6572166666667,281.6572166666667,286.6572166666667
RED,2017-11-10 07:16:32.726,2017-11-10 07:45:52.537,6.55,8,29.33018333333333,0.22331943600761675,0.81875,4,48.5,320.9874000000001,300.9874000000001,305.9874000000001,310.9874000000001,315.9874000000001
RED,2017-11-10 09:53:08.359,2017-11-10 10:06:23.393,3.65,4,13.250566666666666,0.27545991743749326,0.9125,4,46.5,334.2379666666667,314.2379666666667,319.2379666666667,324.2379666666667,329.2379666666667
RED,2017-11-10 10:20:51.454,2017-11-10 11:14:13.907,11.8,13,53.37421666666667,0.22108052795778735,0.9076923076923078,4,40.0,387.6121833333334,367.6121833333334,372.6121833333334,377.6121833333334,382.6121833333334
RED,2017-11-10 11:22:50.446,2017-11-10 11:41:32.736,4.15,6,18.704833333333333,0.22186778818308994,0.6916666666666668,4,37.0,406.31701666666675,386.31701666666675,391.31701666666675,396.31701666666675,401.31701666666675
RED,2017-11-10 11:41:51.498,2017-11-10 11:53:49.056,2.84,4,11.9593,0.2374720928482436,0.71,4,35.0,418.27631666666673,398.27631666666673,403.27631666666673,408.27631666666673,413.27631666666673
RED,2017-11-10 12:57:25.470,2017-11-10 13:16:19.901,4.95,7,18.907183333333332,0.261805257437429,0.7071428571428572,4,31.5,437.1835000000001,417.1835000000001,422.1835000000001,427.1835000000001,432.1835000000001
RED,2017-11-10 14:15:24.522,2017-11-10 14:42:29.389,6.12,7,27.081116666666667,0.2259877269955018,0.8742857142857143,4,28.0,464.2646166666667,444.2646166666667,449.2646166666667,454.2646166666667,459.2646166666667
RED,2017-11-10 15:37:45.062,2017-11-10 15:52:06.067,3.28,1,14.350083333333334,0.22857010121892438,3.28,4,27.5,478.6147000000001,458.6147000000001,463.6147000000001,468.6147000000001,473.6147000000001
RED,2017-11-10 16:00:21.893,2017-11-10 16:23:25.221,5.03,10,23.055466666666668,0.2181695158342779,0.503,4,22.5,501.6701666666668,481.6701666666668,486.6701666666668,491.6701666666668,496.6701666666668
RED,2017-11-10 16:52:40.543,2017-11-10 16:56:57.152,1.43,2,4.276816666666666,0.334360836915307,0.715,4,21.5,505.9469833333335,485.9469833333335,490.9469833333335,495.9469833333335,500.9469833333335
RED,2017-11-21 19:59:24.899,2017-11-21 20:14:43.833,3.5,5,15.315566666666665,0.22852566125532411,0.7,4,28.5,8.016533333333314,-11.983466666666686,-6.983466666666686,-1.9834666666666863,3.0165333333333137
RED,2017-11-21 22:05:44.869,2017-11-21 22:19:24.126,3.06,5,13.654283333333332,0.22410550047176897,0.612,4,26.0,21.670816666666724,1.670816666666724,6.670816666666724,11.670816666666724,16.670816666666724
RED,2017-11-25 14:22:28.329,2017-11-25 21:40:17.272,20.32,131,437.8157166666667,0.046412221458625114,0.1551145038167939,4,34.5,104.32680000000005,84.32680000000005,89.32680000000005,94.32680000000005,99.32680000000005
RED,2017-11-26 09:00:53.038,2017-11-26 09:15:49.050,3.5,6,14.933533333333333,0.2343718610911461,0.5833333333333334,4,31.5,119.26033333333328,99.26033333333328,104.26033333333328,109.26033333333328,114.26033333333328
RED,2017-11-26 09:46:03.056,2017-11-26 10:11:03.240,7.14,10,25.003066666666665,0.2855649706969278,0.714,4,26.5,144.26340000000005,124.26340000000005,129.26340000000005,134.26340000000005,139.26340000000005
RED,2017-11-26 10:13:59.510,2017-11-26 10:25:43.269,3.39,5,11.729316666666668,0.28901939442337504,0.678,4,24.0,155.99271666666664,135.99271666666664,140.99271666666664,145.99271666666664,150.99271666666664
RED,2017-12-01 18:12:54.333,2017-12-01 18:29:02.397,3.5,5,16.1344,0.21692780642602144,0.7,4,21.5,3.2169333333333725,-16.783066666666627,-11.783066666666627,-6.7830666666666275,-1.7830666666666275
RED,2017-12-03 11:12:53.712,2017-12-03 11:25:59.373,2.84,4,13.094349999999999,0.2168874361843085,0.71,4,21.0,5.427833333333297,-14.572166666666703,-9.572166666666703,-4.572166666666703,0.42783333333329665
RED,2017-12-04 20:50:43.793,2017-12-04 21:02:48.326,3.43,6,12.07555,0.28404503314548823,0.5716666666666667,4,24.5,2.567633333333333,-17.432366666666667,-12.432366666666667,-7.432366666666667,-2.432366666666667
RED,2017-12-04 21:06:27.050,2017-12-04 21:10:54.417,3.32,2,4.456116666666667,0.7450433299547063,1.66,4,23.5,7.02374999999995,-12.97625000000005,-7.97625000000005,-2.97625000000005,2.02374999999995
RED,2017-12-13 10:22:51.667,2017-12-13 13:02:58.385,8.96,15,160.1119666666667,0.05596083907115833,0.5973333333333334,4,35.5,12.431600000000003,-7.568399999999997,-2.568399999999997,2.431600000000003,7.431600000000003
RED,2017-12-13 13:42:53.203,2017-12-13 13:47:36.533,1.09,2,4.722166666666666,0.23082624501464727,0.545,4,34.5,17.153766666666684,-2.8462333333333163,2.1537666666666837,7.153766666666684,12.153766666666684
RED,2017-12-13 14:10:04.801,2017-12-13 14:33:02.091,5.24,8,22.954833333333333,0.22827436487595207,0.655,4,30.5,40.108600000000024,20.108600000000024,25.108600000000024,30.108600000000024,35.108600000000024
RED,2017-12-13 15:24:42.193,2017-12-13 15:40:47.253,3.5,4,16.084333333333333,0.21760305058752824,0.875,4,28.5,56.19293333333337,36.19293333333337,41.19293333333337,46.19293333333337,51.19293333333337
RED,2017-12-13 16:13:23.386,2017-12-13 16:23:23.976,2.61,3,10.009833333333335,0.2607436021245775,0.87,4,27.0,66.20276666666666,46.20276666666666,51.20276666666666,56.20276666666666,61.20276666666666
RED,2017-12-13 16:56:36.608,2017-12-13 17:05:07.645,1.97,3,8.517283333333333,0.23129440725426925,0.6566666666666666,4,25.5,74.72005000000001,54.720050000000015,59.720050000000015,64.72005000000001,69.72005000000001
RED,2017-12-13 17:29:21.297,2017-12-13 17:52:56.965,6.25,6,23.594466666666666,0.26489261606534864,1.0416666666666667,4,22.5,98.31451666666669,78.31451666666669,83.31451666666669,88.31451666666669,93.31451666666669
RED,2017-12-30 17:23:54.763,2017-12-30 18:39:25.910,16.61,4,75.51911666666666,0.21994430990652036,4.1525,4,73.0,16.736099999999965,-3.263900000000035,1.736099999999965,6.736099999999965,11.736099999999965
RED,2017-12-30 18:54:02.165,2017-12-30 19:24:09.827,8.08,15,30.1277,0.2681917305336949,0.5386666666666666,4,65.5,46.86379999999997,26.86379999999997,31.86379999999997,36.86379999999997,41.86379999999997
RED,2017-12-30 20:15:17.783,2017-12-30 20:28:55.406,3.06,7,13.62705,0.224553369951677,0.43714285714285717,4,62.0,60.49085000000002,40.49085000000002,45.49085000000002,50.49085000000002,55.49085000000002
RED,2017-12-30 21:02:28.597,2017-12-30 21:32:52.783,6.77,9,30.4031,0.22267466146544265,0.7522222222222221,4,57.5,90.89395000000002,70.89395000000002,75.89395000000002,80.89395000000002,85.89395000000002
RED,2017-12-30 21:34:30.884,2017-12-30 21:50:42.499,3.71,2,16.193583333333333,0.229103091244989,1.855,4,56.5,107.08753333333334,87.08753333333334,92.08753333333334,97.08753333333334,102.08753333333334
RED,2017-12-30 22:20:21.579,2017-12-30 22:31:18.977,2.62,3,10.956633333333334,0.2391245485991743,0.8733333333333334,4,55.0,118.04416666666668,98.04416666666668,103.04416666666668,108.04416666666668,113.04416666666668
RED,2017-12-30 23:21:12.638,2017-12-30 23:31:52.208,2.4,6,10.659500000000001,0.22515127351189076,0.39999999999999997,4,52.0,128.70366666666666,108.70366666666666,113.70366666666666,118.70366666666666,123.70366666666666
RED,2017-12-30 23:47:31.007,2017-12-31 00:03:34.771,3.5,7,16.062733333333334,0.21789566740405328,0.5,4,48.5,144.76639999999998,124.76639999999998,129.76639999999998,134.76639999999998,139.76639999999998
RED,2017-12-31 00:04:58.153,2017-12-31 00:14:29.698,2.61,3,9.525749999999999,0.27399417368711126,0.87,4,47.0,154.29215,134.29215,139.29215,144.29215,149.29215
RED,2017-12-31 00:15:10.294,2017-12-31 00:45:45.851,6.77,6,30.592616666666668,0.22129522537300664,1.1283333333333332,4,43.99999999999999,184.88476666666668,164.88476666666668,169.88476666666668,174.88476666666668,179.88476666666668
RED,2017-12-31 00:49:15.189,2017-12-31 00:56:36.815,1.75,3,7.360433333333333,0.2377577407127298,0.5833333333333334,4,42.50000000000001,192.24519999999995,172.24519999999995,177.24519999999995,182.24519999999995,187.24519999999995
RED,2017-12-31 14:31:07.303,2017-12-31 14:46:44.341,4.17,7,15.6173,0.2670115833082543,0.5957142857142858,4,39.0,207.86249999999995,187.86249999999995,192.86249999999995,197.86249999999995,202.86249999999995
RED,2017-12-31 16:11:47.221,2017-12-31 16:25:03.134,2.84,5,13.265216666666667,0.21409375145273413,0.568,4,36.5,221.12771666666663,201.12771666666663,206.12771666666663,211.12771666666663,216.12771666666663
RED,2017-12-31 16:35:52.597,2017-12-31 16:47:02.377,3.43,4,11.163,0.30726507211323123,0.8575,4,34.5,232.29071666666664,212.29071666666664,217.29071666666664,222.29071666666664,227.29071666666664
RED,2017-12-31 16:57:08.650,2017-12-31 17:16:39.043,4.37,8,19.50655,0.22402731390225333,0.54625,4,30.5,251.7972666666667,231.7972666666667,236.7972666666667,241.7972666666667,246.7972666666667
RED,2017-12-31 17:18:09.561,2017-12-31 17:36:56.544,4.95,6,18.78305,0.2635354748030805,0.8250000000000001,4,27.5,270.5803166666667,250.5803166666667,255.5803166666667,260.5803166666667,265.5803166666667
RED,2017-01-06 13:46:39.725,2017-01-07 13:10:33.568,103.3,248,1403.8973833333332,0.07358087651301864,0.4165322580645161,5,-24.0,1192.1797166666665,1172.1797166666665,1177.1797166666665,1182.1797166666665,1187.1797166666665
RED,2017-01-24 12:42:26.637,2017-01-24 14:28:57.463,17.56,3,106.51376666666667,0.1648613183960884,5.853333333333333,5,28.0,0.6834999999999809,-19.31650000000002,-14.316500000000019,-9.316500000000019,-4.316500000000019
RED,2017-01-24 15:18:01.420,2017-01-24 15:25:02.857,1.41,1,7.02395,0.20074174787690685,1.41,5,27.5,7.707449999999994,-12.292550000000006,-7.292550000000006,-2.2925500000000056,2.7074499999999944
RED,2017-01-24 15:28:25.500,2017-01-24 15:57:38.738,5.72,7,29.220633333333335,0.19575208842153774,0.8171428571428571,5,24.0,36.92808333333335,16.928083333333348,21.928083333333348,26.928083333333348,31.928083333333348
RED,2017-01-24 16:00:46.494,2017-01-24 16:07:02.068,1.21,2,6.259566666666667,0.19330411583336438,0.605,5,23.0,43.18764999999996,23.187649999999962,28.187649999999962,33.18764999999996,38.18764999999996
RED,2017-01-24 16:14:24.621,2017-01-24 16:23:00.522,1.82,3,8.59835,0.2116685177970192,0.6066666666666667,5,21.5,51.785999999999945,31.785999999999945,36.785999999999945,41.785999999999945,46.785999999999945
RED,2017-01-31 14:19:28.257,2017-02-01 17:59:56.553,101.36,95,1660.4716,0.06104289889691579,1.0669473684210526,5,52.5,1120.4716,1100.4716,1105.4716,1110.4716,1115.4716
RED,2017-02-02 05:03:18.993,2017-02-02 05:23:46.924,4.24,18,20.465516666666666,0.20717776487441072,0.23555555555555557,5,43.50000000000001,1140.9371166666667,1120.9371166666667,1125.9371166666667,1130.9371166666667,1135.9371166666667
RED,2017-02-02 06:34:57.832,2017-02-02 06:42:03.388,1.41,4,7.0926,0.1987987479908637,0.3525,5,41.5,1148.0297166666667,1128.0297166666667,1133.0297166666667,1138.0297166666667,1143.0297166666667
RED,2017-02-02 06:58:58.584,2017-02-02 08:24:19.122,16.16,36,85.3423,0.1893551029208259,0.4488888888888889,5,23.5,1233.3720166666667,1213.3720166666667,1218.3720166666667,1223.3720166666667,1228.3720166666667
RED,2017-02-02 09:44:52.850,2017-02-02 09:57:11.555,2.42,3,12.31175,0.19656019656019655,0.8066666666666666,5,22.0,1245.6837666666668,1225.6837666666668,1230.6837666666668,1235.6837666666668,1240.6837666666668
RED,2017-02-25 13:04:56.366,2017-02-25 16:32:47.294,45.63,42,207.8488,0.21953458475584176,1.0864285714285715,5,26.5,33.01876666666669,13.018766666666693,18.018766666666693,23.018766666666693,28.018766666666693
RED,2017-02-25 16:41:24.332,2017-02-25 17:04:19.203,5.99,8,22.914516666666668,0.26140634284962005,0.74875,5,22.5,55.93328333333341,35.93328333333341,40.93328333333341,45.93328333333341,50.93328333333341
RED,2017-02-25 17:33:07.063,2017-02-25 17:41:00.997,1.61,3,7.8989,0.20382584916887161,0.5366666666666667,5,21.0,63.83218333333332,43.83218333333332,48.83218333333332,53.83218333333332,58.83218333333332
RED,2017-03-21 10:10:12.805,2017-03-21 20:00:03.644,101.35,240,589.8473166666666,0.17182412657693705,0.4222916666666666,5,-20.0,109.79583333333335,89.79583333333335,94.79583333333335,99.79583333333335,104.79583333333335
RED,2017-03-24 11:30:36.113,2017-03-24 11:44:17.500,2.62,5,13.689783333333333,0.1913835987177786,0.524,5,20.5,13.122816666666608,-6.877183333333392,-1.8771833333333916,3.1228166666666084,8.122816666666608
RED,2017-04-08 21:03:21.201,2017-04-08 21:23:00.243,3.95,7,19.650699999999997,0.2010106510200655,0.5642857142857143,5,35.5,10.201616666666723,-9.798383333333277,-4.798383333333277,0.20161666666672318,5.201616666666723
RED,2017-04-09 01:39:21.600,2017-04-09 02:06:00.062,3.99,0,26.641033333333333,0.14976896541800808,inf,5,35.5,36.84265000000005,16.84265000000005,21.84265000000005,26.84265000000005,31.84265000000005
RED,2017-04-09 07:09:52.464,2017-04-09 07:40:48.469,6.25,19,30.93341666666667,0.20204686948580416,0.32894736842105265,5,26.0,67.77606666666668,47.77606666666668,52.77606666666668,57.77606666666668,62.77606666666668
RED,2017-04-09 07:59:18.915,2017-04-09 08:03:26.271,0.81,0,4.1226,0.1964779508077427,inf,5,26.0,71.89866666666671,51.89866666666671,56.89866666666671,61.89866666666671,66.89866666666671
RED,2017-04-09 09:44:33.381,2017-04-09 21:23:05.671,49.58,0,698.5381666666667,0.07097679463470022,inf,5,26.0,770.4368333333334,750.4368333333334,755.4368333333334,760.4368333333334,765.4368333333334
RED,2017-04-13 15:43:18.172,2017-04-13 18:10:14.880,26.82,31,146.94513333333333,0.18251710275535948,0.8651612903225806,5,33.0,81.15039999999999,61.15039999999999,66.15039999999999,71.15039999999999,76.15039999999999
RED,2017-04-13 18:46:54.021,2017-04-13 19:05:35.200,3.63,6,18.686316666666666,0.19425979259333256,0.605,5,30.0,99.83671666666669,79.83671666666669,84.83671666666669,89.83671666666669,94.83671666666669
RED,2017-04-13 19:08:10.274,2017-04-13 20:40:58.602,15.9,8,92.80546666666667,0.17132611440992698,1.9875,5,26.0,192.64218333333338,172.64218333333338,177.64218333333338,182.64218333333338,187.64218333333338
RED,2017-04-13 21:36:23.792,2017-04-13 21:41:28.752,1.01,1,5.082666666666666,0.1987145855194124,1.01,5,25.5,197.72484999999995,177.72484999999995,182.72484999999995,187.72484999999995,192.72484999999995
RED,2017-04-13 22:10:03.226,2017-04-13 22:27:08.557,3.43,9,17.088849999999997,0.20071567132955118,0.3811111111111111,5,21.0,214.81370000000004,194.81370000000004,199.81370000000004,204.81370000000004,209.81370000000004
RED,2017-04-20 20:38:15.753,2017-04-20 20:49:33.714,2.22,3,11.29935,0.19647147844787533,0.7400000000000001,5,34.5,4.062649999999962,-15.937350000000038,-10.937350000000038,-5.937350000000038,-0.9373500000000377
RED,2017-04-20 21:01:29.342,2017-04-20 21:12:07.775,2.22,3,10.64055,0.20863583179440914,0.7400000000000001,5,33.0,14.703200000000038,-5.296799999999962,-0.296799999999962,4.703200000000038,9.703200000000038
RED,2017-04-20 22:00:07.087,2017-04-20 22:21:11.316,4.24,7,21.070483333333335,0.2012293658822887,0.6057142857142858,5,29.5,35.77368333333334,15.773683333333338,20.773683333333338,25.773683333333338,30.773683333333338
RED,2017-04-20 23:21:27.878,2017-04-20 23:42:36.349,5.27,6,21.141183333333334,0.2492764911456391,0.8783333333333333,5,26.5,56.914866666666626,36.914866666666626,41.914866666666626,46.914866666666626,51.914866666666626
RED,2017-04-21 07:36:44.863,2017-04-21 07:45:08.434,1.82,3,8.392850000000001,0.21685124838404116,0.6066666666666667,5,25.0,65.30771666666669,45.30771666666669,50.30771666666669,55.30771666666669,60.30771666666669
RED,2017-04-21 08:56:51.295,2017-04-21 09:07:28.326,2.87,5,10.617183333333333,0.270316515208836,0.5740000000000001,5,22.5,75.92489999999998,55.92489999999998,60.92489999999998,65.92489999999998,70.92489999999998
RED,2017-04-24 19:29:54.526,2017-04-24 20:23:13.288,9.3,7,53.3127,0.17444248743732732,1.3285714285714287,5,32.0,4.961149999999975,-15.038850000000025,-10.038850000000025,-5.038850000000025,-0.03885000000002492
RED,2017-04-24 22:04:07.905,2017-04-24 22:07:13.193,0.61,1,3.0881333333333334,0.19753033116013988,0.61,5,31.5,8.049283333333392,-11.950716666666608,-6.950716666666608,-1.950716666666608,3.049283333333392
RED,2017-04-25 06:51:17.489,2017-04-25 07:07:45.241,3.23,7,16.462533333333333,0.19620309551385368,0.4614285714285714,5,28.0,24.51181666666662,4.511816666666618,9.511816666666618,14.511816666666618,19.51181666666662
RED,2017-04-25 07:22:39.731,2017-04-25 07:30:06.334,1.61,2,7.443383333333333,0.21629948746425798,0.805,5,27.0,31.95519999999999,11.95519999999999,16.95519999999999,21.95519999999999,26.95519999999999
RED,2017-04-25 07:49:31.742,2017-04-25 07:58:41.411,1.82,2,9.16115,0.19866501476343038,0.91,5,26.0,41.11635000000001,21.11635000000001,26.11635000000001,31.11635000000001,36.11635000000001
RED,2017-04-25 08:41:59.431,2017-04-25 08:52:49.802,2.22,2,10.839516666666666,0.20480617985734298,1.11,5,25.0,51.95586666666668,31.95586666666668,36.95586666666668,41.95586666666668,46.95586666666668
RED,2017-04-25 09:25:42.769,2017-04-25 09:44:40.533,5.43,5,18.962733333333333,0.28635112378313954,1.0859999999999999,5,22.5,70.91859999999997,50.91859999999997,55.91859999999997,60.91859999999997,65.91859999999997
RED,2017-05-05 17:41:24.453,2017-05-05 19:54:06.005,23.96,31,132.69253333333333,0.18056780888952306,0.7729032258064517,5,51.0,49.8144166666666,29.814416666666602,34.8144166666666,39.8144166666666,44.8144166666666
RED,2017-05-05 19:55:55.526,2017-05-05 20:13:30.647,3.63,6,17.585350000000002,0.20642182271038106,0.605,5,48.0,67.39976666666666,47.399766666666665,52.399766666666665,57.399766666666665,62.399766666666665
RED,2017-05-05 20:15:48.545,2017-05-05 20:27:03.478,2.87,5,11.248883333333334,0.25513643576473516,0.5740000000000001,5,45.49999999999999,78.64864999999998,58.648649999999975,63.648649999999975,68.64864999999998,73.64864999999998
RED,2017-05-05 20:27:42.217,2017-05-05 20:33:36.296,1.56,2,5.901316666666667,0.2643477867933427,0.78,5,44.49999999999999,84.54996666666659,64.54996666666659,69.54996666666659,74.54996666666659,79.54996666666659
RED,2017-05-05 20:43:11.805,2017-05-05 20:58:39.705,3.03,5,15.465,0.1959262851600388,0.606,5,42.00000000000001,100.01496666666662,80.01496666666662,85.01496666666662,90.01496666666662,95.01496666666662
RED,2017-05-05 20:59:48.911,2017-05-05 21:09:35.161,2.02,4,9.770833333333334,0.20673773987206823,0.505,5,40.0,109.7858,89.7858,94.7858,99.7858,104.7858
RED,2017-05-05 21:31:29.337,2017-05-05 21:46:19.507,2.94,4,14.836166666666665,0.19816439556489213,0.735,5,38.0,124.6219666666666,104.6219666666666,109.6219666666666,114.6219666666666,119.6219666666666
RED,2017-05-05 22:03:29.338,2017-05-05 22:21:17.273,3.43,6,17.798916666666667,0.19270835771840047,0.5716666666666667,5,35.0,142.42088333333334,122.42088333333334,127.42088333333334,132.42088333333334,137.42088333333334
RED,2017-05-05 23:39:39.301,2017-05-05 23:54:18.433,3.91,5,14.652199999999999,0.2668541242953277,0.782,5,32.5,157.07308333333333,137.07308333333333,142.07308333333333,147.07308333333333,152.07308333333333
RED,2017-05-06 07:48:45.658,2017-05-06 07:50:32.811,0.4,0,1.7858833333333335,0.22397879667391488,inf,5,32.5,158.85896666666667,138.85896666666667,143.85896666666667,148.85896666666667,153.85896666666667
RED,2017-05-06 08:24:51.216,2017-05-06 08:38:53.761,2.82,7,14.042416666666666,0.20082013423615355,0.40285714285714286,5,29.0,172.90138333333334,152.90138333333334,157.90138333333334,162.90138333333334,167.90138333333334
RED,2017-05-06 09:40:16.056,2017-05-06 09:47:25.561,1.49,2,7.158416666666667,0.20814658735055472,0.745,5,28.0,180.0598,160.0598,165.0598,170.0598,175.0598
RED,2017-05-10 18:10:29.049,2017-05-10 18:16:41.574,1.21,1,6.208749999999999,0.19488624924501713,1.21,5,34.0,4.384116666666728,-15.615883333333272,-10.615883333333272,-5.615883333333272,-0.6158833333332723
RED,2017-05-10 18:35:26.181,2017-05-10 18:56:42.290,4.24,8,21.268483333333332,0.1993560111244416,0.53,5,30.0,25.652600000000007,5.652600000000007,10.652600000000007,15.652600000000007,20.652600000000007
RED,2017-05-10 18:59:49.881,2017-05-10 19:16:00.879,4.17,8,16.1833,0.25767303331211805,0.52125,5,26.0,41.83590000000004,21.835900000000038,26.835900000000038,31.835900000000038,36.83590000000004
RED,2017-05-10 20:37:35.010,2017-05-10 20:54:30.908,4.43,8,16.931633333333334,0.2616404402804218,0.55375,5,22.0,58.767533333333404,38.767533333333404,43.767533333333404,48.767533333333404,53.767533333333404
RED,2017-05-10 20:58:02.517,2017-05-10 21:05:46.456,1.61,3,7.732316666666667,0.20821702853176818,0.5366666666666667,5,20.5,66.49985000000004,46.49985000000004,51.49985000000004,56.49985000000004,61.49985000000004
RED,2017-05-19 07:51:09.300,2017-05-20 04:29:45.216,217.35,716,1238.5986,0.1754805794225829,0.3035614525139665,5,-258.0,893.5280166666666,873.5280166666666,878.5280166666666,883.5280166666666,888.5280166666666
RED,2017-06-09 14:05:53.665,2017-06-09 14:11:13.036,1.1,0,5.32285,0.20665620861004916,inf,5,24.0,1.0271333333333814,-18.97286666666662,-13.972866666666619,-8.972866666666619,-3.9728666666666186
RED,2017-06-09 14:29:39.054,2017-06-09 14:38:03.539,2.57,2,8.408083333333334,0.30565824553752835,1.285,5,23.0,9.435216666666634,-10.564783333333366,-5.5647833333333665,-0.5647833333333665,4.4352166666666335
RED,2017-06-09 17:10:03.228,2017-06-09 17:17:09.436,1.53,1,7.103466666666667,0.215387791876267,1.53,5,22.5,16.538683333333324,-3.4613166666666757,1.5386833333333243,6.538683333333324,11.538683333333324
RED,2017-06-21 14:38:54.179,2017-06-21 15:43:03.967,12.56,20,64.16313333333333,0.19575103875849786,0.628,5,31.5,54.76879999999994,34.76879999999994,39.76879999999994,44.76879999999994,49.76879999999994
RED,2017-06-21 16:38:38.793,2017-06-21 16:55:29.871,3.35,7,16.8513,0.19879771887035425,0.4785714285714286,5,28.0,71.62009999999998,51.62009999999998,56.62009999999998,61.62009999999998,66.62009999999998
RED,2017-06-21 17:34:33.937,2017-06-21 17:52:20.992,3.63,8,17.78425,0.2041131900417504,0.45375,5,24.0,89.40435000000002,69.40435000000002,74.40435000000002,79.40435000000002,84.40435000000002
RED,2017-06-23 16:52:12.325,2017-06-23 18:21:09.710,15.35,9,88.95641666666667,0.1725564110514793,1.7055555555555555,5,28.5,86.7963166666666,66.7963166666666,71.7963166666666,76.7963166666666,81.7963166666666
RED,2017-06-23 18:38:13.589,2017-06-23 18:52:28.789,2.82,5,14.253333333333334,0.19784845650140317,0.564,5,26.0,101.04965000000004,81.04965000000004,86.04965000000004,91.04965000000004,96.04965000000004
RED,2017-06-23 19:02:19.852,2017-06-23 19:14:39.676,2.46,2,12.3304,0.19950690975150848,1.23,5,25.0,113.38004999999998,93.38004999999998,98.38004999999998,103.38004999999998,108.38004999999998
RED,2017-06-23 19:45:44.926,2017-06-23 20:00:06.222,4.0,7,14.354933333333333,0.27864984860024894,0.5714285714285714,5,21.5,127.73498333333328,107.73498333333328,112.73498333333328,117.73498333333328,122.73498333333328
RED,2017-07-10 11:41:35.541,2017-07-10 14:06:11.221,28.95,14,144.59466666666668,0.20021485347546242,2.0678571428571426,5,22.5,13.001616666666678,-6.998383333333322,-1.9983833333333223,3.0016166666666777,8.001616666666678
RED,2017-07-13 07:21:54.898,2017-07-13 07:42:09.241,4.24,7,20.239050000000002,0.20949599907110264,0.6057142857142858,5,24.0,14.347616666666681,-5.652383333333319,-0.6523833333333187,4.347616666666681,9.347616666666681
RED,2017-07-13 10:11:54.188,2017-07-13 10:23:13.075,2.14,2,11.314783333333333,0.18913309578766424,1.07,5,23.0,25.662399999999934,5.662399999999934,10.662399999999934,15.662399999999934,20.662399999999934
RED,2017-07-18 08:13:00.830,2017-07-18 12:22:02.908,7.87,20,249.03463333333332,0.031602030186162866,0.3935,5,27.0,161.91134999999997,141.91134999999997,146.91134999999997,151.91134999999997,156.91134999999997
RED,2017-07-18 14:25:25.389,2017-07-18 14:53:41.109,8.29,11,28.262,0.29332672846932273,0.7536363636363635,5,21.5,190.17335000000003,170.17335000000003,175.17335000000003,180.17335000000003,185.17335000000003
RED,2017-07-22 09:28:28.782,2017-07-23 10:15:41.781,99.26,70,1487.2166499999998,0.06674212529828792,1.4180000000000001,5,35.5,1006.2499999999998,986.2499999999998,991.2499999999998,996.2499999999998,1001.2499999999998
RED,2017-07-23 12:03:50.530,2017-07-23 12:47:05.895,8.09,21,43.25608333333333,0.18702571699934306,0.3852380952380952,5,25.0,1049.5060833333332,1029.5060833333332,1034.5060833333332,1039.5060833333332,1044.5060833333332
RED,2017-07-30 17:32:01.324,2017-07-30 17:58:09.680,5.24,13,26.139266666666668,0.20046469041467627,0.4030769230769231,5,24.5,6.518966666666643,-13.481033333333357,-8.481033333333357,-3.4810333333333574,1.5189666666666426
RED,2017-07-30 19:42:52.590,2017-07-30 20:16:49.404,8.15,8,33.9469,0.24008083212310993,1.01875,5,20.5,40.46586666666667,20.46586666666667,25.46586666666667,30.46586666666667,35.46586666666667
RED,2017-08-08 19:46:27.827,2017-08-08 20:07:17.352,4.24,9,20.82541666666667,0.2035973669994598,0.47111111111111115,5,28.5,2.5792833333333647,-17.420716666666635,-12.420716666666635,-7.420716666666635,-2.4207166666666353
RED,2017-08-08 20:11:11.943,2017-08-08 20:17:48.471,1.41,2,6.6088000000000005,0.21335189444377192,0.705,5,27.5,9.188083333333338,-10.811916666666662,-5.8119166666666615,-0.8119166666666615,4.1880833333333385
RED,2017-08-08 20:28:14.235,2017-08-08 20:40:55.623,2.62,5,12.6898,0.20646503490992768,0.524,5,25.0,21.87788333333333,1.8778833333333296,6.87788333333333,11.87788333333333,16.87788333333333
RED,2017-08-08 20:45:56.006,2017-08-08 21:06:44.973,4.24,6,20.81611666666667,0.20368832803428752,0.7066666666666667,5,22.0,42.694000000000074,22.694000000000074,27.694000000000074,32.694000000000074,37.694000000000074
RED,2017-08-11 14:46:14.663,2017-08-11 14:50:42.466,0.93,1,4.463383333333334,0.20836211692923529,0.93,5,21.0,0.14323333333334176,-19.85676666666666,-14.856766666666658,-9.856766666666658,-4.856766666666658
RED,2017-08-17 19:11:26.872,2017-08-17 19:25:05.315,2.74,5,13.640716666666666,0.2008692114172887,0.548,5,22.5,8.951149999999984,-11.048850000000016,-6.048850000000016,-1.0488500000000158,3.951149999999984
RED,2017-08-17 19:27:55.991,2017-08-17 19:40:29.859,2.62,4,12.564466666666668,0.20852456928799204,0.655,5,20.5,21.515616666666688,1.5156166666666877,6.515616666666688,11.515616666666688,16.515616666666688
RED,2017-08-29 14:44:08.435,2017-08-29 15:38:21.970,9.67,9,54.22558333333333,0.17832910972219448,1.0744444444444445,5,24.0,1.6184166666666897,-18.38158333333331,-13.38158333333331,-8.38158333333331,-3.3815833333333103
RED,2017-08-29 16:42:27.724,2017-08-29 16:54:51.080,3.43,3,12.389266666666666,0.2768525444067177,1.1433333333333333,5,22.5,14.007683333333375,-5.992316666666625,-0.9923166666666248,4.007683333333375,9.007683333333375
RED,2017-09-02 18:56:01.774,2017-09-02 19:29:23.409,6.66,21,33.36058333333333,0.19963679691851913,0.31714285714285717,5,21.0,7.539049999999975,-12.460950000000025,-7.460950000000025,-2.4609500000000253,2.5390499999999747
RED,2017-09-12 00:12:25.346,2017-09-12 05:39:20.361,58.63,29,326.9169166666667,0.1793422028991566,2.0217241379310344,5,57.5,28.379466666666644,8.379466666666644,13.379466666666644,18.379466666666644,23.379466666666644
RED,2017-09-12 18:56:26.731,2017-09-12 19:20:51.218,5.04,8,24.40811666666667,0.20648868853052296,0.63,5,53.5,52.78758333333326,32.78758333333326,37.78758333333326,42.78758333333326,47.78758333333326
RED,2017-09-12 19:31:39.982,2017-09-12 19:51:10.747,4.03,5,19.51275,0.20653162675686412,0.806,5,51.0,72.30033333333336,52.300333333333356,57.300333333333356,62.300333333333356,67.30033333333336
RED,2017-09-12 19:52:14.837,2017-09-12 21:04:34.577,13.68,31,72.329,0.18913575467654745,0.44129032258064516,5,35.5,144.6293333333333,124.6293333333333,129.6293333333333,134.6293333333333,139.6293333333333
RED,2017-09-12 23:17:20.962,2017-09-12 23:24:39.586,1.41,3,7.3104000000000005,0.19287590282337488,0.47,5,34.0,151.93973333333327,131.93973333333327,136.93973333333327,141.93973333333327,146.93973333333327
RED,2017-09-12 23:30:40.781,2017-09-12 23:45:01.204,2.82,6,14.340383333333333,0.19664746293392898,0.47,5,31.0,166.2801166666667,146.2801166666667,151.2801166666667,156.2801166666667,161.2801166666667
RED,2017-09-12 23:54:33.569,2017-09-13 00:12:53.264,3.83,9,18.32825,0.20896703176789927,0.4255555555555556,5,26.5,184.6083666666666,164.6083666666666,169.6083666666666,174.6083666666666,179.6083666666666
RED,2017-09-13 06:32:27.621,2017-09-13 06:42:37.388,2.4,3,10.162783333333334,0.23615577753469766,0.7999999999999999,5,25.0,194.77114999999992,174.77114999999992,179.77114999999992,184.77114999999992,189.77114999999992
RED,2017-09-13 08:15:23.603,2017-09-13 08:30:51.032,3.5,5,15.45715,0.22643242771144745,0.7,5,22.5,210.2283,190.2283,195.2283,200.2283,205.2283
RED,2017-09-14 21:11:27.504,2017-09-14 21:42:24.582,8.08,22,30.9513,0.26105527069945367,0.36727272727272725,5,22.5,7.259649999999965,-12.740350000000035,-7.740350000000035,-2.740350000000035,2.259649999999965
RED,2017-09-14 22:22:05.737,2017-09-14 22:33:53.662,3.13,3,11.79875,0.2652823392308507,1.0433333333333332,5,21.0,19.058400000000006,-0.941599999999994,4.058400000000006,9.058400000000006,14.058400000000006
RED,2017-09-18 14:49:51.683,2017-09-18 15:17:04.094,6.12,2,27.20685,0.22494335066352777,3.06,5,32.5,5.629516666666632,-14.370483333333368,-9.370483333333368,-4.370483333333368,0.6295166666666319
RED,2017-09-18 15:17:48.907,2017-09-18 15:37:39.920,6.0,7,19.850216666666665,0.3022637032509301,0.8571428571428571,5,29.0,25.479733333333343,5.479733333333343,10.479733333333343,15.479733333333343,20.479733333333343
RED,2017-09-18 17:24:40.683,2017-09-18 17:39:43.570,4.17,4,15.048116666666665,0.277111089206069,1.0425,5,27.0,40.527849999999944,20.527849999999944,25.527849999999944,30.527849999999944,35.527849999999944
RED,2017-09-18 17:53:43.261,2017-09-18 18:02:41.146,1.97,3,8.96475,0.21974957472322149,0.6566666666666666,5,25.5,49.49260000000004,29.49260000000004,34.49260000000004,39.49260000000004,44.49260000000004
RED,2017-09-18 18:05:01.212,2017-09-18 18:18:56.414,4.0,4,13.920033333333333,0.28735563372693074,1.0,5,23.5,63.41263333333336,43.41263333333336,48.41263333333336,53.41263333333336,58.41263333333336
RED,2017-09-18 18:27:18.967,2017-09-18 18:35:16.477,2.34,1,7.9585,0.2940252560155808,2.34,5,23.0,71.37113333333332,51.37113333333332,56.37113333333332,61.37113333333332,66.37113333333332
RED,2017-10-07 22:38:40.945,2017-10-08 16:48:59.336,284.21,80,1090.3065166666668,0.2606698168409553,3.552625,5,43.50000000000001,566.9161166666668,546.9161166666668,551.9161166666668,556.9161166666668,561.9161166666668
RED,2017-10-08 16:49:18.011,2017-10-08 17:09:07.132,4.37,8,19.818683333333336,0.22049900724989296,0.54625,5,39.5,586.7348000000002,566.7348000000002,571.7348000000002,576.7348000000002,581.7348000000002
RED,2017-10-08 17:36:25.153,2017-10-08 18:00:18.218,6.25,11,23.884416666666667,0.26167689532575283,0.5681818181818182,5,34.0,610.6192166666667,590.6192166666667,595.6192166666667,600.6192166666667,605.6192166666667
RED,2017-10-08 18:55:55.768,2017-10-08 19:12:29.376,3.71,6,16.560133333333333,0.22403201262469707,0.6183333333333333,5,31.0,627.1793500000001,607.1793500000001,612.1793500000001,617.1793500000001,622.1793500000001
RED,2017-10-08 19:12:59.294,2017-10-09 01:05:58.269,77.34,15,352.98291666666665,0.2191040878984937,5.156000000000001,5,23.5,980.1622666666667,960.1622666666667,965.1622666666667,970.1622666666667,975.1622666666667
RED,2017-10-10 08:18:54.269,2017-10-10 11:41:55.581,44.57,27,203.02186666666665,0.2195330026847683,1.6507407407407408,5,22.0,63.580316666666704,43.580316666666704,48.580316666666704,53.580316666666704,58.580316666666704
RED,2017-10-31 16:05:21.164,2017-10-31 16:42:57.471,8.3,5,37.60511666666666,0.22071464565770532,1.6600000000000001,5,24.0,0.5281333333333578,-19.471866666666642,-14.471866666666642,-9.471866666666642,-4.471866666666642
RED,2017-11-09 16:07:52.214,2017-11-09 16:25:45.762,4.69,6,17.892466666666667,0.2621214887457291,0.7816666666666667,5,23.0,9.484566666666638,-10.515433333333362,-5.5154333333333625,-0.5154333333333625,4.4845666666666375
RED,2017-11-09 16:33:20.867,2017-11-09 16:49:09.343,3.5,3,15.807933333333333,0.22140781632851017,1.1666666666666667,5,21.5,25.292500000000018,5.292500000000018,10.292500000000018,15.292500000000018,20.292500000000018
RED,2017-11-12 19:01:28.098,2017-11-12 19:46:02.392,11.72,8,44.57156666666666,0.26294790325970147,1.465,5,22.5,13.318316666666647,-6.681683333333353,-1.6816833333333534,3.3183166666666466,8.318316666666647
RED,2017-11-14 21:11:51.348,2017-11-14 21:22:35.235,3.14,4,10.731449999999999,0.29259792479115126,0.785,5,21.0,7.514599999999973,-12.485400000000027,-7.485400000000027,-2.485400000000027,2.514599999999973
RED,2017-12-01 23:46:12.591,2017-12-02 03:35:14.664,59.66,14,229.03455,0.26048471726208994,4.261428571428572,5,43.99999999999999,34.33826666666664,14.338266666666641,19.33826666666664,24.33826666666664,29.33826666666664
RED,2017-12-02 07:19:25.555,2017-12-02 07:33:06.538,3.06,12,13.68305,0.2236343505285737,0.255,5,38.0,48.02131666666662,28.02131666666662,33.02131666666662,38.02131666666662,43.02131666666662
RED,2017-12-02 08:28:06.965,2017-12-02 08:45:09.639,3.93,6,17.044566666666665,0.2305720102398223,0.655,5,35.0,65.06588333333332,45.06588333333332,50.06588333333332,55.06588333333332,60.06588333333332
RED,2017-12-02 09:53:55.324,2017-12-02 10:10:47.665,3.71,5,16.87235,0.2198863821577907,0.742,5,32.5,81.9382333333333,61.9382333333333,66.9382333333333,71.9382333333333,76.9382333333333
RED,2017-12-02 12:39:57.866,2017-12-02 12:58:07.241,4.15,3,18.15625,0.2285714285714286,1.3833333333333335,5,31.0,100.0944833333333,80.0944833333333,85.0944833333333,90.0944833333333,95.0944833333333
RED,2017-12-02 14:03:19.492,2017-12-02 14:17:13.155,4.0,5,13.894383333333334,0.2878861122539923,0.8,5,28.5,113.9888666666667,93.9888666666667,98.9888666666667,103.9888666666667,108.9888666666667
RED,2017-12-02 14:54:53.967,2017-12-02 15:03:36.222,1.97,4,8.70425,0.22632621995002442,0.4925,5,26.5,122.6931166666667,102.6931166666667,107.6931166666667,112.6931166666667,117.6931166666667
RED,2017-12-02 15:06:11.409,2017-12-02 15:17:32.821,2.62,4,11.356866666666667,0.23069743415143848,0.655,5,24.5,134.04998333333333,114.04998333333333,119.04998333333333,124.04998333333333,129.04998333333333
RED,2017-12-02 15:24:20.690,2017-12-02 15:35:28.495,2.62,4,11.130083333333333,0.2353980578162787,0.655,5,22.5,145.18006666666668,125.18006666666668,130.18006666666668,135.18006666666668,140.18006666666668
RED,2017-12-08 06:37:42.560,2017-12-08 07:00:35.850,5.99,11,22.888166666666667,0.2617072868804113,0.5445454545454546,5,33.5,2.3564499999999953,-17.643550000000005,-12.643550000000005,-7.643550000000005,-2.6435500000000047
RED,2017-12-08 07:24:27.050,2017-12-08 07:35:44.309,2.62,3,11.287650000000001,0.23211208710404732,0.8733333333333334,5,32.0,13.64409999999998,-6.35590000000002,-1.3559000000000196,3.6440999999999804,8.64409999999998
RED,2017-12-08 07:36:35.754,2017-12-08 07:56:02.722,5.21,5,19.44946666666667,0.26787366920086925,1.042,5,29.5,33.093566666666675,13.093566666666675,18.093566666666675,23.093566666666675,28.093566666666675
RED,2017-12-08 11:08:44.138,2017-12-08 11:23:11.479,4.29,6,14.455683333333333,0.29676909081895125,0.715,5,26.5,47.54925000000003,27.54925000000003,32.54925000000003,37.54925000000003,42.54925000000003
RED,2017-12-08 11:25:35.836,2017-12-08 11:40:46.634,3.5,4,15.179966666666667,0.23056704121001584,0.875,5,24.5,62.729216666666616,42.729216666666616,47.729216666666616,52.729216666666616,57.729216666666616
RED,2017-12-08 13:08:57.459,2017-12-08 13:11:52.930,0.78,0,2.924516666666667,0.2667107385265941,inf,5,24.5,65.65373333333332,45.65373333333332,50.65373333333332,55.65373333333332,60.65373333333332
RED,2017-12-08 14:44:02.413,2017-12-08 15:00:16.225,3.71,5,16.2302,0.2285862158198913,0.742,5,22.0,81.88393333333329,61.88393333333329,66.88393333333329,71.88393333333329,76.88393333333329
RED,2017-12-23 22:25:32.698,2017-12-23 23:07:08.929,9.18,16,41.60385,0.2206526559441013,0.57375,5,43.00000000000001,0.8336000000000467,-19.166399999999953,-14.166399999999953,-9.166399999999953,-4.166399999999953
RED,2017-12-24 06:48:42.025,2017-12-24 06:53:48.385,1.31,3,5.106,0.2565609087348218,0.4366666666666667,5,41.5,5.939600000000041,-14.060399999999959,-9.060399999999959,-4.060399999999959,0.9396000000000413
RED,2017-12-24 09:48:36.310,2017-12-24 10:01:16.867,2.84,6,12.67595,0.22404632394416196,0.47333333333333333,5,38.5,18.615549999999985,-1.3844500000000153,3.6155499999999847,8.615549999999985,13.615549999999985
RED,2017-12-24 13:39:58.796,2017-12-24 13:56:14.886,3.71,8,16.268166666666666,0.22805274103822396,0.46375,5,34.5,34.883716666666714,14.883716666666714,19.883716666666714,24.883716666666714,29.883716666666714
RED,2017-12-24 23:32:42.185,2017-12-24 23:39:21.035,1.53,3,6.6475,0.23016171493042498,0.51,5,33.0,41.53121666666675,21.53121666666675,26.53121666666675,31.53121666666675,36.53121666666675
RED,2017-12-25 09:24:19.145,2017-12-25 09:48:29.879,6.51,12,24.1789,0.2692430176724334,0.5425,5,27.0,65.71011666666675,45.71011666666675,50.71011666666675,55.71011666666675,60.71011666666675
RED,2017-12-25 15:36:31.545,2017-12-25 16:05:47.869,6.55,13,29.272066666666667,0.22376281369496742,0.5038461538461538,5,20.5,94.98218333333341,74.98218333333341,79.98218333333341,84.98218333333341,89.98218333333341
RED,2017-01-27 23:18:54.125,2017-01-28 22:21:56.224,91.6,192,1383.0349833333335,0.0662311518536064,0.4770833333333333,6,4.0,1316.07895,1296.07895,1301.07895,1306.07895,1311.07895
RED,2017-02-16 10:17:01.894,2017-02-16 11:26:19.451,11.76,4,69.29261666666666,0.16971505141120136,2.94,6,31.0,63.02203333333341,43.02203333333341,48.02203333333341,53.02203333333341,58.02203333333341
RED,2017-02-16 12:30:45.668,2017-02-16 13:45:50.067,12.61,3,75.07331666666667,0.16796913417306059,4.203333333333333,6,29.5,138.09535000000005,118.09535000000005,123.09535000000005,128.09535000000005,133.09535000000005
RED,2017-02-16 15:43:41.741,2017-02-16 15:59:11.497,3.61,4,15.495933333333333,0.23296434763529356,0.9025,6,27.5,153.5912833333333,133.5912833333333,138.5912833333333,143.5912833333333,148.5912833333333
RED,2017-02-16 15:59:29.910,2017-02-16 16:21:28.927,4.56,7,21.983616666666666,0.207427197678271,0.6514285714285714,6,24.0,175.57490000000007,155.57490000000007,160.57490000000007,165.57490000000007,170.57490000000007
RED,2017-02-16 18:50:54.283,2017-02-16 19:00:59.327,2.02,2,10.084066666666667,0.2003160100753003,1.01,6,23.0,185.65896666666674,165.65896666666674,170.65896666666674,175.65896666666674,180.65896666666674
RED,2017-02-17 18:32:04.178,2017-02-18 01:25:55.256,66.39,49,413.85130000000004,0.16041993827251477,1.3548979591836734,6,38.0,150.31523333333337,130.31523333333337,135.31523333333337,140.31523333333337,145.31523333333337
RED,2017-02-18 09:32:00.436,2017-02-18 10:06:44.199,10.0,15,34.72938333333333,0.2879406151275361,0.6666666666666666,6,30.5,185.04461666666668,165.04461666666668,170.04461666666668,175.04461666666668,180.04461666666668
RED,2017-02-18 11:58:19.423,2017-02-18 12:18:13.813,4.03,8,19.9065,0.2024464370934117,0.50375,6,26.5,204.95111666666674,184.95111666666674,189.95111666666674,194.95111666666674,199.95111666666674
RED,2017-02-24 21:37:46.994,2017-02-24 21:57:03.777,5.71,7,19.279716666666666,0.29616617809909035,0.8157142857142857,6,29.5,0.5039000000000442,-19.496099999999956,-14.496099999999956,-9.496099999999956,-4.496099999999956
RED,2017-02-24 22:01:54.716,2017-02-24 22:06:31.302,1.01,1,4.609766666666667,0.2191000267547887,1.01,6,29.0,5.113666666666745,-14.886333333333255,-9.886333333333255,-4.886333333333255,0.11366666666674519
RED,2017-02-24 23:00:53.400,2017-02-24 23:09:33.932,1.82,3,8.675533333333334,0.20978537342564912,0.6066666666666667,6,27.5,13.78920000000005,-6.210799999999949,-1.2107999999999493,3.7892000000000507,8.78920000000005
RED,2017-02-24 23:09:43.817,2017-02-24 23:21:04.079,2.34,4,11.3377,0.20639106697125517,0.585,6,25.5,25.126899999999978,5.126899999999978,10.126899999999978,15.126899999999978,20.126899999999978
RED,2017-02-24 23:45:17.620,2017-02-24 23:54:50.876,2.02,2,9.554266666666667,0.2114238664750129,1.01,6,24.5,34.68116666666674,14.68116666666674,19.68116666666674,24.68116666666674,29.68116666666674
RED,2017-02-25 00:02:09.267,2017-02-25 00:15:48.551,2.82,6,13.654733333333333,0.2065217921990421,0.47,6,21.5,48.33590000000004,28.335900000000038,33.33590000000004,38.33590000000004,43.33590000000004
RED,2017-03-02 16:03:48.670,2017-03-02 16:31:33.572,5.65,9,27.748366666666666,0.20361558818477005,0.6277777777777778,6,21.0,16.692049999999995,-3.3079500000000053,1.6920499999999947,6.692049999999995,11.692049999999995
RED,2017-03-22 16:54:49.232,2017-03-22 17:16:35.351,5.73,6,21.768649999999997,0.26322257007209915,0.9550000000000001,6,30.5,5.8260666666667476,-14.173933333333252,-9.173933333333252,-4.1739333333332524,0.8260666666667476
RED,2017-03-22 17:55:25.076,2017-03-22 18:16:58.168,5.47,8,21.551533333333335,0.2538102470667207,0.68375,6,26.5,27.37760000000003,7.3776000000000295,12.37760000000003,17.37760000000003,22.37760000000003
RED,2017-04-15 18:30:10.588,2017-04-15 18:45:45.593,3.23,8,15.583416666666666,0.2072716188683483,0.40375,6,57.0,11.6167333333334,-8.3832666666666,-3.3832666666666,1.6167333333334,6.6167333333334
RED,2017-04-15 18:46:16.755,2017-04-15 19:06:42.894,4.24,9,20.43565,0.20748055481474778,0.47111111111111115,6,52.5,32.052383333333296,12.052383333333296,17.052383333333296,22.052383333333296,27.052383333333296
RED,2017-04-15 19:09:42.625,2017-04-15 19:48:30.822,10.55,21,38.80328333333333,0.2718842091111706,0.5023809523809524,6,42.00000000000001,70.8556666666667,50.85566666666671,55.85566666666671,60.85566666666671,65.8556666666667
RED,2017-04-15 20:11:11.094,2017-04-15 20:31:02.275,4.03,9,19.85301666666667,0.20299182072245947,0.44777777777777783,6,37.5,90.7086833333334,70.7086833333334,75.7086833333334,80.7086833333334,85.7086833333334
RED,2017-04-15 22:08:58.398,2017-04-15 22:18:04.520,1.82,4,9.102033333333333,0.19995532133845553,0.455,6,35.5,99.81071666666674,79.81071666666674,84.81071666666674,89.81071666666674,94.81071666666674
RED,2017-04-16 10:35:14.935,2017-04-16 10:53:57.652,5.43,6,18.71195,0.29018888998741443,0.9049999999999999,6,32.5,118.52266666666674,98.52266666666674,103.52266666666674,108.52266666666674,113.52266666666674
RED,2017-04-16 12:42:08.365,2017-04-16 12:49:36.122,1.41,4,7.4626166666666665,0.1889417697545767,0.3525,6,30.5,125.98528333333331,105.98528333333331,110.98528333333331,115.98528333333331,120.98528333333331
RED,2017-04-16 12:54:50.217,2017-04-16 13:09:42.697,4.29,7,14.874666666666666,0.28840982430978845,0.6128571428571429,6,27.0,140.85995000000003,120.85995000000003,125.85995000000003,130.85995000000003,135.85995000000003
RED,2017-04-16 14:28:26.370,2017-04-16 14:43:49.440,3.23,7,15.384500000000001,0.20995157463680977,0.4614285714285714,6,23.5,156.24445000000003,136.24445000000003,141.24445000000003,146.24445000000003,151.24445000000003
RED,2017-05-03 14:22:36.531,2017-05-03 17:34:27.200,35.82,16,191.84448333333333,0.1867137348836979,2.23875,6,29.5,43.01041666666663,23.01041666666663,28.01041666666663,33.01041666666663,38.01041666666663
RED,2017-05-03 21:58:20.712,2017-05-03 22:07:27.545,1.89,1,9.113883333333332,0.207375926471153,1.89,6,29.0,52.12429999999995,32.12429999999995,37.12429999999995,42.12429999999995,47.12429999999995
RED,2017-05-03 22:10:31.171,2017-05-03 22:26:26.916,3.23,7,15.929083333333333,0.20277375241303905,0.4614285714285714,6,25.5,68.05338333333327,48.05338333333327,53.05338333333327,58.05338333333327,63.05338333333327
RED,2017-05-04 06:55:28.282,2017-05-04 07:13:35.347,3.63,8,18.11775,0.2003560044707538,0.45375,6,21.5,86.17113333333327,66.17113333333327,71.17113333333327,76.17113333333327,81.17113333333327
RED,2017-05-08 08:06:15.199,2017-05-08 08:19:07.491,3.39,3,12.871533333333334,0.2633718852454771,1.1300000000000001,6,37.0,2.1521999999999935,-17.847800000000007,-12.847800000000007,-7.8478000000000065,-2.8478000000000065
RED,2017-05-08 08:47:31.382,2017-05-08 09:19:03.192,6.45,10,31.530166666666666,0.20456599764246938,0.645,6,32.0,33.68236666666667,13.682366666666667,18.682366666666667,23.682366666666667,28.682366666666667
RED,2017-05-08 09:49:11.778,2017-05-08 10:09:09.575,4.03,5,19.963283333333333,0.20187060077792815,0.806,6,29.5,53.645650000000046,33.645650000000046,38.645650000000046,43.645650000000046,48.645650000000046
RED,2017-05-08 14:49:35.944,2017-05-08 14:57:58.199,1.61,2,8.370916666666666,0.1923325800639118,0.805,6,28.5,62.01656666666668,42.01656666666668,47.01656666666668,52.01656666666668,57.01656666666668
RED,2017-05-08 15:32:04.426,2017-05-08 15:51:13.064,3.83,6,19.143966666666664,0.20006303117257138,0.6383333333333333,6,25.5,81.16053333333332,61.16053333333332,66.16053333333332,71.16053333333332,76.16053333333332
RED,2017-05-08 17:11:50.908,2017-05-08 17:21:29.149,1.82,4,9.63735,0.18884859427124678,0.455,6,23.5,90.79788333333329,70.79788333333329,75.79788333333329,80.79788333333329,85.79788333333329
RED,2017-05-08 17:28:03.236,2017-05-08 17:44:13.892,4.17,4,16.177599999999998,0.25776382158045696,1.0425,6,21.5,106.97548333333339,86.97548333333339,91.97548333333339,96.97548333333339,101.97548333333339
RED,2017-05-08 17:46:36.620,2017-05-08 17:53:08.234,1.21,2,6.5268999999999995,0.18538663071289588,0.605,6,20.5,113.50238333333334,93.50238333333334,98.50238333333334,103.50238333333334,108.50238333333334
RED,2017-05-19 17:25:23.189,2017-05-19 19:06:09.326,28.01,28,100.76894999999999,0.27796260653703353,1.000357142857143,6,24.0,49.47431666666671,29.47431666666671,34.47431666666671,39.47431666666671,44.47431666666671
RED,2017-05-19 19:30:43.368,2017-05-19 19:39:46.728,1.82,3,9.056000000000001,0.20097173144876324,0.6066666666666667,6,22.5,58.530316666666636,38.530316666666636,43.530316666666636,48.530316666666636,53.530316666666636
RED,2017-05-19 20:32:05.160,2017-05-19 21:25:17.656,9.3,2,53.20826666666667,0.17478487052137262,4.65,6,21.5,111.73858333333328,91.73858333333328,96.73858333333328,101.73858333333328,106.73858333333328
RED,2017-05-20 19:12:07.345,2017-05-20 19:30:11.169,3.55,5,18.063733333333335,0.1965263732856995,0.71,6,21.0,0.6197666666666919,-19.380233333333308,-14.380233333333308,-9.380233333333308,-4.380233333333308
RED,2017-05-27 12:11:11.079,2017-05-27 13:55:08.921,18.08,13,103.96403333333333,0.17390629644033945,1.3907692307692305,6,30.0,12.773683333333338,-7.226316666666662,-2.226316666666662,2.773683333333338,7.773683333333338
RED,2017-05-27 14:27:20.181,2017-05-27 14:34:52.071,1.61,3,7.531499999999999,0.21376883754896106,0.5366666666666667,6,28.5,20.305183333333275,0.3051833333332752,5.305183333333275,10.305183333333275,15.305183333333275
RED,2017-05-27 15:10:52.802,2017-05-27 15:18:07.352,1.41,1,7.242500000000001,0.19468415602347253,1.41,6,28.0,27.54768333333334,7.547683333333339,12.547683333333339,17.54768333333334,22.54768333333334
RED,2017-05-27 15:28:24.269,2017-05-27 15:40:22.723,2.42,4,11.974233333333332,0.202100621612518,0.605,6,26.0,39.5219166666667,19.521916666666698,24.521916666666698,29.521916666666698,34.5219166666667
RED,2017-05-27 15:42:53.787,2017-05-27 16:02:12.630,3.83,7,19.31405,0.1983012366645007,0.5471428571428572,6,22.5,58.83596666666665,38.83596666666665,43.83596666666665,48.83596666666665,53.83596666666665
RED,2017-06-28 08:40:50.106,2017-06-28 09:25:16.571,8.62,9,44.44108333333334,0.1939646685780612,0.9577777777777777,6,25.0,42.55815000000007,22.55815000000007,27.55815000000007,32.55815000000007,37.55815000000007
RED,2017-06-28 10:27:14.162,2017-06-28 10:43:43.244,3.23,8,16.4847,0.19593926489411392,0.40375,6,21.0,59.042850000000044,39.042850000000044,44.042850000000044,49.042850000000044,54.042850000000044
RED,2017-06-30 21:20:41.826,2017-06-30 21:38:27.572,3.63,5,17.762433333333334,0.20436389158392337,0.726,6,22.5,13.788549999999987,-6.2114500000000135,-1.2114500000000135,3.7885499999999865,8.788549999999987
RED,2017-07-06 17:07:25.705,2017-07-06 17:20:33.631,2.5,3,13.132100000000001,0.1903732076362501,0.8333333333333334,6,20.5,11.816366666666681,-8.183633333333319,-3.1836333333333187,1.8163666666666813,6.816366666666681
RED,2017-07-15 04:01:30.479,2017-07-15 04:25:07.442,4.63,7,23.616049999999998,0.19605310794989003,0.6614285714285714,6,23.0,9.410399999999981,-10.589600000000019,-5.5896000000000186,-0.5896000000000186,4.4103999999999814
RED,2017-07-15 08:31:58.566,2017-07-15 08:38:32.884,1.41,3,6.5719666666666665,0.21454764935914666,0.47,6,21.5,15.982366666666735,-4.017633333333265,0.982366666666735,5.982366666666735,10.982366666666735
RED,2017-08-06 14:43:32.506,2017-08-06 15:00:22.995,3.43,6,16.841483333333333,0.20366377070903297,0.5716666666666667,6,38.0,7.716516666666621,-12.283483333333379,-7.283483333333379,-2.283483333333379,2.716516666666621
RED,2017-08-06 17:02:56.648,2017-08-06 17:36:01.317,6.66,20,33.07781666666667,0.2013433978159582,0.333,6,28.0,40.79433333333327,20.79433333333327,25.79433333333327,30.79433333333327,35.79433333333327
RED,2017-08-06 18:16:33.710,2017-08-06 18:28:05.860,2.42,4,11.535833333333333,0.20978111680994005,0.605,6,26.0,52.33016666666663,32.33016666666663,37.33016666666663,42.33016666666663,47.33016666666663
RED,2017-08-06 19:50:57.237,2017-08-06 20:05:31.787,2.82,5,14.575833333333332,0.19347092790578013,0.564,6,23.5,66.90599999999995,46.90599999999995,51.90599999999995,56.90599999999995,61.90599999999995
RED,2017-08-06 20:12:03.520,2017-08-06 20:22:45.565,2.22,6,10.70075,0.2074620937784735,0.37000000000000005,6,20.5,77.60675000000003,57.606750000000034,62.606750000000034,67.60675000000003,72.60675000000003
RED,2017-08-08 20:14:37.865,2017-08-08 20:39:33.741,4.51,7,24.931266666666666,0.18089734710631095,0.6442857142857142,6,28.0,2.9932166666666262,-17.006783333333374,-12.006783333333374,-7.006783333333374,-2.0067833333333738
RED,2017-08-08 20:53:11.620,2017-08-08 21:24:31.778,6.17,12,31.335966666666664,0.196898345777323,0.5141666666666667,6,22.0,34.329183333333276,14.329183333333276,19.329183333333276,24.329183333333276,29.329183333333276
RED,2017-09-01 18:21:11.703,2017-09-01 18:41:30.231,4.03,7,20.3088,0.19843614590719294,0.5757142857142857,6,52.5,19.643216666666603,-0.3567833333333965,4.6432166666666035,9.643216666666603,14.643216666666603
RED,2017-09-01 18:44:21.976,2017-09-01 19:03:09.383,3.83,9,18.790116666666666,0.20383055985992637,0.4255555555555556,6,48.0,38.43333333333328,18.43333333333328,23.43333333333328,28.43333333333328,33.43333333333328
RED,2017-09-01 20:15:47.593,2017-09-01 20:41:56.864,7.43,17,26.154516666666666,0.2840809522383323,0.4370588235294117,6,39.5,64.58785,44.58785,49.58785,54.58785,59.58785
RED,2017-09-01 21:34:24.628,2017-09-01 21:45:19.785,2.22,3,10.919283333333334,0.20331004629424704,0.7400000000000001,6,38.0,75.50713333333329,55.507133333333286,60.507133333333286,65.50713333333329,70.50713333333329
RED,2017-09-01 23:26:57.984,2017-09-01 23:37:48.653,2.22,7,10.844483333333333,0.20471238064207764,0.31714285714285717,6,34.5,86.35161666666659,66.35161666666659,71.35161666666659,76.35161666666659,81.35161666666659
RED,2017-09-02 00:20:46.381,2017-09-02 00:40:35.319,5.01,10,19.815633333333334,0.2528306774617347,0.501,6,29.5,106.16724999999997,86.16724999999997,91.16724999999997,96.16724999999997,101.16724999999997
RED,2017-10-05 09:34:53.168,2017-10-05 17:52:18.357,35.95,65,497.41981666666663,0.07227295494761317,0.5530769230769231,6,25.5,183.47793333333334,163.47793333333334,168.47793333333334,173.47793333333334,178.47793333333334
RED,2017-10-07 11:22:58.107,2017-10-07 11:54:25.310,6.99,5,31.45338333333333,0.2222336441813626,1.3980000000000001,6,37.5,13.906216666666637,-6.093783333333363,-1.0937833333333629,3.906216666666637,8.906216666666637
RED,2017-10-07 12:06:17.125,2017-10-07 12:14:41.629,1.97,3,8.4084,0.2342895200038057,0.6566666666666666,6,36.0,22.314616666666666,2.314616666666666,7.314616666666666,12.314616666666666,17.314616666666666
RED,2017-10-07 12:35:47.479,2017-10-07 12:52:32.062,4.69,5,16.74305,0.28011622733014596,0.9380000000000001,6,33.5,39.057666666666705,19.057666666666705,24.057666666666705,29.057666666666705,34.057666666666705
RED,2017-10-07 13:04:50.648,2017-10-07 13:18:43.487,3.28,5,13.880650000000001,0.23630017326277944,0.6559999999999999,6,31.0,52.93831666666665,32.93831666666665,37.93831666666665,42.93831666666665,47.93831666666665
RED,2017-10-07 13:35:20.571,2017-10-07 13:43:39.322,1.97,2,8.312516666666665,0.23699200603106563,0.985,6,30.0,61.250833333333276,41.250833333333276,46.250833333333276,51.250833333333276,56.250833333333276
RED,2017-10-07 14:36:51.521,2017-10-07 14:50:55.101,3.06,4,14.059666666666667,0.21764385120557625,0.765,6,28.0,75.31050000000005,55.31050000000005,60.31050000000005,65.31050000000005,70.31050000000005
RED,2017-10-07 15:15:38.069,2017-10-07 15:27:33.391,2.84,4,11.922033333333333,0.2382143985505828,0.71,6,26.0,87.23253333333332,67.23253333333332,72.23253333333332,77.23253333333332,82.23253333333332
RED,2017-10-07 16:09:59.027,2017-10-07 16:19:19.353,2.18,3,9.338766666666666,0.23343553574169326,0.7266666666666667,6,24.5,96.57129999999995,76.57129999999995,81.57129999999995,86.57129999999995,91.57129999999995
RED,2017-10-07 16:35:15.364,2017-10-07 16:55:28.261,4.59,5,20.214949999999998,0.2270596761307844,0.9179999999999999,6,22.0,116.78625,96.78625,101.78625,106.78625,111.78625
RED,2017-10-19 10:54:15.104,2017-10-19 18:05:31.875,20.57,152,431.27951666666667,0.04769528624726787,0.13532894736842105,6,24.0,158.64188333333334,138.64188333333334,143.64188333333334,148.64188333333334,153.64188333333334
RED,2017-10-20 05:50:43.047,2017-10-20 06:03:09.165,3.39,6,12.435300000000002,0.27261103471568837,0.5650000000000001,6,21.0,171.07718333333332,151.07718333333332,156.07718333333332,161.07718333333332,166.07718333333332
RED,2017-11-03 17:42:43.371,2017-11-03 17:59:48.670,4.69,4,17.088316666666667,0.27445652438947077,1.1725,6,24.0,9.693916666666723,-10.306083333333277,-5.306083333333277,-0.30608333333327664,4.693916666666723
RED,2017-11-15 07:27:55.534,2017-11-15 07:57:37.940,6.55,10,29.706766666666667,0.22048848578831085,0.655,6,20.5,12.688783333333276,-7.3112166666667235,-2.3112166666667235,2.6887833333332765,7.6887833333332765
RED,2017-11-30 17:09:55.416,2017-11-30 18:28:55.521,17.26,10,79.00174999999999,0.21847617299616787,1.7260000000000002,6,24.0,48.19479999999999,28.194799999999987,33.19479999999999,38.19479999999999,43.19479999999999
RED,2017-11-30 18:58:23.848,2017-11-30 19:16:26.186,3.93,6,18.038966666666667,0.21786170309090136,0.655,6,21.0,66.23376666666661,46.23376666666661,51.23376666666661,56.23376666666661,61.23376666666661
RED,2017-12-29 15:14:12.936,2017-12-30 03:09:57.212,90.41,571,715.7379333333333,0.1263171836917218,0.15833625218914185,6,-185.5,302.34605,282.34605,287.34605,292.34605,297.34605
RED,2017-01-17 18:39:36.692,2017-01-17 18:58:40.254,3.83,7,19.059366666666666,0.20095106343162855,0.5471428571428572,7,26.0,18.405849999999987,-1.5941500000000133,3.4058499999999867,8.405849999999987,13.405849999999987
RED,2017-01-28 11:49:31.043,2017-01-28 12:02:08.564,2.62,5,12.62535,0.20751899947328195,0.524,7,21.0,6.307566666666617,-13.692433333333383,-8.692433333333383,-3.6924333333333834,1.3075666666666166
RED,2017-02-22 10:54:56.892,2017-02-22 11:17:48.471,4.64,5,22.85965,0.2029777358795957,0.9279999999999999,7,24.5,15.095450000000028,-4.904549999999972,0.09545000000002801,5.095450000000028,10.095450000000028
RED,2017-03-10 13:45:04.201,2017-03-10 15:25:42.145,18.15,21,100.6324,0.18035940710943987,0.8642857142857142,7,24.0,24.72595000000001,4.725950000000012,9.725950000000012,14.725950000000012,19.72595000000001
RED,2017-04-03 18:58:53.061,2017-04-03 19:56:57.845,10.6,12,58.07973333333334,0.18250772501251153,0.8833333333333333,7,31.0,45.95726666666667,25.95726666666667,30.95726666666667,35.95726666666667,40.95726666666667
RED,2017-04-04 07:38:02.134,2017-04-04 07:57:20.805,3.83,16,19.311183333333336,0.19833067367699717,0.239375,7,23.0,65.26845000000003,45.26845000000003,50.26845000000003,55.26845000000003,60.26845000000003
RED,2017-04-06 15:00:53.885,2017-04-07 14:20:05.637,83.19,136,1399.1958666666665,0.05945557872336006,0.6116911764705882,7,32.0,859.1958666666665,839.1958666666665,844.1958666666665,849.1958666666665,854.1958666666665
RED,2017-04-08 05:29:30.450,2017-04-08 05:53:26.013,4.84,12,23.92605,0.2022899726448787,0.4033333333333333,7,26.0,883.1219166666665,863.1219166666665,868.1219166666665,873.1219166666665,878.1219166666665
RED,2017-04-09 16:50:49.956,2017-04-09 17:02:06.140,2.22,5,11.269733333333333,0.19698780213669653,0.44400000000000006,7,23.5,894.3916499999998,874.3916499999998,879.3916499999998,884.3916499999998,889.3916499999998
RED,2017-04-09 19:14:51.222,2017-04-09 19:46:01.242,5.84,6,31.166999999999998,0.1873776751050791,0.9733333333333333,7,20.5,925.5586499999997,905.5586499999997,910.5586499999997,915.5586499999997,920.5586499999997
RED,2017-04-10 04:06:20.482,2017-04-10 14:01:37.128,4.24,8,595.2774333333333,0.007122729273067802,0.53,7,96.0,55.277433333333306,35.277433333333306,40.277433333333306,45.277433333333306,50.277433333333306
RED,2017-04-10 23:02:19.800,2017-04-10 23:10:10.600,1.61,3,7.846666666666667,0.20518266779949024,0.5366666666666667,7,94.5,63.1241,43.1241,48.1241,53.1241,58.1241
RED,2017-04-11 05:50:11.116,2017-04-11 05:59:16.420,1.82,4,9.0884,0.2002552704546455,0.455,7,92.5,72.21249999999998,52.21249999999998,57.21249999999998,62.21249999999998,67.21249999999998
RED,2017-04-11 07:12:21.418,2017-04-11 07:34:53.692,4.44,18,22.537899999999997,0.19700149525909694,0.2466666666666667,7,83.5,94.75040000000001,74.75040000000001,79.75040000000001,84.75040000000001,89.75040000000001
RED,2017-04-11 10:00:57.246,2017-04-11 10:35:15.699,5.96,0,34.30755,0.17372269369278776,inf,7,83.5,129.05795,109.05795,114.05795,119.05795,124.05795
RED,2017-04-11 13:10:58.106,2017-04-11 13:36:44.874,5.24,11,25.779466666666668,0.20326254486775006,0.4763636363636364,7,78.0,154.83741666666663,134.83741666666663,139.83741666666663,144.83741666666663,149.83741666666663
RED,2017-04-11 13:41:31.217,2017-04-11 13:52:59.950,2.22,4,11.478883333333332,0.19339860294192382,0.555,7,76.0,166.31629999999996,146.31629999999996,151.31629999999996,156.31629999999996,161.31629999999996
RED,2017-04-11 14:35:53.295,2017-04-11 14:48:14.885,2.62,4,12.359833333333334,0.21197696840572283,0.655,7,74.0,178.67613333333327,158.67613333333327,163.67613333333327,168.67613333333327,173.67613333333327
RED,2017-04-11 18:00:55.432,2017-04-11 18:18:12.442,3.63,5,17.2835,0.2100269042728614,0.726,7,71.5,195.95963333333327,175.95963333333327,180.95963333333327,185.95963333333327,190.95963333333327
RED,2017-04-11 18:53:26.852,2017-04-11 19:03:29.991,2.02,4,10.052316666666666,0.20094870336688558,0.505,7,69.5,206.01194999999996,186.01194999999996,191.01194999999996,196.01194999999996,201.01194999999996
RED,2017-04-11 19:07:02.166,2017-04-11 19:42:48.008,6.76,10,35.76403333333334,0.18901671232085118,0.6759999999999999,7,64.5,241.77598333333333,221.77598333333333,226.77598333333333,231.77598333333333,236.77598333333333
RED,2017-04-11 19:50:55.862,2017-04-11 21:15:13.182,23.44,41,84.28866666666666,0.2780919538411649,0.5717073170731708,7,43.99999999999999,326.06465000000003,306.06465000000003,311.06465000000003,316.06465000000003,321.06465000000003
RED,2017-04-11 22:09:23.641,2017-04-11 22:16:34.791,1.41,3,7.185833333333333,0.19621941319726313,0.47,7,42.50000000000001,333.25048333333325,313.25048333333325,318.25048333333325,323.25048333333325,328.25048333333325
RED,2017-04-11 22:19:27.259,2017-04-11 22:43:24.465,4.84,11,23.953433333333333,0.20205871670449468,0.44,7,37.0,357.2039166666666,337.2039166666666,342.2039166666666,347.2039166666666,352.2039166666666
RED,2017-04-12 06:37:09.233,2017-04-12 06:50:12.426,2.62,6,13.053216666666666,0.20071680926668142,0.4366666666666667,7,34.0,370.2571333333333,350.2571333333333,355.2571333333333,360.2571333333333,365.2571333333333
RED,2017-04-12 10:34:04.205,2017-04-12 10:47:51.347,2.82,8,13.7857,0.2045597974712927,0.3525,7,30.0,384.0428333333333,364.0428333333333,369.0428333333333,374.0428333333333,379.0428333333333
RED,2017-04-12 11:15:46.815,2017-04-12 11:27:38.194,3.13,4,11.856316666666666,0.2639942983979004,0.7825,7,28.0,395.89914999999996,375.89914999999996,380.89914999999996,385.89914999999996,390.89914999999996
RED,2017-04-12 11:27:46.965,2017-04-12 11:47:59.870,3.78,4,20.215083333333332,0.18698908818085505,0.945,7,26.0,416.11423333333335,396.11423333333335,401.11423333333335,406.11423333333335,411.11423333333335
RED,2017-04-12 11:56:06.943,2017-04-12 12:05:05.344,1.82,2,8.97335,0.2028228030780032,0.91,7,25.0,425.0875833333333,405.0875833333333,410.0875833333333,415.0875833333333,420.0875833333333
RED,2017-04-12 12:16:40.162,2017-04-12 12:22:35.237,1.21,1,5.917916666666667,0.2044638456664085,1.21,7,24.5,431.0055,411.0055,416.0055,421.0055,426.0055
RED,2017-04-21 11:03:40.253,2017-04-21 21:44:29.536,88.08,289,640.8213833333334,0.13744859689581204,0.3047750865051903,7,-44.5,552.3062833333333,532.3062833333333,537.3062833333333,542.3062833333333,547.3062833333333
RED,2017-05-11 12:59:03.569,2017-05-11 20:41:35.649,83.16,44,462.5346666666667,0.17979192910945774,1.89,7,34.5,137.17830000000004,117.17830000000004,122.17830000000004,127.17830000000004,132.17830000000004
RED,2017-05-11 22:39:26.137,2017-05-11 23:02:19.184,4.47,9,22.884116666666667,0.19533198790718742,0.49666666666666665,7,30.0,160.06241666666665,140.06241666666665,145.06241666666665,150.06241666666665,155.06241666666665
RED,2017-05-12 01:05:38.092,2017-05-12 01:20:02.174,3.03,6,14.401366666666666,0.2103966984614886,0.505,7,27.0,174.46378333333337,154.46378333333337,159.46378333333337,164.46378333333337,169.46378333333337
RED,2017-05-12 07:22:23.602,2017-05-12 07:52:16.935,7.82,12,29.888883333333336,0.2616357363635198,0.6516666666666667,7,21.0,204.35266666666666,184.35266666666666,189.35266666666666,194.35266666666666,199.35266666666666
RED,2017-05-20 23:06:53.099,2017-05-20 23:34:56.795,5.65,12,28.0616,0.20134276021324518,0.4708333333333334,7,23.0,9.722516666666706,-10.277483333333294,-5.277483333333294,-0.27748333333329356,4.722516666666706
RED,2017-05-23 19:07:52.895,2017-05-23 19:32:36.160,5.04,10,24.721083333333336,0.20387456051346184,0.504,7,26.0,12.038549999999987,-7.9614500000000135,-2.9614500000000135,2.0385499999999865,7.0385499999999865
RED,2017-05-23 19:58:01.040,2017-05-23 20:12:04.653,2.82,5,14.060216666666667,0.20056589929268515,0.564,7,23.5,26.09876666666662,6.09876666666662,11.09876666666662,16.09876666666662,21.09876666666662
RED,2017-05-29 10:13:49.836,2017-05-29 12:53:50.207,28.23,32,160.00618333333333,0.17643068168928056,0.8821875,7,24.5,11.88586666666663,-8.11413333333337,-3.1141333333333705,1.8858666666666295,6.8858666666666295
RED,2017-06-19 08:53:30.151,2017-06-19 09:20:14.443,5.36,8,26.7382,0.20046225998758332,0.67,7,26.5,12.939316666666627,-7.0606833333333725,-2.0606833333333725,2.9393166666666275,7.9393166666666275
RED,2017-06-19 09:26:49.202,2017-06-19 09:37:51.419,2.87,3,11.03695,0.26003560766334904,0.9566666666666667,7,25.0,23.976266666666675,3.9762666666666746,8.976266666666675,13.976266666666675,18.976266666666675
RED,2017-06-19 10:33:28.087,2017-06-19 10:55:56.764,3.83,6,22.47795,0.1703892036417912,0.6383333333333333,7,22.0,46.45421666666664,26.45421666666664,31.45421666666664,36.45421666666664,41.45421666666664
RED,2017-06-19 11:20:07.265,2017-06-19 11:31:46.660,2.93,3,11.656583333333334,0.25136010408996345,0.9766666666666667,7,20.5,58.11080000000004,38.11080000000004,43.11080000000004,48.11080000000004,53.11080000000004
RED,2017-07-02 12:24:09.247,2017-07-02 17:37:28.487,52.9,43,313.3206666666667,0.16883661254391133,1.2302325581395348,7,27.5,82.57461666666666,62.57461666666666,67.57461666666666,72.57461666666666,77.57461666666666
RED,2017-07-02 17:37:43.215,2017-07-02 17:51:30.571,2.82,3,13.789266666666666,0.2045068869990669,0.94,7,26.0,96.36388333333332,76.36388333333332,81.36388333333332,86.36388333333332,91.36388333333332
RED,2017-07-02 18:01:15.086,2017-07-02 18:11:38.051,2.02,4,10.38275,0.19455346608557464,0.505,7,24.0,106.7466333333333,86.7466333333333,91.7466333333333,96.7466333333333,101.7466333333333
RED,2017-07-07 09:35:16.625,2017-07-07 09:53:39.812,3.83,8,18.38645,0.20830557285392232,0.47875,7,24.5,6.75493333333327,-13.24506666666673,-8.24506666666673,-3.2450666666667303,1.7549333333332697
RED,2017-07-07 11:37:42.845,2017-07-07 11:48:10.768,2.22,3,10.465383333333333,0.21212792014307488,0.7400000000000001,7,23.0,17.22031666666669,-2.7796833333333097,2.2203166666666903,7.22031666666669,12.22031666666669
RED,2017-07-07 13:26:58.131,2017-07-07 13:35:35.962,1.82,3,8.630516666666667,0.21087961130175675,0.6066666666666667,7,21.5,25.8508333333333,5.8508333333332985,10.850833333333298,15.850833333333298,20.8508333333333
RED,2017-07-20 07:07:10.974,2017-07-20 07:16:11.738,1.82,5,9.012733333333333,0.20193651944286234,0.364,7,60.5,3.068466666666609,-16.93153333333339,-11.931533333333391,-6.931533333333391,-1.931533333333391
RED,2017-07-20 07:55:17.703,2017-07-20 08:26:02.849,5.88,10,30.752433333333332,0.19120438165868717,0.588,7,55.5,33.82089999999994,13.820899999999938,18.820899999999938,23.820899999999938,28.820899999999938
RED,2017-07-20 08:47:33.104,2017-07-20 09:01:41.633,2.82,5,14.142149999999999,0.19940390958941887,0.564,7,53.0,47.96304999999995,27.963049999999953,32.96304999999995,37.96304999999995,42.96304999999995
RED,2017-07-20 10:13:52.777,2017-07-20 10:51:10.897,7.46,24,37.302,0.1999892767143853,0.31083333333333335,7,41.0,85.26504999999997,65.26504999999997,70.26504999999997,75.26504999999997,80.26504999999997
RED,2017-07-20 11:36:36.279,2017-07-20 11:56:12.747,4.03,7,19.6078,0.20553045216699478,0.5757142857142857,7,37.5,104.87284999999997,84.87284999999997,89.87284999999997,94.87284999999997,99.87284999999997
RED,2017-07-20 11:57:55.266,2017-07-20 12:52:22.794,10.56,14,54.4588,0.19390805526379576,0.7542857142857143,7,30.5,159.33164999999997,139.33164999999997,144.33164999999997,149.33164999999997,154.33164999999997
RED,2017-07-20 13:09:45.835,2017-07-20 13:52:43.789,8.55,20,42.965900000000005,0.19899501697858069,0.42750000000000005,7,20.5,202.29755,182.29755,187.29755,192.29755,197.29755
RED,2017-08-17 20:30:33.778,2017-08-18 07:51:49.379,91.6,7,681.2600166666667,0.13445673862997143,13.085714285714285,7,42.00000000000001,417.80105000000003,397.80105000000003,402.80105000000003,407.80105000000003,412.80105000000003
RED,2017-08-18 08:37:09.614,2017-08-18 08:52:47.196,3.03,6,15.626366666666666,0.19390303994743927,0.505,7,39.0,433.42741666666666,413.42741666666666,418.42741666666666,423.42741666666666,428.42741666666666
RED,2017-08-18 08:54:44.796,2017-08-18 09:10:12.356,3.03,5,15.459333333333332,0.1959981025486222,0.606,7,36.5,448.88675,428.88675,433.88675,438.88675,443.88675
RED,2017-08-18 09:36:51.084,2017-08-18 09:46:51.747,2.02,3,10.011050000000001,0.20177703637480582,0.6733333333333333,7,35.0,458.8978000000001,438.8978000000001,443.8978000000001,448.8978000000001,453.8978000000001
RED,2017-08-18 10:02:03.536,2017-08-18 10:16:04.351,3.45,4,14.013583333333335,0.24618970879444346,0.8625,7,33.0,472.91138333333333,452.91138333333333,457.91138333333333,462.91138333333333,467.91138333333333
RED,2017-08-18 11:01:01.958,2017-08-18 11:12:51.549,2.42,5,11.826516666666667,0.20462491773430047,0.484,7,30.5,484.7379000000001,464.7379000000001,469.7379000000001,474.7379000000001,479.7379000000001
RED,2017-08-18 11:25:09.115,2017-08-18 11:41:19.251,2.73,2,16.16893333333333,0.16884230664566618,1.365,7,29.5,500.90683333333345,480.90683333333345,485.90683333333345,490.90683333333345,495.90683333333345
RED,2017-08-18 11:41:21.818,2017-08-18 12:00:02.708,3.83,9,18.681500000000003,0.2050156572009742,0.4255555555555556,7,25.0,519.5883333333334,499.58833333333337,504.58833333333337,509.58833333333337,514.5883333333334
RED,2017-08-18 12:33:21.139,2017-08-18 13:17:51.296,8.53,9,44.50261666666667,0.19167412253286978,0.9477777777777777,7,20.5,564.09095,544.09095,549.09095,554.09095,559.09095
RED,2017-08-24 10:25:00.557,2017-08-24 10:38:29.951,2.82,3,13.4899,0.2090452857322886,0.94,7,31.0,8.826266666666697,-11.173733333333303,-6.173733333333303,-1.1737333333333027,3.8262666666666973
RED,2017-08-24 13:28:11.253,2017-08-24 13:52:05.092,4.84,12,23.897316666666665,0.2025331993340954,0.4033333333333333,7,25.0,32.723583333333295,12.723583333333295,17.723583333333295,22.723583333333295,27.723583333333295
RED,2017-08-24 14:23:27.711,2017-08-24 14:42:34.954,3.83,7,19.120716666666667,0.2003062995372384,0.5471428571428572,7,21.5,51.844299999999976,31.844299999999976,36.844299999999976,41.844299999999976,46.844299999999976
RED,2017-08-27 15:31:32.694,2017-08-27 16:43:53.166,12.46,7,72.3412,0.17223933249655798,1.78,7,21.5,11.646066666666684,-8.353933333333316,-3.353933333333316,1.6460666666666839,6.646066666666684
RED,2017-09-01 14:30:04.114,2017-09-01 15:53:03.742,14.51,3,82.9938,0.1748323368733568,4.836666666666667,7,25.5,5.3981666666666115,-14.601833333333389,-9.601833333333389,-4.6018333333333885,0.3981666666666115
RED,2017-09-01 17:05:38.644,2017-09-01 17:32:40.888,5.45,6,27.037399999999998,0.2015726364221412,0.9083333333333333,7,22.5,32.43556666666666,12.43556666666666,17.43556666666666,22.43556666666666,27.43556666666666
RED,2017-09-17 18:14:32.352,2017-09-17 20:21:07.122,27.75,11,126.57950000000001,0.21922981209437545,2.522727272727273,7,35.5,64.67278333333331,44.672783333333314,49.672783333333314,54.672783333333314,59.672783333333314
RED,2017-09-18 06:43:28.941,2017-09-18 06:58:04.091,3.28,6,14.585833333333333,0.22487573558818486,0.5466666666666666,7,32.5,79.25861666666663,59.258616666666626,64.25861666666663,69.25861666666663,74.25861666666663
RED,2017-09-18 09:53:36.490,2017-09-18 10:09:45.332,4.86,4,16.147366666666667,0.3009778684243664,1.215,7,30.5,95.40598333333332,75.40598333333332,80.40598333333332,85.40598333333332,90.40598333333332
RED,2017-09-18 10:25:59.409,2017-09-18 10:47:28.841,4.81,5,21.490533333333335,0.22381948020523762,0.962,7,28.0,116.89651666666668,96.89651666666668,101.89651666666668,106.89651666666668,111.89651666666668
RED,2017-09-18 12:24:02.685,2017-09-18 12:36:42.465,3.71,4,12.663,0.29297954671089,0.9275,7,26.0,129.5595166666667,109.5595166666667,114.5595166666667,119.5595166666667,124.5595166666667
RED,2017-10-02 10:26:38.028,2017-10-02 13:21:01.440,38.02,13,174.3902,0.2180168381021411,2.924615384615385,7,42.00000000000001,136.4765,116.47649999999999,121.47649999999999,126.47649999999999,131.4765
RED,2017-10-02 15:46:52.874,2017-10-02 16:01:07.285,4.29,5,14.240183333333333,0.30126016636021774,0.858,7,39.5,150.71668333333332,130.71668333333332,135.71668333333332,140.71668333333332,145.71668333333332
RED,2017-10-02 18:46:06.583,2017-10-02 18:57:14.283,3.13,3,11.128333333333334,0.28126404073685785,1.0433333333333332,7,38.0,161.84501666666665,141.84501666666665,146.84501666666665,151.84501666666665,156.84501666666665
RED,2017-10-02 19:36:18.232,2017-10-02 19:48:34.253,2.62,4,12.267016666666667,0.21358086250256447,0.655,7,36.0,174.11203333333333,154.11203333333333,159.11203333333333,164.11203333333333,169.11203333333333
RED,2017-10-02 19:50:12.011,2017-10-02 20:11:51.039,4.81,9,21.650466666666667,0.2221661118928922,0.5344444444444444,7,31.5,195.76250000000005,175.76250000000005,180.76250000000005,185.76250000000005,190.76250000000005
RED,2017-10-02 21:36:31.489,2017-10-02 21:57:45.175,5.73,9,21.228099999999998,0.2699252406009017,0.6366666666666667,7,27.0,216.99059999999997,196.99059999999997,201.99059999999997,206.99059999999997,211.99059999999997
RED,2017-10-03 04:20:02.914,2017-10-03 04:28:33.483,1.97,3,8.509483333333334,0.23150641735005453,0.6566666666666666,7,25.5,225.50008333333335,205.50008333333335,210.50008333333335,215.50008333333335,220.50008333333335
RED,2017-10-03 05:08:16.640,2017-10-03 05:09:47.561,0.44,0,1.5153500000000002,0.2903619625829016,inf,7,25.5,227.01543333333336,207.01543333333336,212.01543333333336,217.01543333333336,222.01543333333336
RED,2017-10-03 10:03:44.021,2017-10-03 10:12:49.089,1.97,1,9.084466666666666,0.21685367697241448,1.97,7,25.0,236.09989999999993,216.09989999999993,221.09989999999993,226.09989999999993,231.09989999999993
RED,2017-10-27 10:41:17.371,2017-10-27 10:58:46.733,4.69,7,17.48936666666667,0.2681629409107629,0.67,7,21.0,17.36099999999999,-2.63900000000001,2.36099999999999,7.36099999999999,12.36099999999999
RED,2017-11-12 15:29:40.535,2017-11-12 15:49:46.117,5.47,5,20.093033333333334,0.2722336597593527,1.0939999999999999,7,47.0,5.72228333333328,-14.27771666666672,-9.27771666666672,-4.27771666666672,0.7222833333332801
RED,2017-11-12 17:33:40.002,2017-11-12 17:48:01.466,3.28,6,14.357733333333334,0.22844831589015904,0.5466666666666666,7,43.99999999999999,20.080016666666666,0.08001666666666551,5.0800166666666655,10.080016666666666,15.080016666666666
RED,2017-11-12 18:24:37.396,2017-11-12 18:49:14.635,5.46,20,24.62065,0.22176506306697832,0.273,7,34.0,44.70066666666662,24.70066666666662,29.70066666666662,34.70066666666662,39.70066666666662
RED,2017-11-12 20:43:51.057,2017-11-12 20:58:47.807,3.28,7,14.945833333333333,0.21945915807081126,0.4685714285714285,7,30.5,59.64650000000006,39.64650000000006,44.64650000000006,49.64650000000006,54.64650000000006
RED,2017-11-12 22:35:09.583,2017-11-12 22:38:51.409,1.04,1,3.6971,0.2813015606826973,1.04,7,30.0,63.34360000000004,43.34360000000004,48.34360000000004,53.34360000000004,58.34360000000004
RED,2017-11-12 22:47:27.330,2017-11-12 23:00:08.139,2.84,5,12.68015,0.2239721138945517,0.568,7,27.5,76.02374999999995,56.02374999999995,61.02374999999995,66.02374999999995,71.02374999999995
RED,2017-11-13 01:19:34.156,2017-11-13 01:32:57.363,4.0,5,13.386783333333334,0.2988021767738578,0.8,7,25.0,89.41053333333332,69.41053333333332,74.41053333333332,79.41053333333332,84.41053333333332
RED,2017-12-12 19:43:32.778,2017-12-12 19:50:30.548,1.75,2,6.962833333333333,0.2513344663331498,0.875,7,29.0,3.590683333333345,-16.409316666666655,-11.409316666666655,-6.409316666666655,-1.4093166666666548
RED,2017-12-12 19:54:33.966,2017-12-12 20:23:55.197,6.55,12,29.35385,0.22313938376056291,0.5458333333333333,7,23.0,32.94453333333331,12.944533333333311,17.94453333333331,22.94453333333331,27.94453333333331
RED,2017-12-12 20:24:59.813,2017-12-12 20:29:08.644,1.43,1,4.147183333333333,0.34481234251359355,1.43,7,22.5,37.091716666666684,17.091716666666684,22.091716666666684,27.091716666666684,32.091716666666684
RED,2017-01-15 02:37:45.404,2017-01-15 02:51:46.399,2.74,6,14.016583333333333,0.19548273176416034,0.4566666666666667,8,33.5,10.830883333333304,-9.169116666666696,-4.169116666666696,0.8308833333333041,5.830883333333304
RED,2017-01-15 10:31:37.767,2017-01-15 10:51:24.092,4.03,11,19.772083333333335,0.2038227298590184,0.3663636363636364,8,28.0,30.602966666666703,10.602966666666703,15.602966666666703,20.602966666666703,25.602966666666703
RED,2017-01-15 12:41:59.847,2017-01-15 12:58:39.858,3.43,8,16.66685,0.20579773622490152,0.42875,8,24.0,47.26981666666666,27.269816666666657,32.26981666666666,37.26981666666666,42.26981666666666
RED,2017-01-15 13:09:08.983,2017-01-15 13:15:56.005,1.41,2,6.7837,0.2078511726638855,0.705,8,23.0,54.05351666666661,34.05351666666661,39.05351666666661,44.05351666666661,49.05351666666661
RED,2017-01-15 13:48:11.505,2017-01-15 13:56:15.162,1.61,2,8.06095,0.19972831986304346,0.805,8,22.0,62.11446666666666,42.11446666666666,47.11446666666666,52.11446666666666,57.11446666666666
RED,2017-02-24 15:11:58.998,2017-02-24 15:30:41.501,3.83,7,18.708383333333334,0.20472105642479352,0.5471428571428572,8,45.49999999999999,15.527283333333344,-4.472716666666656,0.5272833333333438,5.527283333333344,10.527283333333344
RED,2017-02-24 16:13:52.165,2017-02-24 16:35:50.925,4.44,10,21.979333333333333,0.20200794685917076,0.44400000000000006,8,40.5,37.50661666666667,17.506616666666673,22.506616666666673,27.506616666666673,32.50661666666667
RED,2017-02-24 20:55:45.926,2017-02-24 21:17:14.606,4.44,11,21.478,0.20672315858087345,0.4036363636363637,8,35.0,58.984616666666625,38.984616666666625,43.984616666666625,48.984616666666625,53.984616666666625
RED,2017-02-24 22:17:18.145,2017-02-24 22:34:09.645,3.43,6,16.858333333333334,0.20346020761245676,0.5716666666666667,8,32.0,75.84294999999997,55.84294999999997,60.84294999999997,65.84294999999997,70.84294999999997
RED,2017-02-24 22:36:11.724,2017-02-24 22:44:29.671,1.49,2,8.299116666666666,0.17953717965968266,0.745,8,31.0,84.14206666666666,64.14206666666666,69.14206666666666,74.14206666666666,79.14206666666666
RED,2017-02-25 09:22:20.462,2017-02-25 09:30:12.379,1.61,2,7.865283333333333,0.20469701239836668,0.805,8,30.0,92.00734999999997,72.00734999999997,77.00734999999997,82.00734999999997,87.00734999999997
RED,2017-02-25 09:40:31.374,2017-02-25 09:53:28.899,2.62,4,12.95875,0.20217999421240476,0.655,8,28.0,104.96609999999998,84.96609999999998,89.96609999999998,94.96609999999998,99.96609999999998
RED,2017-02-25 10:22:16.677,2017-02-25 10:33:23.769,2.22,5,11.1182,0.19967260887553742,0.44400000000000006,8,25.5,116.08429999999998,96.08429999999998,101.08429999999998,106.08429999999998,111.08429999999998
RED,2017-02-25 10:34:48.891,2017-02-25 10:44:30.532,1.82,3,9.694016666666666,0.18774467412029072,0.6066666666666667,8,24.0,125.77831666666668,105.77831666666668,110.77831666666668,115.77831666666668,120.77831666666668
RED,2017-02-25 10:51:04.218,2017-02-25 10:59:02.097,1.61,2,7.964650000000001,0.2021432203549434,0.805,8,23.0,133.7429666666667,113.74296666666669,118.74296666666669,123.74296666666669,128.7429666666667
RED,2017-03-01 16:04:47.591,2017-03-02 07:25:52.705,66.39,84,921.0852333333333,0.07207802014124136,0.7903571428571429,8,28.5,498.44068333333325,478.44068333333325,483.44068333333325,488.44068333333325,493.44068333333325
RED,2017-03-02 08:49:03.146,2017-03-02 08:52:31.030,0.61,0,3.464733333333333,0.17605972561620903,inf,8,28.5,501.9054166666667,481.9054166666667,486.9054166666667,491.9054166666667,496.9054166666667
RED,2017-03-02 11:27:40.727,2017-03-02 11:36:27.225,2.57,2,8.774966666666668,0.29287860542680116,1.285,8,27.5,510.68038333333334,490.68038333333334,495.68038333333334,500.68038333333334,505.68038333333334
RED,2017-03-02 13:04:32.622,2017-03-02 13:22:06.480,3.63,7,17.5643,0.20666920970377414,0.5185714285714286,8,24.0,528.2446833333333,508.24468333333334,513.2446833333333,518.2446833333333,523.2446833333333
RED,2017-03-04 16:06:30.082,2017-03-04 16:35:28.447,7.25,9,28.97275,0.25023513473867687,0.8055555555555556,8,51.0,7.067750000000046,-12.932249999999954,-7.932249999999954,-2.9322499999999536,2.0677500000000464
RED,2017-03-04 19:19:44.320,2017-03-04 19:22:07.305,0.61,1,2.3830833333333334,0.255970906039095,0.61,8,50.5,9.450833333333321,-10.549166666666679,-5.549166666666679,-0.5491666666666788,4.450833333333321
RED,2017-03-04 20:29:55.103,2017-03-04 20:42:56.532,2.62,4,13.023816666666667,0.20116990795069034,0.655,8,48.5,22.474649999999997,2.474649999999997,7.474649999999997,12.474649999999997,17.474649999999997
RED,2017-03-04 23:38:13.899,2017-03-04 23:53:02.418,3.03,10,14.80865,0.20461014339592062,0.303,8,43.50000000000001,37.283300000000054,17.283300000000054,22.283300000000054,27.283300000000054,32.283300000000054
RED,2017-03-05 10:26:03.753,2017-03-05 11:03:40.656,6.78,6,37.61505,0.18024700219725884,1.1300000000000001,8,40.5,74.89835000000005,54.89835000000005,59.89835000000005,64.89835000000005,69.89835000000005
RED,2017-03-05 15:06:03.438,2017-03-05 15:19:04.676,2.62,5,13.020633333333334,0.20121909072523353,0.524,8,38.0,87.91898333333336,67.91898333333336,72.91898333333336,77.91898333333336,82.91898333333336
RED,2017-03-05 17:37:05.437,2017-03-05 17:46:36.821,2.02,5,9.523066666666667,0.21211654509051706,0.404,8,35.5,97.44205,77.44205,82.44205,87.44205,92.44205
RED,2017-03-05 17:49:30.690,2017-03-05 18:07:20.980,3.63,8,17.838166666666666,0.20349624868026422,0.45375,8,31.5,115.28021666666666,95.28021666666666,100.28021666666666,105.28021666666666,110.28021666666666
RED,2017-03-06 10:59:52.978,2017-03-06 11:20:58.613,4.24,9,21.093916666666665,0.2010058192132803,0.47111111111111115,8,27.0,136.37413333333336,116.37413333333336,121.37413333333336,126.37413333333336,131.37413333333336
RED,2017-03-06 14:04:05.576,2017-03-06 14:14:06.747,2.02,4,10.019516666666668,0.20160653125317088,0.505,8,25.0,146.39364999999998,126.39364999999998,131.39364999999998,136.39364999999998,141.39364999999998
RED,2017-03-06 14:42:37.909,2017-03-06 14:48:26.238,1.21,2,5.805483333333333,0.20842364546161818,0.605,8,24.0,152.1991333333333,132.1991333333333,137.1991333333333,142.1991333333333,147.1991333333333
RED,2017-03-06 14:52:58.926,2017-03-06 14:59:27.936,1.21,2,6.4835,0.18662759312099944,0.605,8,23.0,158.68263333333334,138.68263333333334,143.68263333333334,148.68263333333334,153.68263333333334
RED,2017-03-06 15:00:47.470,2017-03-06 15:16:38.984,3.02,2,15.858566666666666,0.1904333514798521,1.51,8,22.0,174.5412,154.5412,159.5412,164.5412,169.5412
RED,2017-03-20 12:35:20.717,2017-03-20 13:07:34.540,6.49,13,32.230383333333336,0.2013627927685212,0.49923076923076926,8,20.5,26.6866,6.6865999999999985,11.686599999999999,16.6866,21.6866
RED,2017-04-08 20:49:45.575,2017-04-08 21:16:18.398,5.07,5,26.547050000000002,0.19098167216319703,1.014,8,34.5,16.04331666666667,-3.9566833333333307,1.0433166666666693,6.043316666666669,11.04331666666667
RED,2017-04-08 21:17:18.554,2017-04-08 21:33:15.539,4.17,8,15.94975,0.26144610417091174,0.52125,8,30.5,31.993066666666664,11.993066666666664,16.993066666666664,21.993066666666664,26.993066666666664
RED,2017-04-08 21:38:32.806,2017-04-08 21:43:33.000,1.01,2,5.003233333333333,0.2018694577506546,0.505,8,29.5,36.99630000000002,16.99630000000002,21.99630000000002,26.99630000000002,31.99630000000002
RED,2017-04-08 21:47:50.733,2017-04-08 22:04:02.590,3.23,6,16.197616666666665,0.19941205341938167,0.5383333333333333,8,26.5,53.19391666666672,33.19391666666672,38.19391666666672,43.19391666666672,48.19391666666672
RED,2017-04-08 22:23:33.776,2017-04-08 22:28:54.067,1.56,2,5.338183333333333,0.2922342494793797,0.78,8,25.5,58.532100000000014,38.532100000000014,43.532100000000014,48.532100000000014,53.532100000000014
RED,2017-04-08 22:34:39.384,2017-04-08 22:50:23.336,3.31,1,15.732533333333333,0.21039205383324577,3.31,8,25.0,74.26463333333334,54.264633333333336,59.264633333333336,64.26463333333334,69.26463333333334
RED,2017-04-08 23:35:14.508,2017-04-08 23:52:07.570,3.43,7,16.88436666666667,0.20314650041162335,0.49000000000000005,8,21.5,91.149,71.149,76.149,81.149,86.149
RED,2017-04-11 20:06:29.093,2017-04-11 20:17:23.453,2.87,3,10.906,0.2631578947368421,0.9566666666666667,8,56.0,0.12993333333338342,-19.870066666666617,-14.870066666666617,-9.870066666666617,-4.870066666666617
RED,2017-04-11 20:31:42.659,2017-04-11 20:38:46.277,1.41,2,7.0603,0.19970822769570698,0.705,8,55.0,7.190233333333367,-12.809766666666633,-7.809766666666633,-2.8097666666666328,2.1902333333333672
RED,2017-04-11 22:10:06.879,2017-04-11 22:24:36.930,3.03,5,14.500850000000002,0.20895326825668836,0.606,8,52.5,21.69108333333338,1.6910833333333812,6.691083333333381,11.691083333333381,16.69108333333338
RED,2017-04-12 07:25:39.700,2017-04-12 07:45:31.563,4.03,6,19.864383333333333,0.20287566607907118,0.6716666666666667,8,49.5,41.55546666666669,21.55546666666669,26.55546666666669,31.55546666666669,36.55546666666669
RED,2017-04-12 08:18:27.077,2017-04-12 08:38:37.414,4.03,6,20.172283333333333,0.19977906979626336,0.6716666666666667,8,46.5,61.727750000000015,41.727750000000015,46.727750000000015,51.727750000000015,56.727750000000015
RED,2017-04-12 08:42:16.218,2017-04-12 09:00:45.062,3.83,6,18.480733333333333,0.20724285832813272,0.6383333333333333,8,43.50000000000001,80.20848333333333,60.208483333333334,65.20848333333333,70.20848333333333,75.20848333333333
RED,2017-04-12 09:14:00.952,2017-04-12 09:18:07.937,1.14,1,4.116416666666667,0.27693989513533207,1.14,8,43.00000000000001,84.32489999999996,64.32489999999996,69.32489999999996,74.32489999999996,79.32489999999996
RED,2017-04-12 12:56:06.832,2017-04-12 13:13:42.273,3.21,1,17.590683333333335,0.1824829620983077,3.21,8,42.50000000000001,101.9155833333333,81.9155833333333,86.9155833333333,91.9155833333333,96.9155833333333
RED,2017-04-12 13:27:54.235,2017-04-12 13:42:00.245,2.82,5,14.100166666666667,0.19999763596174985,0.564,8,40.0,116.01575000000003,96.01575000000003,101.01575000000003,106.01575000000003,111.01575000000003
RED,2017-04-12 15:06:48.661,2017-04-12 15:38:25.794,6.08,4,31.618883333333333,0.19229015572445368,1.52,8,38.0,147.63463333333334,127.63463333333334,132.63463333333334,137.63463333333334,142.63463333333334
RED,2017-04-12 15:40:15.960,2017-04-12 15:57:38.557,3.63,4,17.376616666666667,0.208901425958448,0.9075,8,36.0,165.01125000000002,145.01125000000002,150.01125000000002,155.01125000000002,160.01125000000002
RED,2017-04-12 16:41:04.375,2017-04-12 17:28:15.982,13.71,13,47.19345,0.2905064156148788,1.0546153846153847,8,29.5,212.2047,192.2047,197.2047,202.2047,207.2047
RED,2017-04-12 17:29:10.872,2017-04-12 17:40:29.025,2.22,5,11.30255,0.19641585305970777,0.44400000000000006,8,27.0,223.50725,203.50725,208.50725,213.50725,218.50725
RED,2017-04-12 18:45:39.721,2017-04-12 18:59:36.361,2.82,4,13.943999999999999,0.20223752151462995,0.705,8,25.0,237.45124999999996,217.45124999999996,222.45124999999996,227.45124999999996,232.45124999999996
RED,2017-04-12 19:11:57.525,2017-04-12 19:28:06.590,3.23,7,16.151083333333336,0.19998658500719763,0.4614285714285714,8,21.5,253.60233333333338,233.60233333333338,238.60233333333338,243.60233333333338,248.60233333333338
RED,2017-04-15 13:17:54.623,2017-04-15 13:54:15.089,6.38,4,36.3411,0.17555880256789147,1.595,8,39.5,15.724283333333346,-4.2757166666666535,0.7242833333333465,5.7242833333333465,10.724283333333346
RED,2017-04-15 13:58:10.653,2017-04-15 14:05:46.477,1.61,2,7.597066666666667,0.21192390045280635,0.805,8,38.5,23.321350000000052,3.321350000000052,8.321350000000052,13.321350000000052,18.321350000000052
RED,2017-04-15 14:25:20.968,2017-04-15 14:50:53.410,5.24,17,25.5407,0.205162740253791,0.30823529411764705,8,30.0,48.86205000000007,28.862050000000067,33.86205000000007,38.86205000000007,43.86205000000007
RED,2017-04-15 16:41:14.248,2017-04-15 17:08:21.320,5.65,14,27.117866666666664,0.20834972269205054,0.4035714285714286,8,23.0,75.97991666666667,55.97991666666667,60.97991666666667,65.97991666666667,70.97991666666667
RED,2017-04-15 17:44:36.521,2017-04-15 17:55:11.572,2.87,4,10.584183333333334,0.2711593242117562,0.7175,8,21.0,86.56410000000005,66.56410000000005,71.56410000000005,76.56410000000005,81.56410000000005
RED,2017-04-23 16:56:52.462,2017-04-23 18:04:23.501,13.02,9,67.51731666666667,0.1928394172457979,1.4466666666666665,8,21.0,22.16509999999994,2.1650999999999385,7.1650999999999385,12.165099999999939,17.16509999999994
RED,2017-05-06 08:57:16.721,2017-05-06 09:03:16.323,1.21,2,5.993366666666666,0.2018898671308836,0.605,8,24.0,3.5560166666666646,-16.443983333333335,-11.443983333333335,-6.443983333333335,-1.4439833333333354
RED,2017-05-06 21:40:11.945,2017-05-06 21:57:32.363,3.43,7,17.3403,0.19780511294498943,0.49000000000000005,8,20.5,20.89631666666662,0.8963166666666211,5.896316666666621,10.896316666666621,15.896316666666621
RED,2017-05-18 21:06:25.037,2017-05-18 21:15:55.403,2.02,4,9.5061,0.2124951347029802,0.505,8,30.5,2.2706666666666706,-17.72933333333333,-12.72933333333333,-7.729333333333329,-2.7293333333333294
RED,2017-05-19 09:46:50.111,2017-05-19 10:06:28.210,4.03,6,19.63498333333333,0.2052459088752304,0.6716666666666667,8,27.5,21.905650000000037,1.905650000000037,6.905650000000037,11.905650000000037,16.905650000000037
RED,2017-05-19 10:07:50.708,2017-05-19 10:33:47.506,6.77,11,25.946633333333335,0.2609201707607538,0.6154545454545454,8,22.0,47.85228333333339,27.85228333333339,32.85228333333339,37.85228333333339,42.85228333333339
RED,2017-05-25 23:09:03.637,2017-05-26 00:43:40.016,17.1,6,94.60631666666667,0.1807490303237328,2.85,8,34.0,56.936283333333336,36.936283333333336,41.936283333333336,46.936283333333336,51.936283333333336
RED,2017-05-26 09:10:22.989,2017-05-26 09:26:51.870,3.43,8,16.48135,0.20811401978600055,0.42875,8,30.0,73.41763333333336,53.417633333333356,58.417633333333356,63.417633333333356,68.41763333333336
RED,2017-05-26 09:55:48.681,2017-05-26 10:30:38.944,8.41,13,34.837716666666665,0.2414050289365501,0.6469230769230769,8,23.5,108.25535000000002,88.25535000000002,93.25535000000002,98.25535000000002,103.25535000000002
RED,2017-06-01 01:56:08.533,2017-06-01 02:11:18.546,2.94,3,15.166883333333335,0.19384338465494447,0.98,8,23.0,8.753550000000018,-11.246449999999982,-6.246449999999982,-1.2464499999999816,3.7535500000000184
RED,2017-06-01 02:13:51.866,2017-06-01 02:20:35.400,1.82,3,6.7255666666666665,0.2706091680007137,0.6066666666666667,8,21.5,15.479116666666641,-4.520883333333359,0.4791166666666413,5.479116666666641,10.479116666666641
RED,2017-06-07 00:33:16.476,2017-06-07 00:44:04.506,2.22,4,10.8005,0.20554603953520673,0.555,8,22.5,0.8643666666666832,-19.135633333333317,-14.135633333333317,-9.135633333333317,-4.135633333333317
RED,2017-06-15 10:06:05.432,2017-06-15 12:27:29.432,25.61,27,141.4,0.1811173974540311,0.9485185185185185,8,22.5,98.7338666666667,78.7338666666667,83.7338666666667,88.7338666666667,93.7338666666667
RED,2017-06-22 08:17:22.769,2017-06-22 08:39:59.985,4.64,5,22.620266666666666,0.2051257869049584,0.9279999999999999,8,44.49999999999999,9.271049999999946,-10.728950000000054,-5.728950000000054,-0.7289500000000544,4.271049999999946
RED,2017-06-22 12:21:44.447,2017-06-22 13:00:39.613,7.74,11,38.91943333333334,0.19887237138601707,0.7036363636363636,8,39.0,48.190483333333304,28.190483333333304,33.190483333333304,38.190483333333304,43.190483333333304
RED,2017-06-22 13:16:30.690,2017-06-22 13:43:36.917,5.36,11,27.103783333333336,0.1977583695265175,0.4872727272727273,8,33.5,75.29426666666666,55.29426666666666,60.29426666666666,65.29426666666666,70.29426666666666
RED,2017-06-22 13:45:31.445,2017-06-22 14:03:19.349,4.69,4,17.7984,0.26350683207479325,1.1725,8,31.5,93.09266666666667,73.09266666666667,78.09266666666667,83.09266666666667,88.09266666666667
RED,2017-06-22 15:41:16.332,2017-06-22 16:02:04.244,4.24,5,20.798533333333335,0.20386052862701856,0.8480000000000001,8,29.0,113.89120000000003,93.89120000000003,98.89120000000003,103.89120000000003,108.89120000000003
RED,2017-06-22 16:45:13.342,2017-06-22 17:25:56.167,7.57,10,40.71375,0.18593227103865403,0.757,8,24.0,154.60495000000003,134.60495000000003,139.60495000000003,144.60495000000003,149.60495000000003
RED,2017-06-22 17:27:51.877,2017-06-22 17:36:06.932,1.61,1,8.250916666666667,0.19512983405884196,1.61,8,23.5,162.85586666666666,142.85586666666666,147.85586666666666,152.85586666666666,157.85586666666666
RED,2017-06-24 18:29:58.999,2017-06-24 18:48:23.333,3.83,7,18.40556666666667,0.2080892193847151,0.5471428571428572,8,64.0,11.210383333333311,-8.789616666666689,-3.7896166666666886,1.2103833333333114,6.210383333333311
RED,2017-06-24 19:46:12.301,2017-06-24 19:52:40.856,1.21,1,6.4759166666666665,0.1868461350387976,1.21,8,63.5,17.68629999999996,-2.31370000000004,2.68629999999996,7.68629999999996,12.68629999999996
RED,2017-06-24 21:17:16.792,2017-06-24 21:26:40.175,1.82,5,9.389716666666667,0.19382906477476247,0.364,8,61.0,27.076016666666646,7.076016666666646,12.076016666666646,17.076016666666646,22.076016666666646
RED,2017-06-24 22:13:03.310,2017-06-24 22:24:26.414,2.42,4,11.385066666666667,0.2125591417997845,0.605,8,59.0,38.46108333333336,18.461083333333363,23.461083333333363,28.461083333333363,33.46108333333336
RED,2017-06-24 23:03:17.723,2017-06-24 23:19:36.055,3.43,8,16.305533333333333,0.21035803796666164,0.42875,8,55.0,54.766616666666664,34.766616666666664,39.766616666666664,44.766616666666664,49.766616666666664
RED,2017-06-24 23:21:36.714,2017-06-24 23:35:46.420,2.82,6,14.161766666666667,0.19912769828623075,0.47,8,52.0,68.92838333333339,48.928383333333386,53.928383333333386,58.928383333333386,63.928383333333386
RED,2017-06-25 14:52:07.837,2017-06-25 14:56:26.293,0.8,0,4.3076,0.18571826539140127,inf,8,52.0,73.23598333333337,53.235983333333365,58.235983333333365,63.235983333333365,68.23598333333337
RED,2017-06-25 16:12:05.356,2017-06-25 16:47:46.144,7.18,22,35.6798,0.20123431185152382,0.32636363636363636,8,41.0,108.91578333333337,88.91578333333337,93.91578333333337,98.91578333333337,103.91578333333337
RED,2017-06-25 17:57:00.007,2017-06-25 18:04:07.462,1.82,3,7.12425,0.25546548759518545,0.6066666666666667,8,39.5,116.04003333333333,96.04003333333333,101.04003333333333,106.04003333333333,111.04003333333333
RED,2017-06-25 18:27:47.951,2017-06-25 18:32:45.901,1.01,1,4.965833333333333,0.2033898305084746,1.01,8,39.0,121.00586666666663,101.00586666666663,106.00586666666663,111.00586666666663,116.00586666666663
RED,2017-06-25 18:43:34.961,2017-06-25 19:02:05.270,3.63,9,18.50515,0.19616160906558444,0.4033333333333333,8,34.5,139.5110166666667,119.5110166666667,124.5110166666667,129.5110166666667,134.5110166666667
RED,2017-06-25 19:05:25.947,2017-06-25 19:22:07.752,3.43,9,16.696749999999998,0.2054292002934703,0.3811111111111111,8,30.0,156.20776666666666,136.20776666666666,141.20776666666666,146.20776666666666,151.20776666666666
RED,2017-06-25 21:35:34.822,2017-06-25 21:52:37.620,3.43,9,17.046633333333332,0.20121275168703892,0.3811111111111111,8,25.5,173.25440000000003,153.25440000000003,158.25440000000003,163.25440000000003,168.25440000000003
RED,2017-06-26 08:37:39.041,2017-06-26 08:46:23.676,1.61,3,8.743916666666667,0.18412801280890523,0.5366666666666667,8,24.0,181.9983166666667,161.9983166666667,166.9983166666667,171.9983166666667,176.9983166666667
RED,2017-06-26 08:51:24.408,2017-06-26 09:13:32.633,4.44,7,22.137083333333333,0.2005684277889665,0.6342857142857143,8,20.5,204.1354,184.1354,189.1354,194.1354,199.1354
RED,2017-07-03 11:37:50.253,2017-07-03 15:37:41.874,50.42,23,239.86034999999998,0.21020564674403253,2.1921739130434785,8,32.5,1.7795999999999594,-18.22040000000004,-13.22040000000004,-8.22040000000004,-3.2204000000000406
RED,2017-07-03 16:15:43.704,2017-07-03 16:29:04.959,2.82,3,13.35425,0.21116872905629291,0.94,8,31.0,15.133849999999939,-4.8661500000000615,0.13384999999993852,5.1338499999999385,10.133849999999939
RED,2017-07-03 17:16:33.944,2017-07-03 17:40:24.836,6.35,5,23.848200000000002,0.2662674751134257,1.27,8,28.5,38.98204999999996,18.98204999999996,23.98204999999996,28.98204999999996,33.98204999999996
RED,2017-07-03 18:03:29.397,2017-07-03 18:40:42.270,7.5,8,37.21455,0.20153407739714707,0.9375,8,24.5,76.19659999999999,56.19659999999999,61.19659999999999,66.19659999999999,71.19659999999999
RED,2017-07-03 18:41:42.301,2017-07-03 18:46:58.599,1.43,1,5.271633333333333,0.27126317586579746,1.43,8,24.0,81.46823333333327,61.46823333333327,66.46823333333327,71.46823333333327,76.46823333333327
RED,2017-07-25 12:28:08.562,2017-07-25 13:10:29.796,8.47,9,42.353899999999996,0.1999815837502568,0.9411111111111112,8,28.0,0.8891833333333352,-19.110816666666665,-14.110816666666665,-9.110816666666665,-4.110816666666665
RED,2017-07-25 13:44:37.126,2017-07-25 14:01:32.325,3.35,4,16.91998333333333,0.19799073876156303,0.8375,8,26.0,17.80916666666667,-2.1908333333333303,2.8091666666666697,7.80916666666667,12.80916666666667
RED,2017-07-25 15:46:13.855,2017-07-25 15:56:34.006,2.02,2,10.335849999999999,0.1954362727787265,1.01,8,25.0,28.145016666666606,8.145016666666606,13.145016666666606,18.145016666666606,23.145016666666606
RED,2017-07-25 15:57:09.307,2017-07-25 16:08:35.153,2.42,2,11.430766666666667,0.21170933416539572,1.21,8,24.0,39.575783333333334,19.575783333333334,24.575783333333334,29.575783333333334,34.575783333333334
RED,2017-07-28 09:06:03.070,2017-07-28 09:27:43.389,5.73,7,21.671983333333333,0.2643966595889163,0.8185714285714286,8,26.5,11.635483333333354,-8.364516666666646,-3.3645166666666455,1.6354833333333545,6.6354833333333545
RED,2017-07-28 09:30:20.954,2017-07-28 09:41:00.123,2.02,2,10.652816666666666,0.18962121129153636,1.01,8,25.5,22.28830000000005,2.2883000000000493,7.288300000000049,12.28830000000005,17.28830000000005
RED,2017-07-28 09:46:09.864,2017-07-28 09:50:10.480,0.81,1,4.010266666666667,0.20198158060976823,0.81,8,25.0,26.298566666666716,6.298566666666716,11.298566666666716,16.298566666666716,21.298566666666716
RED,2017-07-28 11:20:45.951,2017-07-28 11:30:41.794,2.02,3,9.930716666666665,0.2034092873458277,0.6733333333333333,8,23.5,36.22928333333334,16.229283333333342,21.229283333333342,26.229283333333342,31.229283333333342
RED,2017-07-28 11:32:33.837,2017-07-28 11:54:16.063,4.44,6,21.70376666666667,0.20457278536905266,0.7400000000000001,8,20.5,57.93304999999998,37.93304999999998,42.93304999999998,47.93304999999998,52.93304999999998
RED,2017-08-08 17:26:12.730,2017-08-08 17:32:32.057,1.21,2,6.322116666666667,0.19139159616900456,0.605,8,68.5,0.4474166666666406,-19.55258333333336,-14.55258333333336,-9.55258333333336,-4.552583333333359
RED,2017-08-08 18:41:29.222,2017-08-08 19:02:00.688,4.24,5,20.52443333333333,0.20658304817185374,0.8480000000000001,8,66.0,20.971850000000018,0.9718500000000176,5.971850000000018,10.971850000000018,15.971850000000018
RED,2017-08-08 20:59:46.005,2017-08-08 21:12:21.969,2.62,5,12.599400000000001,0.2079464101465149,0.524,8,63.5,33.571249999999964,13.571249999999964,18.571249999999964,23.571249999999964,28.571249999999964
RED,2017-08-08 21:13:46.377,2017-08-08 21:33:30.750,3.83,8,19.73955,0.1940267128683278,0.47875,8,59.5,53.31079999999997,33.31079999999997,38.31079999999997,43.31079999999997,48.31079999999997
RED,2017-08-08 22:24:38.533,2017-08-08 23:08:17.064,10.16,19,43.642183333333335,0.23280228494526128,0.5347368421052632,8,50.0,96.95298333333335,76.95298333333335,81.95298333333335,86.95298333333335,91.95298333333335
RED,2017-08-08 23:09:13.979,2017-08-08 23:26:19.002,3.43,9,17.083716666666664,0.20077598258770782,0.3811111111111111,8,45.49999999999999,114.0367,94.0367,99.0367,104.0367,109.0367
RED,2017-08-08 23:30:35.970,2017-08-08 23:39:06.388,2.08,6,8.506966666666667,0.24450548374077716,0.3466666666666667,8,42.50000000000001,122.5436666666667,102.5436666666667,107.5436666666667,112.5436666666667,117.5436666666667
RED,2017-08-09 08:02:41.254,2017-08-09 08:10:45.584,1.61,2,8.072166666666666,0.19945078768608182,0.805,8,41.5,130.61583333333328,110.61583333333328,115.61583333333328,120.61583333333328,125.61583333333328
RED,2017-08-09 08:32:44.826,2017-08-09 08:48:49.373,3.23,5,16.075783333333334,0.20092333499559897,0.646,8,39.0,146.69161666666673,126.69161666666673,131.69161666666673,136.69161666666673,141.69161666666673
RED,2017-08-09 09:06:56.310,2017-08-09 09:20:24.308,2.82,6,13.466633333333334,0.2094064589268785,0.47,8,36.0,160.15824999999995,140.15824999999995,145.15824999999995,150.15824999999995,155.15824999999995
RED,2017-08-09 13:21:31.599,2017-08-09 13:53:41.306,6.45,13,32.16178333333333,0.20054858069126558,0.49615384615384617,8,29.5,192.3200333333333,172.3200333333333,177.3200333333333,182.3200333333333,187.3200333333333
RED,2017-08-09 13:58:09.529,2017-08-09 14:07:46.026,1.82,3,9.608283333333333,0.1894198929049067,0.6066666666666667,8,28.0,201.92831666666666,181.92831666666666,186.92831666666666,191.92831666666666,196.92831666666666
RED,2017-08-09 14:07:59.624,2017-08-09 14:17:29.725,2.02,4,9.501683333333334,0.21259390879861637,0.505,8,26.0,211.43000000000006,191.43000000000006,196.43000000000006,201.43000000000006,206.43000000000006
RED,2017-08-09 16:00:15.773,2017-08-09 16:22:33.300,4.64,9,22.29211666666667,0.20814533089799306,0.5155555555555555,8,21.5,233.7221166666667,213.7221166666667,218.7221166666667,223.7221166666667,228.7221166666667
RED,2017-08-12 02:27:58.294,2017-08-12 04:19:41.952,19.61,21,111.72763333333334,0.17551611373969256,0.9338095238095238,8,25.0,36.6111166666667,16.611116666666703,21.611116666666703,26.611116666666703,31.611116666666703
RED,2017-08-12 11:37:01.235,2017-08-12 11:47:23.531,2.02,6,10.3716,0.19476262100350958,0.33666666666666667,8,22.0,46.98271666666665,26.982716666666647,31.982716666666647,36.98271666666665,41.98271666666665
RED,2017-08-27 17:39:27.493,2017-08-27 18:06:49.624,5.45,10,27.368850000000002,0.19913149438138614,0.545,8,20.5,19.598349999999982,-0.4016500000000178,4.598349999999982,9.598349999999982,14.598349999999982
RED,2017-09-08 08:49:32.910,2017-09-08 09:19:43.031,5.84,8,30.168683333333334,0.19357821935660655,0.73,8,24.0,1.6990666666666812,-18.30093333333332,-13.300933333333319,-8.300933333333319,-3.300933333333319
RED,2017-09-08 10:37:21.954,2017-09-08 10:53:22.867,3.23,3,16.015216666666667,0.20168319088200493,1.0766666666666667,8,22.5,17.714283333333356,-2.2857166666666444,2.7142833333333556,7.714283333333356,12.714283333333356
RED,2017-09-14 15:49:14.145,2017-09-14 15:57:45.343,2.57,2,8.519966666666667,0.3016443726305658,1.285,8,27.0,4.202249999999935,-15.797750000000065,-10.797750000000065,-5.797750000000065,-0.7977500000000646
RED,2017-09-14 16:28:27.766,2017-09-14 16:49:35.616,4.81,6,21.13083333333333,0.2276294514335292,0.8016666666666666,8,24.0,25.33308333333332,5.33308333333332,10.33308333333332,15.33308333333332,20.33308333333332
RED,2017-09-14 17:41:26.062,2017-09-14 17:50:46.495,2.18,2,9.34055,0.23339096734132359,1.09,8,23.0,34.67363333333333,14.673633333333328,19.673633333333328,24.673633333333328,29.673633333333328
RED,2017-10-11 15:58:36.092,2017-10-11 16:12:43.319,3.28,3,14.12045,0.23228721464259283,1.0933333333333333,8,21.5,8.476183333333324,-11.523816666666676,-6.523816666666676,-1.5238166666666757,3.4761833333333243
RED,2017-10-29 12:13:17.560,2017-10-29 17:24:24.807,3.66,175,311.12078333333335,0.01176391998241626,0.020914285714285715,8,12.5,206.85428333333334,186.85428333333334,191.85428333333334,196.85428333333334,201.85428333333334
RED,2017-11-23 17:51:32.553,2017-11-23 18:36:00.395,9.83,9,44.46403333333333,0.2210775600654012,1.0922222222222222,8,26.0,15.651700000000005,-4.348299999999995,0.6517000000000053,5.651700000000005,10.651700000000005
RED,2017-11-23 18:46:26.814,2017-11-23 19:06:45.681,5.47,6,20.31445,0.2692664581123289,0.9116666666666666,8,23.0,35.96614999999997,15.96614999999997,20.96614999999997,25.96614999999997,30.96614999999997
RED,2017-11-23 19:42:03.099,2017-11-23 19:58:12.457,4.43,4,16.155966666666664,0.2742021007718511,1.1075,8,21.0,52.12211666666667,32.12211666666667,37.12211666666667,42.12211666666667,47.12211666666667
RED,2017-11-26 11:15:45.157,2017-11-27 11:00:23.446,1.53,4,1424.63815,0.0010739569202186535,0.3825,8,93.0,912.14365,892.14365,897.14365,902.14365,907.14365
RED,2017-11-27 12:44:24.571,2017-11-27 12:53:47.248,2.86,3,9.37795,0.30497070255226355,0.9533333333333333,8,91.5,921.5216,901.5216,906.5216,911.5216,916.5216
RED,2017-11-27 13:29:36.094,2017-11-27 13:48:27.268,5.43,8,18.852899999999998,0.28801934980825233,0.67875,8,87.5,940.3744999999999,920.3744999999999,925.3744999999999,930.3744999999999,935.3744999999999
RED,2017-11-27 14:11:10.041,2017-11-27 14:36:09.391,5.46,8,24.989166666666666,0.21849468102844566,0.6825,8,83.5,965.3636666666666,945.3636666666666,950.3636666666666,955.3636666666666,960.3636666666666
RED,2017-11-27 16:07:41.145,2017-11-27 16:28:21.328,5.47,5,20.669716666666666,0.2646383638543667,1.0939999999999999,8,81.0,986.0333833333334,966.0333833333334,971.0333833333334,976.0333833333334,981.0333833333334
RED,2017-11-27 17:58:55.275,2017-11-27 18:34:43.496,7.87,17,35.80368333333333,0.21980978679567886,0.46294117647058824,8,72.5,1021.8370666666667,1001.8370666666667,1006.8370666666667,1011.8370666666667,1016.8370666666667
RED,2017-11-27 18:36:01.644,2017-11-27 18:43:25.445,2.08,1,7.396683333333333,0.28120711760451195,2.08,8,72.0,1029.2337499999999,1009.2337499999999,1014.2337499999999,1019.2337499999999,1024.2337499999999
RED,2017-11-27 18:43:29.814,2017-11-27 18:51:44.460,1.97,2,8.2441,0.2389587705146711,0.985,8,71.0,1037.47785,1017.47785,1022.47785,1027.47785,1032.47785
RED,2017-11-27 23:14:05.645,2017-11-27 23:29:13.759,3.28,7,15.135233333333334,0.21671287966048314,0.4685714285714285,8,67.5,1052.6130833333334,1032.6130833333334,1037.6130833333334,1042.6130833333334,1047.6130833333334
RED,2017-11-28 08:48:43.993,2017-11-28 09:12:19.355,6.86,10,23.589366666666667,0.29080899444806346,0.686,8,62.5,1076.20245,1056.20245,1061.20245,1066.20245,1071.20245
RED,2017-11-28 09:27:34.383,2017-11-28 09:39:22.033,2.62,4,11.794166666666666,0.22214371511340356,0.655,8,60.5,1087.9966166666666,1067.9966166666666,1072.9966166666666,1077.9966166666666,1082.9966166666666
RED,2017-11-28 11:17:04.057,2017-11-28 11:40:08.938,5.24,4,23.08135,0.2270231160655681,1.31,8,58.5,1111.0779666666667,1091.0779666666667,1096.0779666666667,1101.0779666666667,1106.0779666666667
RED,2017-11-28 13:52:25.169,2017-11-28 14:08:59.237,3.71,8,16.5678,0.22392834293026234,0.46375,8,54.5,1127.6457666666665,1107.6457666666665,1112.6457666666665,1117.6457666666665,1122.6457666666665
RED,2017-11-28 15:11:09.501,2017-11-28 15:20:45.095,2.18,3,9.593233333333334,0.22724350844518879,0.7266666666666667,8,53.0,1137.239,1117.239,1122.239,1127.239,1132.239
RED,2017-11-28 15:23:08.054,2017-11-28 15:47:49.601,6.51,6,24.69245,0.263643340373272,1.085,8,50.0,1161.93145,1141.93145,1146.93145,1151.93145,1156.93145
RED,2017-11-28 16:18:04.942,2017-11-28 17:05:35.261,10.49,8,47.505316666666666,0.22081738921152336,1.31125,8,46.0,1209.4367666666667,1189.4367666666667,1194.4367666666667,1199.4367666666667,1204.4367666666667
RED,2017-11-28 17:55:11.110,2017-11-28 18:02:50.658,2.29,1,7.659133333333333,0.2989894417993333,2.29,8,45.49999999999999,1217.0959,1197.0959,1202.0959,1207.0959,1212.0959
RED,2017-11-28 19:35:05.867,2017-11-28 19:43:35.235,2.34,4,8.489466666666667,0.2756356897174538,0.585,8,43.50000000000001,1225.5853666666667,1205.5853666666667,1210.5853666666667,1215.5853666666667,1220.5853666666667
RED,2017-11-28 20:31:11.092,2017-11-28 20:51:29.908,5.47,10,20.3136,0.26927772526780086,0.5469999999999999,8,38.5,1245.8989666666666,1225.8989666666666,1230.8989666666666,1235.8989666666666,1240.8989666666666
RED,2017-11-29 09:52:28.393,2017-11-29 10:00:24.795,1.75,2,7.940033333333333,0.2204020973883401,0.875,8,37.5,1253.839,1233.839,1238.839,1243.839,1248.839
RED,2017-11-29 13:04:12.509,2017-11-29 13:14:08.523,2.18,4,9.933566666666668,0.2194579321962236,0.545,8,35.5,1263.7725666666665,1243.7725666666665,1248.7725666666665,1253.7725666666665,1258.7725666666665
RED,2017-11-29 13:17:19.530,2017-11-29 13:24:13.978,1.53,1,6.907466666666666,0.22149944021927964,1.53,8,35.0,1270.6800333333333,1250.6800333333333,1255.6800333333333,1260.6800333333333,1265.6800333333333
RED,2017-11-29 17:10:30.013,2017-11-29 17:20:07.076,2.4,2,9.617716666666666,0.24953947835851545,1.2,8,34.0,1280.29775,1260.29775,1265.29775,1270.29775,1275.29775
RED,2017-11-29 17:47:51.026,2017-11-29 18:08:53.839,4.81,8,21.046883333333334,0.22853740023265517,0.60125,8,30.0,1301.3446333333334,1281.3446333333334,1286.3446333333334,1291.3446333333334,1296.3446333333334
RED,2017-11-29 18:20:03.087,2017-11-29 18:31:40.998,2.62,2,11.631849999999998,0.22524361988849587,1.31,8,29.0,1312.9764833333334,1292.9764833333334,1297.9764833333334,1302.9764833333334,1307.9764833333334
RED,2017-11-29 18:40:52.655,2017-11-29 18:43:41.263,0.66,0,2.8101333333333334,0.2348643006263048,inf,8,29.0,1315.7866166666665,1295.7866166666665,1300.7866166666665,1305.7866166666665,1310.7866166666665
RED,2017-11-29 18:59:41.761,2017-11-29 19:21:04.750,4.81,7,21.38315,0.2249434718458225,0.687142857142857,8,25.5,1337.1697666666666,1317.1697666666666,1322.1697666666666,1327.1697666666666,1332.1697666666666
RED,2017-11-29 20:51:35.818,2017-11-29 21:05:04.007,3.06,5,13.469816666666667,0.2271745841628629,0.612,8,23.0,1350.6395833333333,1330.6395833333333,1335.6395833333333,1340.6395833333333,1345.6395833333333
RED,2017-12-12 19:16:45.384,2017-12-12 19:32:32.952,4.57,5,15.7928,0.2893723722202523,0.914,8,25.0,9.751600000000053,-10.248399999999947,-5.248399999999947,-0.24839999999994689,4.751600000000053
RED,2017-12-12 19:49:02.303,2017-12-12 19:59:34.057,2.4,5,10.529233333333334,0.227936823510417,0.48,8,22.5,20.280833333333362,0.28083333333336213,5.280833333333362,10.280833333333362,15.280833333333362
RED,2017-12-12 20:00:00.236,2017-12-12 20:03:39.179,1.14,0,3.6490500000000003,0.31241007933571746,inf,8,22.5,23.92988333333335,3.9298833333333505,8.92988333333335,13.92988333333335,18.92988333333335
RED,2017-12-12 21:59:50.377,2017-12-12 22:05:26.593,1.56,2,5.6036,0.27839246198872153,0.78,8,21.5,29.53348333333338,9.533483333333379,14.533483333333379,19.53348333333338,24.53348333333338
RED,2017-12-17 00:15:18.066,2017-12-17 00:34:18.003,4.37,6,18.998949999999997,0.23001271122877848,0.7283333333333334,8,47.0,5.969733333333238,-14.030266666666762,-9.030266666666762,-4.030266666666762,0.9697333333332381
RED,2017-12-17 00:44:32.747,2017-12-17 00:52:52.052,2.34,0,8.32175,0.2811908552888515,inf,8,47.0,14.291483333333304,-5.708516666666696,-0.7085166666666964,4.291483333333304,9.291483333333304
RED,2017-12-17 11:57:51.970,2017-12-17 12:04:41.052,1.82,4,6.818033333333333,0.2669391466747498,0.455,8,44.99999999999999,21.10951666666665,1.10951666666665,6.10951666666665,11.10951666666665,16.10951666666665
RED,2017-12-17 12:07:14.355,2017-12-17 12:19:48.629,3.39,6,12.571233333333334,0.2696632788615278,0.5650000000000001,8,42.00000000000001,33.68074999999999,13.680749999999989,18.68074999999999,23.68074999999999,28.68074999999999
RED,2017-12-17 12:20:40.998,2017-12-17 12:54:02.775,7.43,24,33.36295,0.22270212915824292,0.3095833333333333,8,30.0,67.04369999999994,47.043699999999944,52.043699999999944,57.043699999999944,62.043699999999944
RED,2017-12-17 14:24:28.124,2017-12-17 14:42:18.203,4.15,6,17.83465,0.23269310022904854,0.6916666666666668,8,27.0,84.87834999999995,64.87834999999995,69.87834999999995,74.87834999999995,79.87834999999995
RED,2017-12-19 21:24:15.014,2017-12-20 00:36:51.995,42.17,22,192.61634999999998,0.21893260878424914,1.916818181818182,8,31.0,10.832933333333358,-9.167066666666642,-4.167066666666642,0.832933333333358,5.832933333333358
RED,2017-12-20 09:09:35.547,2017-12-20 09:15:12.891,1.31,1,5.6224,0.23299658508821858,1.31,8,30.5,16.45533333333333,-3.5446666666666715,1.4553333333333285,6.4553333333333285,11.455333333333328
RED,2017-12-20 09:25:33.759,2017-12-20 09:41:26.711,3.5,4,15.882533333333333,0.22036786742669096,0.875,8,28.5,32.33786666666663,12.337866666666628,17.337866666666628,22.337866666666628,27.337866666666628
RED,2017-12-20 11:49:37.358,2017-12-20 11:55:11.046,1.31,2,5.561466666666666,0.2355493754645058,0.655,8,27.5,37.89933333333329,17.89933333333329,22.89933333333329,27.89933333333329,32.89933333333329
RED,2017-12-20 12:44:22.956,2017-12-20 13:02:01.918,3.93,5,17.649366666666666,0.22267087959719048,0.786,8,25.0,55.54869999999994,35.54869999999994,40.54869999999994,45.54869999999994,50.54869999999994
RED,2017-12-26 11:56:04.169,2017-12-26 12:30:28.182,9.12,14,34.400216666666665,0.2651146092587595,0.6514285714285714,8,48.0,27.42646666666667,7.42646666666667,12.42646666666667,17.42646666666667,22.42646666666667
RED,2017-12-26 13:10:44.216,2017-12-26 14:06:03.670,14.59,16,55.32423333333334,0.2637180692969386,0.911875,8,40.0,82.75070000000005,62.75070000000005,67.75070000000005,72.75070000000005,77.75070000000005
RED,2017-12-26 18:48:03.488,2017-12-26 18:57:32.316,2.61,1,9.480466666666667,0.2753029035138917,2.61,8,39.5,92.2311666666667,72.2311666666667,77.2311666666667,82.2311666666667,87.2311666666667
RED,2017-12-26 19:28:32.094,2017-12-26 19:53:08.643,6.51,9,24.60915,0.26453575194592255,0.7233333333333333,8,35.0,116.8403166666667,96.8403166666667,101.8403166666667,106.8403166666667,111.8403166666667
RED,2017-12-26 20:09:24.716,2017-12-26 20:22:21.914,2.84,5,12.9533,0.21924914886554003,0.568,8,32.5,129.7936166666667,109.79361666666671,114.79361666666671,119.79361666666671,124.79361666666671
RED,2017-12-26 20:30:23.872,2017-12-26 20:34:32.713,0.87,1,4.14735,0.2097725053347318,0.87,8,32.0,133.94096666666667,113.94096666666667,118.94096666666667,123.94096666666667,128.94096666666667
RED,2017-12-27 06:42:31.850,2017-12-27 07:01:12.401,4.37,14,18.67585,0.23399202713664974,0.31214285714285717,8,25.0,152.61681666666664,132.61681666666664,137.61681666666664,142.61681666666664,147.61681666666664
RED,2017-12-27 13:53:28.488,2017-12-27 14:16:26.549,6.25,8,22.967683333333333,0.2721214808343027,0.78125,8,21.0,175.58450000000005,155.58450000000005,160.58450000000005,165.58450000000005,170.58450000000005
RED,2017-01-19 08:34:01.832,2017-01-19 08:53:54.198,4.03,5,19.872766666666667,0.20279008291078413,0.806,9,21.0,13.871783333333383,-6.128216666666617,-1.1282166666666171,3.871783333333383,8.871783333333383
RED,2017-01-23 07:24:29.648,2017-01-23 07:39:32.401,3.03,4,15.045883333333334,0.20138398875439903,0.7575,9,37.0,4.573966666666706,-15.426033333333294,-10.426033333333294,-5.426033333333294,-0.42603333333329374
RED,2017-01-23 08:19:11.586,2017-01-23 08:35:57.066,3.43,5,16.758,0.20467836257309943,0.686,9,34.5,21.33196666666663,1.3319666666666308,6.331966666666631,11.33196666666663,16.33196666666663
RED,2017-01-23 09:27:14.703,2017-01-23 11:00:07.739,16.48,11,92.88393333333333,0.17742573347812576,1.4981818181818183,9,29.0,114.21590000000003,94.21590000000003,99.21590000000003,104.21590000000003,109.21590000000003
RED,2017-01-30 19:17:33.586,2017-01-30 19:35:08.733,3.63,6,17.58578333333333,0.20641673624622922,0.605,9,33.5,12.427983333333373,-7.572016666666627,-2.5720166666666273,2.4279833333333727,7.427983333333373
RED,2017-01-30 20:07:04.257,2017-01-30 20:18:02.489,2.22,6,10.970533333333332,0.20236026203527027,0.37000000000000005,9,30.5,23.398516666666637,3.3985166666666373,8.398516666666637,13.398516666666637,18.398516666666637
RED,2017-01-30 21:18:24.164,2017-01-30 21:50:09.173,5.61,3,31.75015,0.176692078620101,1.87,9,29.0,55.14866666666671,35.14866666666671,40.14866666666671,45.14866666666671,50.14866666666671
RED,2017-01-30 22:04:28.576,2017-01-30 22:12:03.086,1.41,2,7.575166666666666,0.18613451849244242,0.705,9,28.0,62.723833333333346,42.723833333333346,47.723833333333346,52.723833333333346,57.723833333333346
RED,2017-01-30 22:18:17.315,2017-01-30 22:27:14.517,2.57,3,8.953366666666666,0.28704286283371994,0.8566666666666666,9,26.5,71.67719999999997,51.67719999999997,56.67719999999997,61.67719999999997,66.67719999999997
RED,2017-02-07 19:22:08.499,2017-02-07 19:41:26.588,3.74,6,19.301483333333334,0.19376749109956143,0.6233333333333334,9,21.0,6.196416666666664,-13.803583333333336,-8.803583333333336,-3.8035833333333358,1.1964166666666642
RED,2017-04-22 19:07:38.275,2017-04-22 19:31:23.987,4.84,10,23.761866666666666,0.20368770130292793,0.484,9,67.5,0.7144833333333054,-19.285516666666695,-14.285516666666695,-9.285516666666695,-4.285516666666695
RED,2017-04-22 19:47:31.429,2017-04-22 20:19:44.805,9.18,14,32.22293333333333,0.2848902644907147,0.6557142857142857,9,60.5,32.93741666666665,12.93741666666665,17.93741666666665,22.93741666666665,27.93741666666665
RED,2017-04-22 20:20:52.801,2017-04-22 20:37:37.676,3.43,6,16.747916666666665,0.20480159223784056,0.5716666666666667,9,57.5,49.68533333333335,29.685333333333347,34.68533333333335,39.68533333333335,44.68533333333335
RED,2017-04-22 21:28:42.688,2017-04-22 21:35:08.243,1.21,2,6.425916666666667,0.18829998314118607,0.605,9,56.5,56.11125000000004,36.11125000000004,41.11125000000004,46.11125000000004,51.11125000000004
RED,2017-04-23 00:39:23.937,2017-04-23 01:00:22.922,5.47,9,20.983083333333333,0.26068618768293506,0.6077777777777778,9,52.0,77.09433333333334,57.09433333333334,62.09433333333334,67.09433333333334,72.09433333333334
RED,2017-04-23 17:04:31.801,2017-04-23 18:06:46.856,10.36,6,62.25091666666666,0.16642325213417206,1.7266666666666666,9,49.0,139.34524999999996,119.34524999999996,124.34524999999996,129.34524999999996,134.34524999999996
RED,2017-04-23 18:44:27.323,2017-04-24 18:47:04.373,66.87,106,1442.6175,0.046353243323334146,0.6308490566037737,9,47.0,1581.9627500000001,1561.9627500000001,1566.9627500000001,1571.9627500000001,1576.9627500000001
RED,2017-04-25 05:03:50.555,2017-04-25 05:17:13.601,2.82,4,13.3841,0.21069776824739803,0.705,9,44.99999999999999,1595.34685,1575.34685,1580.34685,1585.34685,1590.34685
RED,2017-04-25 05:53:16.145,2017-04-25 05:57:57.235,1.01,1,4.684833333333333,0.21558931303141346,1.01,9,44.49999999999999,1600.0316833333331,1580.0316833333331,1585.0316833333331,1590.0316833333331,1595.0316833333331
RED,2017-04-25 11:44:45.198,2017-04-25 12:03:33.294,3.83,7,18.8016,0.20370606756871756,0.5471428571428572,9,41.0,1618.8332833333334,1598.8332833333334,1603.8332833333334,1608.8332833333334,1613.8332833333334
RED,2017-04-25 12:58:22.808,2017-04-25 13:22:02.546,4.84,9,23.662300000000002,0.20454478220629438,0.5377777777777778,9,36.5,1642.4955833333333,1622.4955833333333,1627.4955833333333,1632.4955833333333,1637.4955833333333
RED,2017-04-25 14:17:37.820,2017-04-25 14:29:38.472,2.42,4,12.010866666666667,0.20148421151956838,0.605,9,34.5,1654.5064499999999,1634.5064499999999,1639.5064499999999,1644.5064499999999,1649.5064499999999
RED,2017-04-25 15:19:49.139,2017-04-25 15:41:20.980,4.24,6,21.530683333333332,0.19692825974713607,0.7066666666666667,9,31.5,1676.0371333333333,1656.0371333333333,1661.0371333333333,1666.0371333333333,1671.0371333333333
RED,2017-04-25 16:39:37.853,2017-04-25 16:50:18.887,2.22,4,10.6839,0.20778929042765285,0.555,9,29.5,1686.7210333333333,1666.7210333333333,1671.7210333333333,1676.7210333333333,1681.7210333333333
RED,2017-04-25 17:24:53.764,2017-04-25 17:45:49.413,4.24,3,20.92748333333333,0.2026043902396291,1.4133333333333333,9,28.0,1707.6485166666666,1687.6485166666666,1692.6485166666666,1697.6485166666666,1702.6485166666666
RED,2017-04-25 18:56:41.691,2017-04-25 19:33:36.007,6.74,8,36.90526666666666,0.18262976016069976,0.8425,9,24.0,1744.5537833333333,1724.5537833333333,1729.5537833333333,1734.5537833333333,1739.5537833333333
RED,2017-04-25 19:48:10.693,2017-04-25 19:53:53.364,1.21,1,5.7111833333333335,0.2118650250531851,1.21,9,23.5,1750.2649666666666,1730.2649666666666,1735.2649666666666,1740.2649666666666,1745.2649666666666
RED,2017-05-12 18:54:09.310,2017-05-12 19:23:32.443,6.05,19,29.385550000000002,0.20588350396708585,0.31842105263157894,9,25.0,25.513983333333385,5.513983333333385,10.513983333333385,15.513983333333385,20.513983333333385
RED,2017-05-13 23:07:41.477,2017-05-13 23:24:21.803,3.43,6,16.6721,0.205732931064473,0.5716666666666667,9,50.5,6.414883333333364,-13.585116666666636,-8.585116666666636,-3.585116666666636,1.4148833333333641
RED,2017-05-13 23:55:28.251,2017-05-14 00:04:54.698,1.82,2,9.440783333333334,0.1927806131906427,0.91,9,49.5,15.855666666666707,-4.144333333333293,0.855666666666707,5.855666666666707,10.855666666666707
RED,2017-05-14 01:11:38.066,2017-05-14 01:32:19.948,4.24,10,20.698033333333335,0.2048503803098845,0.42400000000000004,9,44.49999999999999,36.55370000000005,16.55370000000005,21.55370000000005,26.55370000000005,31.55370000000005
RED,2017-05-14 10:58:34.501,2017-05-14 11:36:50.701,8.34,5,38.269999999999996,0.2179252678338124,1.668,9,42.00000000000001,74.82370000000003,54.82370000000003,59.82370000000003,64.82370000000003,69.82370000000003
RED,2017-05-14 13:30:58.105,2017-05-14 13:39:20.177,1.61,3,8.367866666666666,0.19240268328048568,0.5366666666666667,9,40.5,83.19156666666663,63.19156666666663,68.19156666666663,73.19156666666663,78.19156666666663
RED,2017-05-14 14:38:49.669,2017-05-14 14:44:05.225,1.3,1,5.259266666666666,0.24718275044683038,1.3,9,40.0,88.45083333333332,68.45083333333332,73.45083333333332,78.45083333333332,83.45083333333332
RED,2017-05-14 15:31:52.249,2017-05-14 15:50:42.630,5.43,5,18.839683333333333,0.28822140499530685,1.0859999999999999,9,37.5,107.29051666666669,87.29051666666669,92.29051666666669,97.29051666666669,102.29051666666669
RED,2017-05-14 15:55:43.540,2017-05-14 16:04:06.455,1.61,3,8.381916666666667,0.19208017259377827,0.5366666666666667,9,36.0,115.6724333333334,95.6724333333334,100.6724333333334,105.6724333333334,110.6724333333334
RED,2017-05-14 17:18:31.588,2017-05-14 17:43:34.330,6.57,7,25.0457,0.2623204781659127,0.9385714285714286,9,32.5,140.7181333333333,120.7181333333333,125.7181333333333,130.7181333333333,135.7181333333333
RED,2017-05-14 19:20:39.915,2017-05-14 19:31:58.046,2.42,4,11.302183333333334,0.21411792116862374,0.605,9,30.5,152.02031666666664,132.02031666666664,137.02031666666664,142.02031666666664,147.02031666666664
RED,2017-05-14 22:51:37.987,2017-05-14 22:59:25.765,2.08,4,7.7963000000000005,0.2667932224260226,0.52,9,28.5,159.81661666666673,139.81661666666673,144.81661666666673,149.81661666666673,154.81661666666673
RED,2017-05-15 07:18:02.974,2017-05-15 07:33:38.291,3.23,6,15.588616666666667,0.20720247787648466,0.5383333333333333,9,25.5,175.4052333333334,155.4052333333334,160.4052333333334,165.4052333333334,170.4052333333334
RED,2017-05-15 08:54:36.207,2017-05-15 09:15:41.116,4.24,7,21.08181666666667,0.20112118737395338,0.6057142857142858,9,22.0,196.48705000000007,176.48705000000007,181.48705000000007,186.48705000000007,191.48705000000007
RED,2017-06-16 09:41:48.320,2017-06-16 10:06:32.010,5.04,8,24.728166666666667,0.20381616105790293,0.63,9,27.5,21.039300000000026,1.0393000000000256,6.039300000000026,11.039300000000026,16.039300000000026
RED,2017-06-16 13:28:53.241,2017-06-16 13:50:05.481,4.24,4,21.204,0.19996227126957178,1.06,9,25.5,42.24329999999998,22.243299999999977,27.243299999999977,32.24329999999998,37.24329999999998
RED,2017-06-16 17:37:07.149,2017-06-16 17:41:42.154,1.01,0,4.5834166666666665,0.22035962982491228,inf,9,25.5,46.8267166666667,26.826716666666698,31.826716666666698,36.8267166666667,41.8267166666667
RED,2017-06-16 18:03:13.030,2017-06-16 18:10:50.591,2.29,1,7.626016666666667,0.30028783047506236,2.29,9,25.0,54.4527333333333,34.4527333333333,39.4527333333333,44.4527333333333,49.4527333333333
RED,2017-06-16 18:17:06.272,2017-06-16 18:32:22.781,3.03,5,15.27515,0.1983613908865052,0.606,9,22.5,69.72788333333335,49.72788333333335,54.72788333333335,59.72788333333335,64.72788333333335
RED,2017-07-22 01:12:12.106,2017-07-22 01:23:50.694,2.22,6,11.643133333333333,0.19067032356696653,0.37000000000000005,9,26.0,2.6824666666666417,-17.31753333333336,-12.317533333333358,-7.317533333333358,-2.3175333333333583
RED,2017-07-22 04:01:23.722,2017-07-22 04:08:43.572,1.61,5,7.3308333333333335,0.21962032511083324,0.322,9,23.5,10.013299999999958,-9.986700000000042,-4.986700000000042,0.013299999999958345,5.013299999999958
RED,2017-08-02 12:56:43.204,2017-08-02 14:03:27.977,12.09,11,66.74621666666667,0.18113386201914564,1.0990909090909091,9,30.0,36.785499999999956,16.785499999999956,21.785499999999956,26.785499999999956,31.785499999999956
RED,2017-08-02 15:28:16.826,2017-08-02 15:42:20.699,3.71,3,14.06455,0.26378376841064943,1.2366666666666666,9,28.5,50.85005000000001,30.85005000000001,35.85005000000001,40.85005000000001,45.85005000000001
RED,2017-08-13 13:36:25.592,2017-08-13 21:14:08.539,66.39,41,457.7157833333333,0.1450463418947719,1.619268292682927,9,47.5,83.12211666666667,63.12211666666667,68.12211666666667,73.12211666666667,78.12211666666667
RED,2017-08-14 08:38:24.043,2017-08-14 08:57:27.502,3.83,5,19.057650000000002,0.2009691646136853,0.766,9,44.99999999999999,102.17976666666664,82.17976666666664,87.17976666666664,92.17976666666664,97.17976666666664
RED,2017-08-14 17:57:43.641,2017-08-14 18:23:26.272,5.24,7,25.710516666666667,0.2038076506954677,0.7485714285714286,9,41.5,127.89028333333329,107.89028333333329,112.89028333333329,117.89028333333329,122.89028333333329
RED,2017-08-14 19:23:33.831,2017-08-14 19:32:01.312,1.61,3,8.458016666666667,0.19035195406330482,0.5366666666666667,9,40.0,136.3483,116.3483,121.3483,126.3483,131.3483
RED,2017-08-14 20:03:47.818,2017-08-14 20:13:46.351,2.02,3,9.97555,0.2024951005207733,0.6733333333333333,9,38.5,146.32385,126.32385,131.32385,136.32385,141.32385
RED,2017-08-14 20:14:59.568,2017-08-14 20:25:37.007,2.02,5,10.623983333333333,0.19013584044904688,0.404,9,36.0,156.9478333333334,136.9478333333334,141.9478333333334,146.9478333333334,151.9478333333334
RED,2017-08-14 20:31:01.658,2017-08-14 21:12:50.090,10.44,28,41.807199999999995,0.24971775196616852,0.37285714285714283,9,22.0,198.75503333333336,178.75503333333336,183.75503333333336,188.75503333333336,193.75503333333336
RED,2017-08-14 22:36:35.096,2017-08-14 22:45:59.960,2.34,3,9.4144,0.24855540448674368,0.7799999999999999,9,20.5,208.16943333333336,188.16943333333336,193.16943333333336,198.16943333333336,203.16943333333336
RED,2017-08-18 18:44:14.154,2017-08-18 18:53:47.634,1.93,2,9.558,0.20192508893073866,0.965,9,43.99999999999999,1.170099999999934,-18.829900000000066,-13.829900000000066,-8.829900000000066,-3.829900000000066
RED,2017-08-18 19:26:08.941,2017-08-18 19:48:02.646,4.44,9,21.895083333333332,0.2027852523968471,0.4933333333333334,9,39.5,23.065183333333266,3.065183333333266,8.065183333333266,13.065183333333266,18.065183333333266
RED,2017-08-18 20:34:55.619,2017-08-18 20:50:19.446,4.29,7,15.397116666666667,0.2786235951103399,0.6128571428571429,9,36.0,38.46230000000003,18.462300000000027,23.462300000000027,28.462300000000027,33.46230000000003
RED,2017-08-18 21:06:59.606,2017-08-18 21:16:06.193,2.57,2,9.109783333333333,0.2821142837279335,1.285,9,35.0,47.57208333333335,27.572083333333353,32.57208333333335,37.57208333333335,42.57208333333335
RED,2017-08-18 21:23:06.690,2017-08-18 21:54:06.393,7.37,8,30.99505,0.23777990356524673,0.92125,9,31.0,78.56713333333335,58.567133333333345,63.567133333333345,68.56713333333335,73.56713333333335
RED,2017-08-18 22:08:27.074,2017-08-18 22:22:55.639,2.82,4,14.476083333333333,0.19480407338541156,0.705,9,29.0,93.0432166666667,73.0432166666667,78.0432166666667,83.0432166666667,88.0432166666667
RED,2017-10-13 17:34:35.658,2017-10-13 18:25:44.466,11.36,6,51.1468,0.22210578178889,1.8933333333333333,9,32.0,31.994550000000004,11.994550000000004,16.994550000000004,21.994550000000004,26.994550000000004
RED,2017-10-13 18:26:02.152,2017-10-13 18:45:01.951,4.15,4,18.99665,0.21845957050322035,1.0375,9,30.0,50.99120000000005,30.99120000000005,35.99120000000005,40.99120000000005,45.99120000000005
RED,2017-10-13 19:30:03.389,2017-10-13 19:46:23.033,3.71,4,16.3274,0.22722540024743682,0.9275,9,28.0,67.31860000000006,47.31860000000006,52.31860000000006,57.31860000000006,62.31860000000006
RED,2017-10-13 19:56:37.536,2017-10-13 20:13:34.310,4.43,3,16.946233333333332,0.2614150243810326,1.4766666666666666,9,26.5,84.2648333333334,64.2648333333334,69.2648333333334,74.2648333333334,79.2648333333334
RED,2017-10-13 20:57:27.530,2017-10-13 21:12:37.559,4.17,6,15.16715,0.2749362932390067,0.695,9,23.5,99.43198333333339,79.43198333333339,84.43198333333339,89.43198333333339,94.43198333333339
RED,2017-10-14 03:16:07.263,2017-10-14 03:25:10.972,2.18,4,9.061816666666665,0.24056986365868513,0.545,9,21.5,108.49379999999996,88.49379999999996,93.49379999999996,98.49379999999996,103.49379999999996
RED,2017-11-03 16:36:32.768,2017-11-03 17:00:36.277,5.24,6,24.058483333333335,0.21780259077013028,0.8733333333333334,9,21.0,1.3122333333333245,-18.687766666666676,-13.687766666666676,-8.687766666666676,-3.6877666666666755
RED,2017-11-07 09:17:40.900,2017-11-07 13:31:07.290,3.65,36,253.43983333333333,0.014401840278987978,0.10138888888888889,9,22.0,89.59164999999996,69.59164999999996,74.59164999999996,79.59164999999996,84.59164999999996
RED,2017-11-30 16:41:04.819,2017-11-30 17:01:18.519,4.37,5,20.228333333333335,0.2160336162148801,0.874,9,36.0,8.047566666666626,-11.952433333333374,-6.952433333333374,-1.9524333333333743,3.0475666666666257
RED,2017-11-30 17:54:09.541,2017-11-30 18:09:18.466,3.91,3,15.14875,0.25810710454657976,1.3033333333333335,9,34.5,23.19631666666669,3.1963166666666893,8.19631666666669,13.19631666666669,18.19631666666669
RED,2017-11-30 18:12:24.872,2017-11-30 18:52:08.204,11.43,12,39.7222,0.28774841272638474,0.9525,9,28.5,62.91851666666662,42.91851666666662,47.91851666666662,52.91851666666662,57.91851666666662
RED,2017-11-30 20:01:48.530,2017-11-30 20:22:25.220,4.59,10,20.6115,0.22269121606869952,0.45899999999999996,9,23.5,83.53001666666671,63.53001666666671,68.53001666666671,73.53001666666671,78.53001666666671
RED,2017-12-06 21:01:38.054,2017-12-06 21:22:15.740,4.59,6,20.6281,0.22251201031602522,0.765,9,43.50000000000001,4.388599999999997,-15.611400000000003,-10.611400000000003,-5.611400000000003,-0.6114000000000033
RED,2017-12-06 22:13:09.758,2017-12-06 22:28:22.330,3.28,4,15.209533333333333,0.21565421687275085,0.82,9,41.5,19.598133333333294,-0.4018666666667059,4.598133333333294,9.598133333333294,14.598133333333294
RED,2017-12-06 22:36:21.282,2017-12-06 22:56:28.336,4.37,11,20.11756666666667,0.21722309026770964,0.3972727272727273,9,36.0,39.71569999999997,19.71569999999997,24.71569999999997,29.71569999999997,34.71569999999997
RED,2017-12-06 23:11:12.522,2017-12-06 23:22:42.631,2.62,7,11.501816666666667,0.2277901027229032,0.3742857142857143,9,32.5,51.21751666666671,31.21751666666671,36.21751666666671,41.21751666666671,46.21751666666671
RED,2017-12-07 00:36:55.501,2017-12-07 00:45:08.157,2.34,4,8.210933333333333,0.2849858724952096,0.585,9,30.5,59.42845,39.42845,44.42845,49.42845,54.42845
RED,2017-12-07 07:14:03.566,2017-12-07 07:18:36.683,1.09,2,4.551950000000001,0.23945781478267555,0.545,9,29.5,63.98040000000003,43.98040000000003,48.98040000000003,53.98040000000003,58.98040000000003
RED,2017-12-07 09:16:04.979,2017-12-07 09:27:40.579,2.62,4,11.593333333333334,0.2259919493962047,0.655,9,27.5,75.5737333333334,55.573733333333394,60.573733333333394,65.5737333333334,70.5737333333334
RED,2017-12-07 09:35:38.724,2017-12-07 10:20:22.816,9.83,9,44.73486666666667,0.2197391147546358,1.0922222222222222,9,23.0,120.30860000000007,100.30860000000007,105.30860000000007,110.30860000000007,115.30860000000007
RED,2017-12-07 14:22:44.065,2017-12-07 14:31:13.285,1.97,2,8.487,0.23211971250147284,0.985,9,22.0,128.79560000000004,108.79560000000004,113.79560000000004,118.79560000000004,123.79560000000004
RED,2017-12-09 21:22:28.000,2017-12-09 21:34:04.046,3.43,4,11.600766666666667,0.29567011375684943,0.8575,9,24.5,6.785383333333357,-13.214616666666643,-8.214616666666643,-3.214616666666643,1.7853833333333569
RED,2017-12-09 22:03:53.601,2017-12-09 22:14:16.501,3.14,4,10.381666666666666,0.30245625301011403,0.785,9,22.5,17.167050000000017,-2.8329499999999825,2.1670500000000175,7.1670500000000175,12.167050000000017
RED,2017-02-25 17:55:00.347,2017-02-25 18:50:24.528,10.84,23,55.403016666666666,0.1956572160180207,0.47130434782608693,10,29.0,21.20343333333335,1.2034333333333507,6.203433333333351,11.20343333333335,16.20343333333335
RED,2017-02-25 21:46:03.004,2017-02-25 21:50:21.387,1.14,1,4.306383333333333,0.2647232983594122,1.14,10,28.5,25.509816666666666,5.509816666666666,10.509816666666666,15.509816666666666,20.509816666666666
RED,2017-02-25 22:36:16.983,2017-02-25 22:57:18.063,4.31,10,21.017999999999997,0.20506232752878487,0.43099999999999994,10,23.5,46.527816666666695,26.527816666666695,31.527816666666695,36.527816666666695,41.527816666666695
RED,2017-03-02 13:51:58.960,2017-03-02 14:01:57.481,2.02,3,9.975349999999999,0.20249916043046112,0.6733333333333333,10,20.5,7.399533333333352,-12.600466666666648,-7.600466666666648,-2.600466666666648,2.399533333333352
RED,2017-04-01 12:32:38.622,2017-04-01 13:26:27.277,12.76,15,53.81091666666667,0.23712660535114466,0.8506666666666667,10,20.5,27.978533333333303,7.978533333333303,12.978533333333303,17.978533333333303,22.978533333333303
RED,2017-04-07 12:07:36.251,2017-04-07 12:57:57.743,10.0,11,50.358200000000004,0.1985773915668153,0.9090909090909091,10,37.0,40.52128333333337,20.521283333333372,25.521283333333372,30.521283333333372,35.52128333333337
RED,2017-04-07 13:39:50.091,2017-04-07 13:42:13.368,0.48,0,2.3879499999999996,0.20100923386168054,inf,10,37.0,42.90923333333342,22.909233333333418,27.909233333333418,32.90923333333342,37.90923333333342
RED,2017-04-07 16:23:44.183,2017-04-07 16:36:01.822,2.42,3,12.293983333333333,0.1968442557945011,0.8066666666666666,10,35.5,55.20321666666666,35.20321666666666,40.20321666666666,45.20321666666666,50.20321666666666
RED,2017-04-07 17:51:18.955,2017-04-07 18:02:23.664,2.22,3,11.078483333333333,0.20038844065598632,0.7400000000000001,10,34.0,66.2817,46.2817,51.2817,56.2817,61.2817
RED,2017-04-07 18:41:33.137,2017-04-07 18:55:23.941,2.82,4,13.846733333333333,0.20365814319622919,0.705,10,32.0,80.12843333333342,60.12843333333342,65.12843333333342,70.12843333333342,75.12843333333342
RED,2017-04-07 19:17:10.240,2017-04-07 20:13:21.636,13.33,22,56.189933333333336,0.23723110545305268,0.605909090909091,10,21.0,136.31836666666675,116.31836666666675,121.31836666666675,126.31836666666675,131.31836666666675
RED,2017-04-15 13:20:55.260,2017-04-16 13:31:38.536,59.74,62,1450.7212666666667,0.04117951626728755,0.9635483870967743,10,32.5,1050.5477666666666,1030.5477666666666,1035.5477666666666,1040.5477666666666,1045.5477666666666
RED,2017-04-16 17:59:45.374,2017-04-16 18:11:42.938,2.42,7,11.959399999999999,0.20235128852618026,0.3457142857142857,10,29.0,1062.5071666666668,1042.5071666666668,1047.5071666666668,1052.5071666666668,1057.5071666666668
RED,2017-04-16 18:20:40.907,2017-04-16 18:37:58.223,4.69,7,17.2886,0.27127702647987695,0.67,10,25.5,1079.7957666666669,1059.7957666666669,1064.7957666666669,1069.7957666666669,1074.7957666666669
RED,2017-04-16 18:38:25.539,2017-04-16 18:47:35.512,1.65,2,9.166216666666665,0.1800088367974428,0.825,10,24.5,1088.9619833333334,1068.9619833333334,1073.9619833333334,1078.9619833333334,1083.9619833333334
RED,2017-04-16 19:05:55.348,2017-04-16 19:22:02.913,3.23,5,16.126083333333334,0.20029662089885433,0.646,10,22.0,1105.0880666666667,1085.0880666666667,1090.0880666666667,1095.0880666666667,1100.0880666666667
RED,2017-04-16 22:19:14.875,2017-04-16 22:26:28.201,1.61,2,7.2221,0.22292684953129976,0.805,10,21.0,1112.3101666666669,1092.3101666666669,1097.3101666666669,1102.3101666666669,1107.3101666666669
RED,2017-04-17 12:18:08.628,2017-04-17 12:24:19.009,1.09,1,6.173016666666666,0.17657493229944302,1.09,10,20.5,1118.4831833333335,1098.4831833333335,1103.4831833333335,1108.4831833333335,1113.4831833333335
RED,2017-05-04 16:59:45.155,2017-05-05 16:53:22.763,83.19,64,1433.6267999999998,0.058027654058922455,1.29984375,10,49.0,1025.8982666666664,1005.8982666666664,1010.8982666666664,1015.8982666666664,1020.8982666666664
RED,2017-05-05 17:22:17.139,2017-05-05 17:30:21.706,1.61,5,8.076116666666667,0.19935323701366373,0.322,10,46.5,1033.974383333333,1013.974383333333,1018.974383333333,1023.974383333333,1028.974383333333
RED,2017-05-05 18:30:31.889,2017-05-05 18:47:15.634,3.43,8,16.72908333333333,0.20503215458109383,0.42875,10,42.50000000000001,1050.7034666666664,1030.7034666666664,1035.7034666666664,1040.7034666666664,1045.7034666666664
RED,2017-05-05 22:53:15.563,2017-05-05 23:01:23.467,2.08,3,8.131733333333333,0.25578802387354893,0.6933333333333334,10,41.0,1058.8351999999998,1038.8351999999998,1043.8351999999998,1048.8351999999998,1053.8351999999998
RED,2017-05-06 00:11:07.267,2017-05-06 00:22:41.460,2.22,8,11.569883333333333,0.19187747499614663,0.2775,10,37.0,1070.405083333333,1050.405083333333,1055.405083333333,1060.405083333333,1065.405083333333
RED,2017-05-06 00:23:27.384,2017-05-06 00:29:44.949,1.13,2,6.29275,0.17957172937110166,0.565,10,36.0,1076.697833333333,1056.697833333333,1061.697833333333,1066.697833333333,1071.697833333333
RED,2017-05-06 00:37:10.428,2017-05-06 00:45:58.890,1.82,5,8.8077,0.20663737411583047,0.364,10,33.5,1085.505533333333,1065.505533333333,1070.505533333333,1075.505533333333,1080.505533333333
RED,2017-05-06 02:14:09.200,2017-05-06 02:34:10.595,3.83,5,20.02325,0.19127763974379783,0.766,10,31.0,1105.528783333333,1085.528783333333,1090.528783333333,1095.528783333333,1100.528783333333
RED,2017-05-06 02:36:51.377,2017-05-06 02:46:55.891,2.02,4,10.075233333333333,0.2004916346023417,0.505,10,29.0,1115.6040166666664,1095.6040166666664,1100.6040166666664,1105.6040166666664,1110.6040166666664
RED,2017-05-06 10:34:10.945,2017-05-06 10:46:41.539,3.43,3,12.5099,0.27418284718502944,1.1433333333333333,10,27.5,1128.1139166666665,1108.1139166666665,1113.1139166666665,1118.1139166666665,1123.1139166666665
RED,2017-06-13 13:37:17.587,2017-06-13 16:34:55.593,30.6,22,177.63343333333333,0.17226486830651064,1.3909090909090909,10,22.5,105.30678333333333,85.30678333333333,90.30678333333333,95.30678333333333,100.30678333333333
RED,2017-07-01 10:36:24.078,2017-07-01 22:42:37.731,66.39,4,726.22755,0.09141762798726102,16.5975,10,22.5,575.6802333333333,555.6802333333333,560.6802333333333,565.6802333333333,570.6802333333333
RED,2017-08-25 18:46:43.141,2017-08-25 19:05:58.918,3.75,6,19.26295,0.19467423213993704,0.625,10,27.5,8.856983333333346,-11.143016666666654,-6.143016666666654,-1.1430166666666537,3.8569833333333463
RED,2017-08-25 19:10:22.441,2017-08-25 19:23:22.469,2.34,5,13.000466666666666,0.1799935386934828,0.46799999999999997,10,25.0,21.85744999999997,1.8574499999999716,6.857449999999972,11.857449999999972,16.85744999999997
RED,2017-08-25 19:46:32.981,2017-08-25 20:01:37.456,3.03,6,15.074583333333333,0.20100058044722074,0.505,10,22.0,36.93203333333338,16.93203333333338,21.93203333333338,26.93203333333338,31.93203333333338
RED,2017-08-27 09:50:43.017,2017-08-27 18:07:01.475,107.56,300,496.3076333333333,0.21672042252825854,0.3585333333333333,10,-50.0,158.9653833333333,138.9653833333333,143.9653833333333,148.9653833333333,153.9653833333333
RED,2017-09-09 13:33:12.516,2017-09-10 14:22:39.633,99.42,234,1489.45195,0.06674938389251162,0.4248717948717949,10,-17.0,1131.9723833333333,1111.9723833333333,1116.9723833333333,1121.9723833333333,1126.9723833333333
RED,2017-09-12 20:52:36.883,2017-09-13 03:23:00.862,64.19,23,390.39965,0.16442125396372664,2.7908695652173914,10,51.0,53.38913333333335,33.38913333333335,38.38913333333335,43.38913333333335,48.38913333333335
RED,2017-09-13 17:11:25.837,2017-09-13 17:27:46.787,4.43,6,16.34916666666667,0.2709618227228706,0.7383333333333333,10,48.0,69.73829999999998,49.73829999999998,54.73829999999998,59.73829999999998,64.73829999999998
RED,2017-09-13 18:54:24.390,2017-09-13 19:19:29.513,6.77,6,25.085383333333333,0.26987827572896034,1.1283333333333332,10,44.99999999999999,94.82368333333329,74.82368333333329,79.82368333333329,84.82368333333329,89.82368333333329
RED,2017-09-13 20:20:31.782,2017-09-13 20:32:52.225,2.84,4,12.340716666666667,0.23013250175908204,0.71,10,43.00000000000001,107.1644,87.1644,92.1644,97.1644,102.1644
RED,2017-09-13 20:37:03.576,2017-09-13 20:45:39.321,2.57,3,8.59575,0.29898496349940373,0.8566666666666666,10,41.5,115.76015000000007,95.76015000000007,100.76015000000007,105.76015000000007,110.76015000000007
RED,2017-09-13 21:27:11.805,2017-09-13 21:34:25.164,1.75,3,7.22265,0.24229334108672027,0.5833333333333334,10,40.0,122.9828,102.9828,107.9828,112.9828,117.9828
RED,2017-09-13 21:42:26.023,2017-09-13 21:55:14.724,2.84,4,12.811683333333333,0.22167266596505011,0.71,10,38.0,135.79448333333335,115.79448333333335,120.79448333333335,125.79448333333335,130.79448333333335
RED,2017-09-14 05:47:43.102,2017-09-14 06:17:22.182,6.55,18,29.651333333333334,0.22090069024439596,0.3638888888888889,10,29.0,165.4458166666667,145.4458166666667,150.4458166666667,155.4458166666667,160.4458166666667
RED,2017-09-14 09:03:45.722,2017-09-14 09:33:38.209,7.82,3,29.874783333333333,0.26175922056896367,2.606666666666667,10,27.5,195.3206,175.3206,180.3206,185.3206,190.3206
RED,2017-09-14 13:00:44.880,2017-09-14 13:23:12.175,5.03,8,22.45491666666667,0.22400439398943808,0.62875,10,23.5,217.7755166666667,197.7755166666667,202.7755166666667,207.7755166666667,212.7755166666667
RED,2017-09-14 16:39:13.072,2017-09-14 16:54:10.419,4.17,4,14.955783333333333,0.27882190501556253,1.0425,10,21.5,232.73130000000003,212.73130000000003,217.73130000000003,222.73130000000003,227.73130000000003
RED,2017-09-16 11:47:28.111,2017-09-17 12:31:54.906,12.86,170,1484.4465833333334,0.008663161170220618,0.07564705882352941,10,15.0,1162.4712166666668,1142.4712166666668,1147.4712166666668,1152.4712166666668,1157.4712166666668
RED,2017-09-24 13:22:51.093,2017-09-24 15:31:49.754,1.97,17,128.97768333333335,0.015273960185101788,0.11588235294117646,10,30.0,25.32658333333336,5.32658333333336,10.32658333333336,15.32658333333336,20.32658333333336
RED,2017-09-24 15:53:59.526,2017-09-24 16:10:28.629,3.71,4,16.485049999999998,0.22505239595876267,0.9275,10,28.0,41.81163333333336,21.81163333333336,26.81163333333336,31.81163333333336,36.81163333333336
RED,2017-09-24 16:33:00.329,2017-09-24 16:47:14.802,3.28,1,14.241216666666666,0.23031740031575015,3.28,10,27.5,56.052850000000035,36.052850000000035,41.052850000000035,46.052850000000035,51.052850000000035
RED,2017-09-24 16:51:40.108,2017-09-24 17:04:08.832,2.84,4,12.478733333333334,0.22758720169247945,0.71,10,25.5,68.5315833333334,48.5315833333334,53.5315833333334,58.5315833333334,63.5315833333334
RED,2017-09-24 17:31:30.242,2017-09-24 17:48:48.070,5.14,7,17.29713333333333,0.2971590668203209,0.7342857142857142,10,22.0,85.82871666666665,65.82871666666665,70.82871666666665,75.82871666666665,80.82871666666665
RED,2017-09-27 18:22:35.809,2017-09-27 18:41:03.863,4.15,5,18.467566666666666,0.22471828990283868,0.8300000000000001,10,26.0,15.022783333333336,-4.9772166666666635,0.022783333333336486,5.0227833333333365,10.022783333333336
RED,2017-10-14 04:27:36.478,2017-10-14 08:15:02.863,72.97,295,227.43975,0.3208322204012271,0.24735593220338983,10,-47.5,93.86763333333329,73.86763333333329,78.86763333333329,83.86763333333329,88.86763333333329
RED,2017-11-04 17:43:35.394,2017-11-04 18:16:21.945,7.43,9,32.77585,0.22669129862383433,0.8255555555555555,10,24.0,0.8806999999999334,-19.119300000000067,-14.119300000000067,-9.119300000000067,-4.119300000000067
RED,2017-11-04 20:15:37.433,2017-11-04 20:22:16.678,1.53,2,6.654083333333333,0.2299340004258037,0.765,10,23.0,7.53478333333328,-12.46521666666672,-7.46521666666672,-2.46521666666672,2.53478333333328
RED,2017-11-14 17:03:48.641,2017-11-14 17:31:53.979,6.34,6,28.088966666666668,0.22571140032444528,1.0566666666666666,10,22.0,9.769966666666619,-10.230033333333381,-5.230033333333381,-0.23003333333338105,4.769966666666619
RED,2017-11-14 17:41:33.233,2017-11-14 17:46:28.777,1.09,0,4.925733333333333,0.22128684730530823,inf,10,22.0,14.695699999999988,-5.304300000000012,-0.304300000000012,4.695699999999988,9.695699999999988
RED,2017-11-14 18:26:22.003,2017-11-14 18:33:13.224,1.53,2,6.853683333333334,0.2232376264830833,0.765,10,21.0,21.549383333333367,1.5493833333333669,6.549383333333367,11.549383333333367,16.549383333333367
RED,2017-11-21 10:51:02.052,2017-11-21 11:30:11.889,10.42,11,39.16395,0.2660610076358488,0.9472727272727273,10,22.5,7.996999999999957,-12.003000000000043,-7.003000000000043,-2.0030000000000427,2.9969999999999573
RED,2017-11-21 12:35:51.273,2017-11-21 12:44:55.338,2.86,3,9.06775,0.315403490391773,0.9533333333333333,10,21.0,17.064750000000004,-2.9352499999999964,2.0647500000000036,7.064750000000004,12.064750000000004
RED,2017-12-28 06:36:40.408,2017-12-28 13:01:18.425,6.77,102,384.6336166666667,0.01760116564607782,0.06637254901960783,10,49.0,43.288400000000024,23.288400000000024,28.288400000000024,33.288400000000024,38.288400000000024
RED,2017-12-28 23:12:57.623,2017-12-28 23:22:08.281,1.97,3,9.177633333333334,0.21465228871640835,0.6566666666666666,10,47.5,52.46603333333337,32.46603333333337,37.46603333333337,42.46603333333337,47.46603333333337
RED,2017-12-29 02:17:02.705,2017-12-29 02:41:17.377,5.46,14,24.244533333333333,0.22520540712957973,0.39,10,40.5,76.71056666666664,56.71056666666664,61.71056666666664,66.71056666666664,71.71056666666664
RED,2017-12-29 02:51:32.613,2017-12-29 02:57:16.152,1.82,0,5.72565,0.3178678403325387,inf,10,40.5,82.43621666666672,62.43621666666672,67.43621666666672,72.43621666666672,77.43621666666672
RED,2017-12-29 13:50:40.458,2017-12-29 14:03:26.509,3.39,5,12.767516666666667,0.26551756997902226,0.678,10,38.0,95.20373333333339,75.20373333333339,80.20373333333339,85.20373333333339,90.20373333333339
RED,2017-12-29 14:20:52.063,2017-12-29 16:19:32.166,26.0,15,118.66838333333334,0.21909795406049604,1.7333333333333334,10,30.5,213.87211666666667,193.87211666666667,198.87211666666667,203.87211666666667,208.87211666666667
RED,2017-12-29 17:58:04.458,2017-12-29 18:23:51.288,7.71,6,25.7805,0.29906324547623203,1.285,10,27.5,239.65261666666675,219.65261666666675,224.65261666666675,229.65261666666675,234.65261666666675
RED,2017-12-29 19:53:30.545,2017-12-29 19:57:35.301,1.09,2,4.079266666666666,0.26720488976776874,0.545,10,26.5,243.73188333333337,223.73188333333337,228.73188333333337,233.73188333333337,238.73188333333337
RED,2017-12-29 21:37:26.970,2017-12-29 21:56:32.416,5.21,4,19.090766666666664,0.27290679787611116,1.3025,10,24.5,262.82265000000007,242.82265000000007,247.82265000000007,252.82265000000007,257.82265000000007
RED,2017-12-30 13:31:38.523,2017-12-30 13:47:34.520,3.71,4,15.933283333333332,0.23284591897254908,0.9275,10,22.5,278.75593333333336,258.75593333333336,263.75593333333336,268.75593333333336,273.75593333333336
RED,2017-01-28 18:39:23.001,2017-01-28 18:52:30.301,2.62,4,13.121666666666666,0.19966975739870446,0.655,11,24.0,10.397333333333336,-9.602666666666664,-4.602666666666664,0.39733333333333576,5.397333333333336
RED,2017-01-28 20:20:54.852,2017-01-28 20:35:47.172,3.91,6,14.872000000000002,0.26291016675632056,0.6516666666666667,11,21.0,25.269333333333407,5.269333333333407,10.269333333333407,15.269333333333407,20.269333333333407
RED,2017-03-03 17:53:21.909,2017-03-03 19:03:02.225,12.11,7,69.67193333333333,0.1738146111442293,1.73,11,21.0,1.8584166666666988,-18.1415833333333,-13.141583333333301,-8.141583333333301,-3.141583333333301
RED,2017-03-16 21:45:33.438,2017-03-16 22:00:38.391,3.91,6,15.08255,0.2592399826289321,0.6516666666666667,11,29.0,2.583633333333296,-17.416366666666704,-12.416366666666704,-7.416366666666704,-2.416366666666704
RED,2017-03-17 00:20:25.197,2017-03-17 00:44:07.403,6.25,16,23.703433333333333,0.263674882541629,0.390625,11,21.0,26.287066666666647,6.287066666666647,11.287066666666647,16.287066666666647,21.287066666666647
RED,2017-04-04 16:18:46.298,2017-04-04 16:52:25.486,6.86,7,33.65313333333334,0.20384431761678456,0.9800000000000001,11,25.5,27.997433333333333,7.997433333333333,12.997433333333333,17.997433333333333,22.997433333333333
RED,2017-04-04 19:13:27.474,2017-04-04 19:32:49.860,3.83,5,19.3731,0.19769680639649823,0.766,11,23.0,47.370533333333356,27.370533333333356,32.370533333333356,37.370533333333356,42.370533333333356
RED,2017-04-04 21:15:36.018,2017-04-04 21:30:53.443,3.03,5,15.290416666666665,0.19816333760252883,0.606,11,20.5,62.66094999999996,42.66094999999996,47.66094999999996,52.66094999999996,57.66094999999996
RED,2017-04-22 22:42:03.921,2017-04-22 23:01:23.612,3.95,5,19.328183333333335,0.2043647833776411,0.79,11,20.5,14.128866666666681,-5.871133333333319,-0.8711333333333187,4.128866666666681,9.128866666666681
RED,2017-04-29 12:24:57.058,2017-04-30 00:40:13.774,85.63,210,735.2786,0.11645925775617569,0.4077619047619047,11,-5.0,285.4593,265.4593,270.4593,275.4593,280.4593
RED,2017-05-01 17:12:47.274,2017-05-02 09:40:08.837,4.44,8,987.3593833333333,0.004496842866890599,0.555,11,89.0,482.58399999999995,462.58399999999995,467.58399999999995,472.58399999999995,477.58399999999995
RED,2017-05-02 09:50:21.149,2017-05-02 09:57:49.605,1.41,2,7.474266666666667,0.18864726974329699,0.705,11,88.0,490.05826666666667,470.05826666666667,475.05826666666667,480.05826666666667,485.05826666666667
RED,2017-05-02 10:08:45.031,2017-05-02 10:26:03.366,4.43,9,17.305583333333335,0.25598674801485066,0.49222222222222217,11,83.5,507.36384999999996,487.36384999999996,492.36384999999996,497.36384999999996,502.36384999999996
RED,2017-05-02 17:45:08.119,2017-05-02 18:09:38.036,4.96,6,24.498616666666667,0.20246041103001053,0.8266666666666667,11,80.5,531.8624666666667,511.8624666666667,516.8624666666667,521.8624666666667,526.8624666666667
RED,2017-05-02 19:08:44.941,2017-05-02 19:22:22.827,4.0,4,13.631433333333332,0.29343942798874173,1.0,11,78.5,545.4938999999999,525.4938999999999,530.4938999999999,535.4938999999999,540.4938999999999
RED,2017-05-02 23:57:39.351,2017-05-03 00:09:16.902,2.42,4,11.625850000000002,0.2081568229419784,0.605,11,76.5,557.1197499999998,537.1197499999998,542.1197499999998,547.1197499999998,552.1197499999998
RED,2017-05-03 09:05:58.419,2017-05-03 09:15:47.309,2.02,3,9.814833333333333,0.20581093243220297,0.6733333333333333,11,75.0,566.9345833333332,546.9345833333332,551.9345833333332,556.9345833333332,561.9345833333332
RED,2017-05-03 10:39:28.729,2017-05-03 10:50:22.769,2.22,6,10.900666666666666,0.203657268668583,0.37000000000000005,11,72.0,577.8352499999999,557.8352499999999,562.8352499999999,567.8352499999999,572.8352499999999
RED,2017-05-03 11:54:37.743,2017-05-03 12:11:20.660,3.14,4,16.715283333333335,0.18785203561211944,0.785,11,70.0,594.5505333333333,574.5505333333333,579.5505333333333,584.5505333333333,589.5505333333333
RED,2017-05-03 16:32:53.503,2017-05-03 16:52:05.568,3.67,5,19.201083333333333,0.19113504880366994,0.734,11,67.5,613.7516166666667,593.7516166666667,598.7516166666667,603.7516166666667,608.7516166666667
RED,2017-05-03 17:40:57.593,2017-05-03 18:19:50.411,10.77,11,38.880300000000005,0.27700403546268926,0.979090909090909,11,62.0,652.6319166666667,632.6319166666667,637.6319166666667,642.6319166666667,647.6319166666667
RED,2017-05-04 14:45:28.356,2017-05-04 15:19:49.826,6.86,12,34.35783333333333,0.1996633470290618,0.5716666666666667,11,56.0,686.98975,666.98975,671.98975,676.98975,681.98975
RED,2017-05-04 15:56:38.312,2017-05-04 16:15:35.983,3.83,4,18.961183333333334,0.20199161268943305,0.9575,11,54.0,705.9509333333333,685.9509333333333,690.9509333333333,695.9509333333333,700.9509333333333
RED,2017-05-04 17:35:27.268,2017-05-04 17:59:09.423,4.84,6,23.702583333333333,0.20419715150598913,0.8066666666666666,11,51.0,729.6535166666665,709.6535166666665,714.6535166666665,719.6535166666665,724.6535166666665
RED,2017-05-04 18:18:11.318,2017-05-04 18:34:51.947,3.35,5,16.67715,0.20087365047385194,0.67,11,48.5,746.3306666666667,726.3306666666667,731.3306666666667,736.3306666666667,741.3306666666667
RED,2017-05-04 18:44:13.876,2017-05-04 19:21:09.204,10.57,12,36.922133333333335,0.2862781493304829,0.8808333333333334,11,42.50000000000001,783.2528,763.2528,768.2528,773.2528,778.2528
RED,2017-05-04 19:23:07.411,2017-05-04 19:35:38.680,2.42,4,12.52115,0.19327298211426266,0.605,11,40.5,795.77395,775.77395,780.77395,785.77395,790.77395
RED,2017-05-04 19:39:55.058,2017-05-04 20:33:11.079,9.8,8,53.26701666666667,0.1839787660969687,1.225,11,36.5,849.0409666666667,829.0409666666667,834.0409666666667,839.0409666666667,844.0409666666667
RED,2017-05-05 14:24:49.521,2017-05-05 14:55:09.925,6.05,6,30.340066666666665,0.1994062856376936,1.0083333333333333,11,33.5,879.3810333333333,859.3810333333333,864.3810333333333,869.3810333333333,874.3810333333333
RED,2017-05-05 14:58:01.932,2017-05-05 15:32:01.330,5.37,5,33.98996666666667,0.1579877983601043,1.074,11,31.0,913.3709999999999,893.3709999999999,898.3709999999999,903.3709999999999,908.3709999999999
RED,2017-05-05 16:34:25.556,2017-05-05 16:59:00.907,5.04,8,24.589183333333335,0.20496817367528133,0.63,11,27.0,937.9601833333334,917.9601833333334,922.9601833333334,927.9601833333334,932.9601833333334
RED,2017-05-05 18:33:29.276,2017-05-05 18:40:57.367,1.61,2,7.468183333333333,0.21558121006670522,0.805,11,26.0,945.4283666666665,925.4283666666665,930.4283666666665,935.4283666666665,940.4283666666665
RED,2017-05-15 10:08:26.574,2017-05-15 10:39:47.739,8.86,13,31.35275,0.28259084131376033,0.6815384615384615,11,30.5,1.5865833333333512,-18.41341666666665,-13.413416666666649,-8.413416666666649,-3.413416666666649
RED,2017-05-16 18:26:50.135,2017-05-16 19:02:36.656,9.53,8,35.77535,0.2663845357208245,1.19125,11,68.5,12.778583333333358,-7.2214166666666415,-2.2214166666666415,2.7785833333333585,7.7785833333333585
RED,2017-05-16 19:53:25.572,2017-05-16 20:02:49.739,1.81,1,9.402783333333334,0.19249619350298758,1.81,11,68.0,22.18136666666669,2.1813666666666904,7.18136666666669,12.18136666666669,17.18136666666669
RED,2017-05-17 14:44:59.454,2017-05-17 14:52:11.617,1.41,2,7.202716666666666,0.19575947038501676,0.705,11,67.0,29.384083333333365,9.384083333333365,14.384083333333365,19.384083333333365,24.384083333333365
RED,2017-05-17 15:15:37.097,2017-05-17 15:28:00.841,3.13,4,12.395733333333334,0.2525062387057912,0.7825,11,65.0,41.77981666666665,21.779816666666648,26.779816666666648,31.779816666666648,36.77981666666665
RED,2017-05-17 15:28:51.574,2017-05-17 15:59:29.498,6.17,9,30.632066666666667,0.2014229097612306,0.6855555555555556,11,60.5,72.41188333333332,52.41188333333332,57.41188333333332,62.41188333333332,67.41188333333332
RED,2017-05-17 17:27:03.058,2017-05-17 17:50:05.942,4.64,5,23.048066666666667,0.2013184041466963,0.9279999999999999,11,58.0,95.45995000000005,75.45995000000005,80.45995000000005,85.45995000000005,90.45995000000005
RED,2017-05-18 08:38:00.322,2017-05-18 09:06:57.971,5.85,7,28.960816666666666,0.20199706615087396,0.8357142857142856,11,54.5,124.42076666666662,104.42076666666662,109.42076666666662,114.42076666666662,119.42076666666662
RED,2017-05-18 09:25:15.214,2017-05-18 10:04:01.896,7.57,13,38.77803333333333,0.19521361320541442,0.5823076923076923,11,48.0,163.1988,143.1988,148.1988,153.1988,158.1988
RED,2017-05-18 12:15:51.369,2017-05-18 13:47:53.994,16.87,37,92.04375,0.18328240646431723,0.45594594594594595,11,29.5,255.24255000000005,235.24255000000005,240.24255000000005,245.24255000000005,250.24255000000005
RED,2017-05-18 16:45:24.369,2017-05-18 16:57:19.129,2.42,3,11.912666666666667,0.20314511164586715,0.8066666666666666,11,28.0,267.15521666666666,247.15521666666666,252.15521666666666,257.15521666666666,262.15521666666666
RED,2017-05-18 18:26:59.421,2017-05-18 18:35:11.346,1.61,2,8.19875,0.19637139807897547,0.805,11,27.0,275.3539666666667,255.35396666666668,260.3539666666667,265.3539666666667,270.3539666666667
RED,2017-05-18 19:05:30.138,2017-05-18 19:10:47.113,1.01,2,5.282916666666667,0.19118226989510212,0.505,11,26.0,280.63688333333334,260.63688333333334,265.63688333333334,270.63688333333334,275.63688333333334
RED,2017-05-18 19:22:14.746,2017-05-18 19:43:30.281,4.24,8,21.258916666666668,0.19944572277514924,0.53,11,22.0,301.8958,281.8958,286.8958,291.8958,296.8958
RED,2017-05-26 14:16:22.140,2017-05-27 15:16:46.733,101.18,193,1500.4098833333333,0.06743490637052922,0.5242487046632125,11,3.5,1105.3807333333332,1085.3807333333332,1090.3807333333332,1095.3807333333332,1100.3807333333332
RED,2017-06-07 03:27:01.230,2017-06-07 03:43:55.335,3.77,5,16.90175,0.22305382578727057,0.754,11,36.0,0.01850000000001728,-19.981499999999983,-14.981499999999983,-9.981499999999983,-4.981499999999983
RED,2017-06-07 07:49:02.987,2017-06-07 07:56:42.549,1.61,3,7.659366666666667,0.21020014709658327,0.5366666666666667,11,34.5,7.6778666666666595,-12.32213333333334,-7.3221333333333405,-2.3221333333333405,2.6778666666666595
RED,2017-06-07 20:57:52.373,2017-06-07 21:08:38.544,2.02,4,10.769516666666668,0.18756644912879097,0.505,11,32.5,18.447383333333278,-1.5526166666667223,3.4473833333332777,8.447383333333278,13.447383333333278
RED,2017-06-07 21:30:00.555,2017-06-07 21:47:16.491,4.86,7,17.2656,0.2814845704753962,0.6942857142857143,11,29.0,35.71298333333334,15.71298333333334,20.71298333333334,25.71298333333334,30.71298333333334
RED,2017-06-08 12:38:35.357,2017-06-08 13:14:02.226,7.26,14,35.44781666666667,0.20480810054591983,0.5185714285714286,11,22.0,71.1608,51.160799999999995,56.160799999999995,61.160799999999995,66.1608
RED,2017-06-08 13:15:01.122,2017-06-08 13:21:15.105,1.41,1,6.23305,0.22621349098755822,1.41,11,21.5,77.39385000000004,57.39385000000004,62.39385000000004,67.39385000000004,72.39385000000004
RED,2017-07-22 12:46:23.023,2017-07-22 16:30:59.898,43.99,37,224.61458333333334,0.1958465890646014,1.1889189189189189,11,33.5,49.00011666666671,29.000116666666713,34.00011666666671,39.00011666666671,44.00011666666671
RED,2017-07-22 16:44:30.987,2017-07-22 17:02:44.171,3.63,7,18.219733333333334,0.19923452959428603,0.5185714285714286,11,30.0,67.21985000000006,47.219850000000065,52.219850000000065,57.219850000000065,62.219850000000065
RED,2017-07-22 18:08:38.625,2017-07-22 18:27:08.722,5.05,6,18.501616666666667,0.2729491206624286,0.8416666666666667,11,27.0,85.72146666666663,65.72146666666663,70.72146666666663,75.72146666666663,80.72146666666663
RED,2017-09-09 23:09:10.068,2017-09-10 02:51:06.497,37.63,22,221.94048333333333,0.16954995967762831,1.7104545454545457,11,23.0,96.36751666666669,76.36751666666669,81.36751666666669,86.36751666666669,91.36751666666669
RED,2017-09-10 16:10:48.962,2017-09-10 16:27:27.917,3.43,4,16.649250000000002,0.20601528597384264,0.8575,11,21.0,113.01676666666663,93.01676666666663,98.01676666666663,103.01676666666663,108.01676666666663
RED,2017-11-17 09:15:18.677,2017-11-17 09:37:30.472,5.99,3,22.196583333333333,0.2698613525354878,1.9966666666666668,11,26.5,16.35281666666674,-3.6471833333332597,1.3528166666667403,6.35281666666674,11.35281666666674
RED,2017-11-17 09:58:19.916,2017-11-17 10:03:54.792,1.31,1,5.581266666666666,0.234713744789116,1.31,11,26.0,21.93408333333332,1.9340833333333194,6.934083333333319,11.93408333333332,16.93408333333332
RED,2017-11-17 13:37:08.797,2017-11-17 13:46:47.321,2.18,2,9.642066666666667,0.22609260808540357,1.09,11,25.0,31.576149999999984,11.576149999999984,16.576149999999984,21.576149999999984,26.576149999999984
RED,2017-11-26 15:45:09.450,2017-11-26 18:38:06.176,11.58,32,172.94543333333334,0.06695753554637561,0.361875,11,22.0,70.90138333333334,50.90138333333334,55.90138333333334,60.90138333333334,65.90138333333334
RED,2017-11-26 18:44:02.399,2017-11-26 18:48:50.541,1.31,2,4.802366666666667,0.27278216990233983,0.655,11,21.0,75.70375000000001,55.703750000000014,60.703750000000014,65.70375000000001,70.70375000000001
RED,2017-12-15 18:06:13.576,2017-12-15 18:23:16.237,5.14,8,17.044349999999998,0.30156620815695523,0.6425,11,26.5,7.88009999999997,-12.11990000000003,-7.11990000000003,-2.1199000000000296,2.8800999999999704
RED,2017-12-15 19:10:00.376,2017-12-15 19:29:34.039,5.21,5,19.56105,0.26634562050605665,1.042,11,24.0,27.441149999999993,7.441149999999993,12.441149999999993,17.441149999999993,22.441149999999993
RED,2017-01-23 19:01:26.319,2017-01-23 19:15:32.189,3.65,5,14.097833333333334,0.2589050326882381,0.73,12,44.49999999999999,0.05911666666668225,-19.940883333333318,-14.940883333333318,-9.940883333333318,-4.940883333333318
RED,2017-01-23 21:10:13.913,2017-01-23 21:14:11.601,0.81,1,3.9614666666666665,0.20446972501767025,0.81,12,43.99999999999999,4.02058333333332,-15.97941666666668,-10.97941666666668,-5.97941666666668,-0.9794166666666797
RED,2017-01-23 22:58:18.574,2017-01-23 23:15:44.024,3.43,9,17.424166666666668,0.1968530297957817,0.3811111111111111,12,39.5,21.44475,1.444749999999999,6.444749999999999,11.444749999999999,16.44475
RED,2017-01-24 18:38:47.007,2017-01-24 18:48:57.610,2.02,2,10.176716666666666,0.1984923100607105,1.01,12,38.5,31.62146666666672,11.62146666666672,16.62146666666672,21.62146666666672,26.62146666666672
RED,2017-01-24 19:09:58.989,2017-01-24 19:17:35.486,1.49,1,7.6082833333333335,0.1958391840472117,1.49,12,38.0,39.22975000000008,19.22975000000008,24.22975000000008,29.22975000000008,34.22975000000008
RED,2017-01-25 12:18:37.859,2017-01-25 13:42:49.275,18.58,25,84.19026666666667,0.220690594478855,0.7432,12,25.5,123.4200166666667,103.4200166666667,108.4200166666667,113.4200166666667,118.4200166666667
RED,2017-01-25 17:19:39.841,2017-01-25 17:34:18.248,3.03,4,14.640116666666668,0.2069655637990134,0.7575,12,23.5,138.0601333333334,118.0601333333334,123.0601333333334,128.0601333333334,133.0601333333334
RED,2017-01-25 17:47:08.883,2017-01-25 18:04:13.271,4.86,4,17.07313333333333,0.2846577663932026,1.215,12,21.5,155.1332666666667,135.1332666666667,140.1332666666667,145.1332666666667,150.1332666666667
RED,2017-02-14 19:13:39.963,2017-02-14 19:47:31.821,6.77,15,33.8643,0.19991554527924688,0.4513333333333333,12,32.0,5.215149999999994,-14.784850000000006,-9.784850000000006,-4.784850000000006,0.21514999999999418
RED,2017-02-14 21:11:54.291,2017-02-14 21:18:44.696,1.41,2,6.840083333333333,0.20613783945127373,0.705,12,31.0,12.055233333333376,-7.944766666666624,-2.9447666666666237,2.0552333333333763,7.055233333333376
RED,2017-02-14 21:18:45.310,2017-02-14 21:33:21.560,3.03,6,14.604166666666666,0.20747503566333808,0.505,12,28.0,26.659400000000005,6.659400000000005,11.659400000000005,16.659400000000005,21.659400000000005
RED,2017-02-16 16:17:55.389,2017-02-16 16:33:28.857,3.03,4,15.557799999999999,0.19475761354433146,0.7575,12,26.0,42.217199999999934,22.217199999999934,27.217199999999934,32.217199999999934,37.217199999999934
RED,2017-02-16 21:35:06.765,2017-02-16 21:48:07.177,2.74,5,13.006866666666667,0.21065796015438001,0.548,12,23.5,55.22406666666666,35.22406666666666,40.22406666666666,45.22406666666666,50.22406666666666
RED,2017-02-17 16:55:43.643,2017-02-17 17:05:46.087,2.02,3,10.040733333333332,0.20118052466287326,0.6733333333333333,12,22.0,65.26480000000004,45.26480000000004,50.26480000000004,55.26480000000004,60.26480000000004
RED,2017-04-09 00:17:46.214,2017-04-09 07:33:35.144,49.58,7,435.8155,0.11376373717777362,7.082857142857143,12,60.5,180.11211666666668,160.11211666666668,165.11211666666668,170.11211666666668,175.11211666666668
RED,2017-04-09 14:43:16.557,2017-04-09 15:02:31.279,3.67,5,19.245366666666666,0.19069524959254264,0.734,12,58.0,199.35748333333333,179.35748333333333,184.35748333333333,189.35748333333333,194.35748333333333
RED,2017-04-09 18:33:19.190,2017-04-09 19:00:25.864,7.03,7,27.111233333333335,0.2593021097036038,1.0042857142857142,12,54.5,226.46871666666664,206.46871666666664,211.46871666666664,216.46871666666664,221.46871666666664
RED,2017-04-09 19:40:07.686,2017-04-09 20:10:18.827,5.84,7,30.185683333333333,0.19346919980277624,0.8342857142857143,12,51.0,256.6544,236.6544,241.6544,246.6544,251.6544
RED,2017-04-10 11:36:27.243,2017-04-10 13:09:12.142,17.03,23,92.74831666666667,0.1836151922972906,0.7404347826086957,12,39.5,349.4027166666667,329.4027166666667,334.4027166666667,339.4027166666667,344.4027166666667
RED,2017-04-10 16:27:54.744,2017-04-10 16:39:45.829,2.42,5,11.851416666666667,0.2041949977850749,0.484,12,37.0,361.25413333333336,341.25413333333336,346.25413333333336,351.25413333333336,356.25413333333336
RED,2017-04-10 17:08:52.077,2017-04-10 17:18:13.930,2.86,2,9.364216666666666,0.3054179651973025,1.43,12,36.0,370.61834999999996,350.61834999999996,355.61834999999996,360.61834999999996,365.61834999999996
RED,2017-04-10 18:10:59.440,2017-04-10 18:36:04.165,5.04,6,25.07875,0.200966954094602,0.84,12,33.0,395.6971,375.6971,380.6971,385.6971,390.6971
RED,2017-04-11 13:17:46.767,2017-04-11 13:36:49.151,3.42,3,19.039733333333334,0.17962436448689756,1.14,12,31.5,414.7368333333334,394.7368333333334,399.7368333333334,404.7368333333334,409.7368333333334
RED,2017-04-11 14:02:22.958,2017-04-11 14:12:51.467,2.22,4,10.475150000000001,0.21193013942521108,0.555,12,29.5,425.21198333333336,405.21198333333336,410.21198333333336,415.21198333333336,420.21198333333336
RED,2017-04-11 14:14:58.352,2017-04-11 14:25:37.507,2.22,4,10.652583333333332,0.20840015332744016,0.555,12,27.5,435.86456666666663,415.86456666666663,420.86456666666663,425.86456666666663,430.86456666666663
RED,2017-04-11 19:42:35.442,2017-04-11 20:00:57.161,3.63,5,18.361983333333335,0.19769106278461201,0.726,12,25.0,454.22655,434.22655,439.22655,444.22655,449.22655
RED,2017-04-12 19:40:50.437,2017-04-12 19:59:49.278,4.95,5,18.98068333333333,0.26079145376747065,0.99,12,22.5,473.2072333333333,453.2072333333333,458.2072333333333,463.2072333333333,468.2072333333333
RED,2017-04-12 20:09:09.252,2017-04-12 20:16:24.740,1.61,2,7.258133333333333,0.22182011903887136,0.805,12,21.5,480.4653666666667,460.4653666666667,465.4653666666667,470.4653666666667,475.4653666666667
RED,2017-05-06 15:18:16.389,2017-05-07 08:35:29.328,11.88,14,1037.2156499999999,0.011453741562808083,0.8485714285714286,12,31.0,862.9023333333332,842.9023333333332,847.9023333333332,852.9023333333332,857.9023333333332
RED,2017-06-08 20:00:42.297,2017-06-09 13:12:09.240,66.39,11,1031.44905,0.0643657580565904,6.035454545454545,12,94.5,491.44904999999994,471.44904999999994,476.44904999999994,481.44904999999994,486.44904999999994
RED,2017-06-09 22:53:25.902,2017-06-09 23:20:41.513,6.49,6,27.260183333333334,0.23807616847771262,1.0816666666666668,12,91.5,518.7092333333333,498.70923333333326,503.70923333333326,508.70923333333326,513.7092333333333
RED,2017-06-10 10:51:44.369,2017-06-10 11:21:44.808,6.05,20,30.007316666666668,0.2016174943999769,0.3025,12,81.5,548.7165499999999,528.7165499999999,533.7165499999999,538.7165499999999,543.7165499999999
RED,2017-06-10 15:55:57.674,2017-06-10 17:19:46.221,15.75,27,83.80911666666665,0.18792704930469978,0.5833333333333334,12,68.0,632.5256666666667,612.5256666666667,617.5256666666667,622.5256666666667,627.5256666666667
RED,2017-06-10 18:09:04.003,2017-06-10 18:34:36.419,7.18,9,25.540266666666664,0.28112470765118613,0.7977777777777777,12,63.5,658.0659333333333,638.0659333333333,643.0659333333333,648.0659333333333,653.0659333333333
RED,2017-06-10 20:02:29.289,2017-06-10 20:09:57.221,1.53,1,7.465533333333334,0.2049418215264817,1.53,12,63.0,665.5314666666666,645.5314666666666,650.5314666666666,655.5314666666666,660.5314666666666
RED,2017-06-11 14:14:10.422,2017-06-11 14:28:19.660,2.7,4,14.153966666666667,0.1907592453470052,0.675,12,61.0,679.6854333333333,659.6854333333333,664.6854333333333,669.6854333333333,674.6854333333333
RED,2017-06-11 19:38:21.959,2017-06-11 20:18:02.585,7.19,9,39.6771,0.18121284065619714,0.798888888888889,12,56.5,719.3625333333332,699.3625333333332,704.3625333333332,709.3625333333332,714.3625333333332
RED,2017-06-11 22:12:32.822,2017-06-11 22:23:56.667,2.34,5,11.397416666666667,0.20530968274974593,0.46799999999999997,12,54.0,730.7599499999999,710.7599499999999,715.7599499999999,720.7599499999999,725.7599499999999
RED,2017-06-11 23:44:42.820,2017-06-11 23:58:23.634,2.82,3,13.680233333333332,0.20613683489804024,0.94,12,52.5,744.4401833333332,724.4401833333332,729.4401833333332,734.4401833333332,739.4401833333332
RED,2017-06-12 00:25:18.312,2017-06-12 01:10:29.275,8.86,15,45.18271666666667,0.1960926799812465,0.5906666666666667,12,44.99999999999999,789.6228999999998,769.6228999999998,774.6228999999998,779.6228999999998,784.6228999999998
RED,2017-06-12 09:58:26.863,2017-06-12 10:14:25.750,3.23,5,15.981449999999999,0.2021093204934471,0.646,12,42.50000000000001,805.6043499999998,785.6043499999998,790.6043499999998,795.6043499999998,800.6043499999998
RED,2017-06-12 11:29:52.908,2017-06-12 13:06:33.453,17.67,15,96.67575000000001,0.18277592881358562,1.1780000000000002,12,35.0,902.2801,882.2801,887.2801,892.2801,897.2801
RED,2017-06-12 19:07:48.289,2017-06-12 19:18:33.163,2.22,4,10.7479,0.20655197759562335,0.555,12,33.0,913.028,893.028,898.028,903.028,908.028
RED,2017-06-12 19:25:11.925,2017-06-12 19:44:14.275,3.83,8,19.039166666666667,0.201164266643323,0.47875,12,29.0,932.0671666666667,912.0671666666667,917.0671666666667,922.0671666666667,927.0671666666667
RED,2017-06-13 13:58:23.386,2017-06-13 14:05:34.465,1.41,3,7.18465,0.19625173112120978,0.47,12,27.5,939.2518166666666,919.2518166666666,924.2518166666666,929.2518166666666,934.2518166666666
RED,2017-06-13 15:23:59.352,2017-06-13 15:33:36.435,2.86,3,9.61805,0.29735757248090827,0.9533333333333333,12,26.0,948.8698666666667,928.8698666666667,933.8698666666667,938.8698666666667,943.8698666666667
RED,2017-06-13 15:37:41.085,2017-06-13 15:46:27.165,1.82,2,8.768,0.20757299270072993,0.91,12,25.0,957.6378666666667,937.6378666666667,942.6378666666667,947.6378666666667,952.6378666666667
RED,2017-06-13 16:01:34.389,2017-06-13 16:15:34.326,2.82,3,13.99895,0.20144367970454924,0.94,12,23.5,971.6368166666666,951.6368166666666,956.6368166666666,961.6368166666666,966.6368166666666
RED,2017-06-13 16:20:20.753,2017-06-13 16:36:00.616,3.03,4,15.664383333333335,0.19343244706941326,0.7575,12,21.5,987.3011999999999,967.3011999999999,972.3011999999999,977.3011999999999,982.3011999999999
RED,2017-06-13 16:59:52.495,2017-06-13 17:03:34.405,0.61,0,3.6985,0.1649317290793565,inf,12,21.5,990.9996999999998,970.9996999999998,975.9996999999998,980.9996999999998,985.9996999999998
RED,2017-06-27 16:23:34.912,2017-06-27 16:38:09.463,3.03,5,14.57585,0.2078780997334632,0.606,12,36.5,7.407066666666651,-12.592933333333349,-7.592933333333349,-2.592933333333349,2.407066666666651
RED,2017-06-27 17:33:11.607,2017-06-27 17:54:30.374,4.24,5,21.312783333333336,0.19894163674852416,0.8480000000000001,12,34.0,28.71984999999995,8.719849999999951,13.719849999999951,18.71984999999995,23.71984999999995
RED,2017-06-27 19:01:52.371,2017-06-27 19:17:26.923,4.57,5,15.575866666666666,0.29340261430075587,0.914,12,31.5,44.295716666666635,24.295716666666635,29.295716666666635,34.295716666666635,39.295716666666635
RED,2017-06-28 08:56:27.482,2017-06-28 09:24:43.504,5.48,9,28.267033333333334,0.19386540976473185,0.6088888888888889,12,27.0,72.56275000000005,52.56275000000005,57.56275000000005,62.56275000000005,67.56275000000005
RED,2017-06-28 17:14:53.786,2017-06-28 17:34:04.375,3.83,5,19.176483333333334,0.19972379363960546,0.766,12,24.5,91.73923333333335,71.73923333333335,76.73923333333335,81.73923333333335,86.73923333333335
RED,2017-06-28 17:56:54.046,2017-06-28 18:05:25.345,2.57,2,8.52165,0.3015847869837414,1.285,12,23.5,100.26088333333337,80.26088333333337,85.26088333333337,90.26088333333337,95.26088333333337
RED,2017-06-28 20:35:14.731,2017-06-28 20:45:41.758,2.22,4,10.45045,0.21243104363926915,0.555,12,21.5,110.7113333333333,90.7113333333333,95.7113333333333,100.7113333333333,105.7113333333333
RED,2017-09-22 13:43:42.883,2017-09-23 02:13:08.436,2.68,211,749.4258833333333,0.0035760707757780718,0.012701421800947868,12,-5.5,550.8369499999999,530.8369499999999,535.8369499999999,540.8369499999999,545.8369499999999
RED,2017-10-11 13:00:10.141,2017-10-12 16:23:45.451,397.01,54,1643.5885,0.24155072878643283,7.352037037037037,12,73.0,1103.5885,1083.5885,1088.5885,1093.5885,1098.5885
RED,2017-10-13 03:12:25.680,2017-10-13 03:17:49.541,1.31,2,5.397683333333333,0.2426967124785016,0.655,12,72.0,1108.9861833333334,1088.9861833333334,1093.9861833333334,1098.9861833333334,1103.9861833333334
RED,2017-10-13 04:24:54.193,2017-10-13 04:31:20.463,1.53,3,6.437833333333333,0.23765759701763017,0.51,12,70.5,1115.4240166666668,1095.4240166666668,1100.4240166666668,1105.4240166666668,1110.4240166666668
RED,2017-10-13 09:53:46.276,2017-10-13 10:14:42.523,4.81,8,20.937450000000002,0.22973189189705523,0.60125,12,66.5,1136.3614666666667,1116.3614666666667,1121.3614666666667,1126.3614666666667,1131.3614666666667
RED,2017-10-13 12:03:24.617,2017-10-13 12:12:18.968,1.97,3,8.90585,0.22120291718364896,0.6566666666666666,12,65.0,1145.2673166666668,1125.2673166666668,1130.2673166666668,1135.2673166666668,1140.2673166666668
RED,2017-10-13 13:05:57.878,2017-10-13 13:27:52.383,6.57,6,21.908416666666668,0.2998847474905002,1.095,12,62.0,1167.1757333333335,1147.1757333333335,1152.1757333333335,1157.1757333333335,1162.1757333333335
RED,2017-10-13 14:14:47.027,2017-10-13 14:24:32.696,2.18,5,9.761149999999999,0.2233343407282954,0.43600000000000005,12,59.5,1176.9368833333333,1156.9368833333333,1161.9368833333333,1166.9368833333333,1171.9368833333333
RED,2017-10-13 14:51:13.792,2017-10-13 15:02:40.912,3.13,3,11.452,0.27331470485504716,1.0433333333333332,12,58.0,1188.3888833333333,1168.3888833333333,1173.3888833333333,1178.3888833333333,1183.3888833333333
RED,2017-10-13 15:34:17.624,2017-10-13 15:51:13.218,3.71,4,16.926566666666666,0.21918207472671167,0.9275,12,56.0,1205.31545,1185.31545,1190.31545,1195.31545,1200.31545
RED,2017-10-13 15:56:29.189,2017-10-13 16:25:56.151,7.82,8,29.449366666666666,0.26554051530253625,0.9775,12,52.0,1234.7648166666668,1214.7648166666668,1219.7648166666668,1224.7648166666668,1229.7648166666668
RED,2017-10-13 18:31:24.755,2017-10-13 18:40:05.752,2.34,0,8.683283333333332,0.26948331756228927,inf,12,52.0,1243.4481,1223.4481,1228.4481,1233.4481,1238.4481
RED,2017-10-13 18:41:20.448,2017-10-13 18:47:53.071,1.53,2,6.543716666666667,0.23381207927197337,0.765,12,51.0,1249.9918166666666,1229.9918166666666,1234.9918166666666,1239.9918166666666,1244.9918166666666
RED,2017-10-13 21:06:42.197,2017-10-13 21:23:00.258,4.43,4,16.301016666666666,0.27176219070180696,1.1075,12,49.0,1266.2928333333334,1246.2928333333334,1251.2928333333334,1256.2928333333334,1261.2928333333334
RED,2017-10-14 04:07:21.900,2017-10-14 04:15:05.395,2.29,3,7.724916666666667,0.29644332732823436,0.7633333333333333,12,47.5,1274.01775,1254.01775,1259.01775,1264.01775,1269.01775
RED,2017-10-14 04:16:43.360,2017-10-14 04:36:41.286,5.47,10,19.965433333333333,0.27397351756285443,0.5469999999999999,12,42.50000000000001,1293.9831833333335,1273.9831833333335,1278.9831833333335,1283.9831833333335,1288.9831833333335
RED,2017-10-14 14:03:17.471,2017-10-14 14:16:48.351,4.0,6,13.514666666666667,0.2959747434885556,0.6666666666666666,12,39.5,1307.49785,1287.49785,1292.49785,1297.49785,1302.49785
RED,2017-10-14 18:49:31.763,2017-10-14 19:08:40.891,4.37,7,19.15213333333333,0.2281730146685139,0.6242857142857143,12,36.0,1326.6499833333335,1306.6499833333335,1311.6499833333335,1316.6499833333335,1321.6499833333335
RED,2017-10-14 22:57:12.204,2017-10-14 23:10:51.853,3.06,6,13.660816666666667,0.22399832123262517,0.51,12,33.0,1340.3108,1320.3108,1325.3108,1330.3108,1335.3108
RED,2017-10-15 14:47:13.911,2017-10-15 15:02:51.796,4.17,5,15.631416666666667,0.2667704462700651,0.834,12,30.0,1355.9422166666668,1335.9422166666668,1340.9422166666668,1345.9422166666668,1350.9422166666668
RED,2017-12-13 11:34:04.732,2017-12-13 11:46:23.848,2.84,4,12.3186,0.23054567889208188,0.71,12,28.0,1.6369333333333316,-18.36306666666667,-13.363066666666668,-8.363066666666668,-3.3630666666666684
RED,2017-12-17 19:23:26.085,2017-12-17 21:29:16.326,1.31,14,125.83735,0.010410263725356582,0.09357142857142857,12,23.5,1.3799999999999955,-18.620000000000005,-13.620000000000005,-8.620000000000005,-3.6200000000000045
RED,2017-02-11 21:59:24.544,2017-02-11 22:13:51.987,2.82,4,14.457383333333333,0.19505604402825316,0.705,13,25.0,3.73571666666669,-16.26428333333331,-11.26428333333331,-6.26428333333331,-1.26428333333331
RED,2017-02-11 22:14:14.009,2017-02-11 22:21:29.964,1.61,4,7.265916666666667,0.22158250278125038,0.4025,13,23.0,11.001633333333302,-8.998366666666698,-3.9983666666666977,1.0016333333333023,6.001633333333302
RED,2017-03-23 09:13:03.663,2017-03-23 16:55:24.083,66.39,37,462.3403333333333,0.14359551874124474,1.7943243243243243,13,58.5,74.1021833333333,54.1021833333333,59.1021833333333,64.1021833333333,69.1021833333333
RED,2017-03-24 17:17:42.668,2017-03-24 17:22:37.334,1.01,0,4.9111,0.2056565738836513,inf,13,58.5,79.01328333333333,59.013283333333334,64.01328333333333,69.01328333333333,74.01328333333333
RED,2017-03-24 18:06:17.513,2017-03-24 18:22:45.422,4.43,4,16.46515,0.2690531212895114,1.1075,13,56.5,95.47843333333333,75.47843333333333,80.47843333333333,85.47843333333333,90.47843333333333
RED,2017-03-24 18:23:32.124,2017-03-24 18:33:33.448,2.02,1,10.022066666666666,0.2015552347819146,2.02,13,56.0,105.50049999999999,85.50049999999999,90.50049999999999,95.50049999999999,100.50049999999999
RED,2017-03-26 12:17:53.772,2017-03-26 12:33:27.162,3.23,5,15.5565,0.20763025102047375,0.646,13,53.5,121.05700000000002,101.05700000000002,106.05700000000002,111.05700000000002,116.05700000000002
RED,2017-03-26 14:46:03.590,2017-03-26 14:58:26.005,2.62,4,12.373583333333332,0.21174141147471431,0.655,13,51.5,133.4305833333333,113.43058333333329,118.43058333333329,123.43058333333329,128.4305833333333
RED,2017-03-26 16:06:05.090,2017-03-26 16:28:19.657,4.44,7,22.242783333333332,0.19961530593818072,0.6342857142857143,13,48.0,155.67336666666665,135.67336666666665,140.67336666666665,145.67336666666665,150.67336666666665
RED,2017-03-26 18:37:59.969,2017-03-26 19:03:30.811,6.37,7,25.514033333333334,0.2496665233903956,0.91,13,44.49999999999999,181.1873999999999,161.1873999999999,166.1873999999999,171.1873999999999,176.1873999999999
RED,2017-03-26 19:34:30.867,2017-03-26 19:54:52.466,5.71,8,20.359983333333332,0.28045209598239684,0.71375,13,40.5,201.5473833333333,181.5473833333333,186.5473833333333,191.5473833333333,196.5473833333333
RED,2017-03-27 16:38:08.425,2017-03-27 16:45:45.630,1.61,3,7.620083333333333,0.21128377861134506,0.5366666666666667,13,39.0,209.16746666666666,189.16746666666666,194.16746666666666,199.16746666666666,204.16746666666666
RED,2017-03-27 17:00:40.541,2017-03-27 17:06:42.716,1.21,2,6.03625,0.20045558086560364,0.605,13,38.0,215.20371666666665,195.20371666666665,200.20371666666665,205.20371666666665,210.20371666666665
RED,2017-03-27 17:07:18.154,2017-03-27 17:13:58.588,1.82,2,6.673900000000001,0.272704116034103,0.91,13,37.0,221.87761666666665,201.87761666666665,206.87761666666665,211.87761666666665,216.87761666666665
RED,2017-03-28 22:59:46.176,2017-03-28 23:09:21.365,2.14,2,9.586483333333332,0.223230972775905,1.07,13,36.0,231.46409999999992,211.46409999999992,216.46409999999992,221.46409999999992,226.46409999999992
RED,2017-03-29 12:25:54.519,2017-03-29 12:42:32.355,3.23,5,16.6306,0.19422029271343186,0.646,13,33.5,248.0947,228.0947,233.0947,238.0947,243.0947
RED,2017-03-29 16:07:35.875,2017-03-29 16:10:26.512,0.61,0,2.84395,0.2144904094657079,inf,13,33.5,250.93864999999994,230.93864999999994,235.93864999999994,240.93864999999994,245.93864999999994
RED,2017-03-29 19:41:18.351,2017-03-29 20:02:14.910,5.47,10,20.94265,0.2611894865262992,0.5469999999999999,13,28.5,271.8813,251.8813,256.8813,261.8813,266.8813
RED,2017-03-30 15:39:08.275,2017-03-30 15:54:30.736,3.03,4,15.37435,0.1970815026326316,0.7575,13,26.5,287.25564999999995,267.25564999999995,272.25564999999995,277.25564999999995,282.25564999999995
RED,2017-03-30 16:43:05.035,2017-03-30 17:12:04.931,5.85,8,28.998266666666666,0.20173619572664112,0.73125,13,22.5,316.25391666666667,296.25391666666667,301.25391666666667,306.25391666666667,311.25391666666667
RED,2017-04-07 12:49:01.925,2017-04-07 16:12:22.676,41.91,120,203.34585,0.20610206699571196,0.34924999999999995,13,40.0,20.858749999999986,0.8587499999999864,5.858749999999986,10.858749999999986,15.858749999999986
RED,2017-04-08 15:17:39.421,2017-04-08 15:31:50.009,2.82,6,14.176466666666666,0.19892121685234213,0.47,13,37.0,35.035216666666656,15.035216666666656,20.035216666666656,25.035216666666656,30.035216666666656
RED,2017-04-08 16:12:35.975,2017-04-08 17:19:33.473,11.33,2,66.9583,0.16920979176592,5.665,13,36.0,101.99351666666666,81.99351666666666,86.99351666666666,91.99351666666666,96.99351666666666
RED,2017-04-08 18:18:22.661,2017-04-08 18:43:45.932,6.21,8,25.38785,0.24460519500469713,0.77625,13,32.0,127.38136666666674,107.38136666666674,112.38136666666674,117.38136666666674,122.38136666666674
RED,2017-04-08 18:45:22.951,2017-04-08 19:11:24.804,7.43,10,26.030883333333335,0.28543019093346167,0.743,13,27.0,153.41224999999997,133.41224999999997,138.41224999999997,143.41224999999997,148.41224999999997
RED,2017-05-10 11:41:33.109,2017-05-11 10:23:35.575,83.19,144,1362.0411,0.06107745206807636,0.5777083333333333,13,28.0,1192.3995166666666,1172.3995166666666,1177.3995166666666,1182.3995166666666,1187.3995166666666
RED,2017-05-12 20:22:14.214,2017-05-12 20:42:29.757,3.95,7,20.25905,0.1949745916022716,0.5642857142857143,13,24.5,1212.6585666666665,1192.6585666666665,1197.6585666666665,1202.6585666666665,1207.6585666666665
RED,2017-05-13 19:17:24.643,2017-05-13 19:32:07.405,3.91,5,14.7127,0.2657567951497686,0.782,13,22.0,1227.3712666666665,1207.3712666666665,1212.3712666666665,1217.3712666666665,1222.3712666666665
RED,2017-07-11 15:46:37.586,2017-07-11 15:52:17.354,1.21,2,5.6628,0.21367521367521367,0.605,13,27.5,2.3847999999999274,-17.615200000000073,-12.615200000000073,-7.615200000000073,-2.6152000000000726
RED,2017-07-11 15:53:32.344,2017-07-11 17:33:10.212,17.4,6,99.63113333333334,0.17464420425476104,2.9,13,24.5,102.01593333333335,82.01593333333335,87.01593333333335,92.01593333333335,97.01593333333335
RED,2017-07-11 18:46:23.908,2017-07-11 19:11:07.128,5.04,7,24.720333333333333,0.20388074594463398,0.72,13,21.0,126.73626666666667,106.73626666666667,111.73626666666667,116.73626666666667,121.73626666666667
RED,2017-07-11 19:14:43.129,2017-07-11 19:16:51.644,0.32,0,2.1419166666666665,0.1493989028518072,inf,13,21.0,128.87818333333337,108.87818333333337,113.87818333333337,118.87818333333337,123.87818333333337
RED,2017-07-11 19:27:24.781,2017-07-11 19:32:55.302,1.01,1,5.508683333333334,0.18334689777654065,1.01,13,20.5,134.3868666666666,114.3868666666666,119.3868666666666,124.3868666666666,129.3868666666666
RED,2017-09-01 08:04:27.488,2017-09-02 07:50:03.790,66.39,113,1425.6050333333333,0.04656970089728686,0.5875221238938053,13,43.50000000000001,885.6050333333333,865.6050333333333,870.6050333333333,875.6050333333333,880.6050333333333
RED,2017-09-02 16:50:35.844,2017-09-02 17:11:31.497,4.24,9,20.92755,0.2026037448244061,0.47111111111111115,13,39.0,906.5325833333334,886.5325833333334,891.5325833333334,896.5325833333334,901.5325833333334
RED,2017-09-02 17:30:52.492,2017-09-02 17:48:04.327,4.43,5,17.19725,0.2575993254735495,0.8859999999999999,13,36.5,923.7298333333333,903.7298333333333,908.7298333333333,913.7298333333333,918.7298333333333
RED,2017-09-03 19:05:09.325,2017-09-03 19:12:25.572,1.41,4,7.270783333333333,0.19392683502694574,0.3525,13,34.5,931.0006166666667,911.0006166666667,916.0006166666667,921.0006166666667,926.0006166666667
RED,2017-09-04 08:23:40.528,2017-09-04 08:36:07.946,2.42,4,12.456966666666666,0.1942688027315371,0.605,13,32.5,943.4575833333333,923.4575833333333,928.4575833333333,933.4575833333333,938.4575833333333
RED,2017-09-04 09:55:00.100,2017-09-04 10:05:41.291,2.22,3,10.686516666666668,0.20773841179929226,0.7400000000000001,13,31.0,954.1441,934.1441,939.1441,944.1441,949.1441
RED,2017-09-04 10:15:05.980,2017-09-04 11:12:05.395,11.61,21,56.990249999999996,0.20371905720715386,0.5528571428571428,13,20.5,1011.13435,991.13435,996.13435,1001.13435,1006.13435
RED,2017-10-27 15:09:16.553,2017-10-27 15:49:43.469,10.68,13,40.448600000000006,0.26403880480412173,0.8215384615384616,13,26.0,18.14949999999999,-1.850500000000011,3.149499999999989,8.149499999999989,13.149499999999989
RED,2017-10-27 19:14:14.089,2017-10-27 19:18:56.970,1.31,2,4.7146833333333324,0.2778553526040986,0.655,13,25.0,22.864183333333358,2.864183333333358,7.864183333333358,12.864183333333358,17.864183333333358
RED,2017-11-06 16:52:48.695,2017-11-06 17:11:57.687,4.37,6,19.149866666666664,0.22820002228039885,0.7283333333333334,13,20.5,12.532266666666715,-7.467733333333285,-2.4677333333332854,2.5322666666667146,7.532266666666715
RED,2017-03-29 12:31:40.182,2017-03-29 19:19:27.445,66.39,31,407.78771666666665,0.16280529620333914,2.1416129032258064,14,26.0,205.38886666666667,185.38886666666667,190.38886666666667,195.38886666666667,200.38886666666667
RED,2017-03-29 20:17:47.440,2017-03-29 20:44:19.751,5.45,9,26.538516666666666,0.20536189224341225,0.6055555555555556,14,21.5,231.9273833333333,211.9273833333333,216.9273833333333,221.9273833333333,226.9273833333333
RED,2017-04-11 20:15:19.145,2017-04-11 21:08:30.814,13.89,17,53.19448333333333,0.26111730257742893,0.8170588235294118,14,51.5,42.957166666666694,22.957166666666694,27.957166666666694,32.957166666666694,37.957166666666694
RED,2017-04-12 08:56:09.917,2017-04-12 09:22:27.703,5.45,8,26.296433333333333,0.2072524410788282,0.68125,14,47.5,69.2536,49.253600000000006,54.253600000000006,59.253600000000006,64.2536
RED,2017-04-12 14:23:29.981,2017-04-12 14:29:41.670,1.21,2,6.194816666666667,0.19532458587690243,0.605,14,46.5,75.44841666666673,55.44841666666673,60.44841666666673,65.44841666666673,70.44841666666673
RED,2017-04-12 15:24:15.311,2017-04-12 15:52:33.453,7.29,5,28.302366666666668,0.25757563266205064,1.458,14,43.99999999999999,103.7507833333334,83.7507833333334,88.7507833333334,93.7507833333334,98.7507833333334
RED,2017-04-12 17:53:05.718,2017-04-12 18:14:27.309,4.24,4,21.359849999999998,0.1985032666427901,1.06,14,42.00000000000001,125.11063333333334,105.11063333333334,110.11063333333334,115.11063333333334,120.11063333333334
RED,2017-04-12 18:15:30.286,2017-04-12 18:27:21.686,2.42,4,11.856666666666666,0.20410458251335395,0.605,14,40.0,136.96730000000002,116.96730000000002,121.96730000000002,126.96730000000002,131.96730000000002
RED,2017-04-12 18:33:51.220,2017-04-12 18:43:47.657,2.02,3,9.940616666666667,0.20320670917464878,0.6733333333333333,14,38.5,146.90791666666667,126.90791666666667,131.90791666666667,136.90791666666667,141.90791666666667
RED,2017-04-12 19:50:08.504,2017-04-12 19:59:10.837,1.82,2,9.038883333333333,0.20135230568672755,0.91,14,37.5,155.94680000000005,135.94680000000005,140.94680000000005,145.94680000000005,150.94680000000005
RED,2017-04-12 20:30:49.044,2017-04-12 20:57:39.133,7.71,13,26.834816666666665,0.28731331000957094,0.5930769230769231,14,31.0,182.78161666666665,162.78161666666665,167.78161666666665,172.78161666666665,177.78161666666665
RED,2017-04-12 22:14:51.309,2017-04-12 22:36:29.971,6.29,12,21.644366666666667,0.2906067937615792,0.5241666666666667,14,25.0,204.4259833333333,184.4259833333333,189.4259833333333,194.4259833333333,199.4259833333333
RED,2017-04-13 16:19:39.208,2017-04-13 16:38:48.148,3.83,6,19.149,0.20001044440962973,0.6383333333333333,14,22.0,223.5749833333333,203.5749833333333,208.5749833333333,213.5749833333333,218.5749833333333
RED,2017-04-13 16:43:09.956,2017-04-13 16:49:27.859,1.41,1,6.298383333333334,0.22386697115397336,1.41,14,21.5,229.8733666666667,209.8733666666667,214.8733666666667,219.8733666666667,224.8733666666667
RED,2017-08-11 18:31:40.044,2017-08-11 18:41:59.942,2.61,4,10.331633333333334,0.25262220558866133,0.6525,14,28.5,0.4645500000000311,-19.53544999999997,-14.535449999999969,-9.535449999999969,-4.535449999999969
RED,2017-08-11 21:37:07.081,2017-08-11 21:56:09.518,5.43,8,19.040616666666665,0.2851798392384,0.67875,14,24.5,19.505166666666696,-0.4948333333333039,4.505166666666696,9.505166666666696,14.505166666666696
RED,2017-08-13 13:31:48.713,2017-08-13 13:53:39.376,4.02,6,21.844383333333333,0.18402899906383255,0.6699999999999999,14,21.5,41.34955000000002,21.349550000000022,26.349550000000022,31.349550000000022,36.34955000000002
RED,2017-09-05 23:03:54.977,2017-09-05 23:17:14.207,3.39,4,13.320500000000001,0.25449495139071354,0.8475,14,31.0,12.740433333333385,-7.259566666666615,-2.2595666666666148,2.7404333333333852,7.740433333333385
RED,2017-09-06 09:23:22.175,2017-09-06 09:39:13.319,3.23,4,15.8524,0.20375463652191467,0.8075,14,29.0,28.592833333333374,8.592833333333374,13.592833333333374,18.592833333333374,23.592833333333374
RED,2017-09-06 15:13:19.400,2017-09-06 15:20:50.872,1.61,2,7.524533333333333,0.21396675762838008,0.805,14,28.0,36.117366666666726,16.117366666666726,21.117366666666726,26.117366666666726,31.117366666666726
RED,2017-09-06 19:01:00.477,2017-09-06 19:14:24.848,2.62,4,13.406183333333333,0.19543220727748764,0.655,14,26.0,49.52355,29.52355,34.52355,39.52355,44.52355
RED,2017-09-06 21:40:09.711,2017-09-06 21:48:00.456,2.08,2,7.84575,0.2651116846700443,1.04,14,25.0,57.36930000000007,37.36930000000007,42.36930000000007,47.36930000000007,52.36930000000007
RED,2017-09-16 10:44:43.875,2017-09-17 10:45:11.668,0.26,84,1440.4632166666668,0.00018049749343940785,0.0030952380952380953,14,44.99999999999999,998.0776666666668,978.0776666666668,983.0776666666668,988.0776666666668,993.0776666666668
RED,2017-09-17 13:11:06.355,2017-09-17 13:18:50.939,1.75,2,7.7430666666666665,0.22600864429252837,0.875,14,43.99999999999999,1005.8207333333335,985.8207333333335,990.8207333333335,995.8207333333335,1000.8207333333335
RED,2017-09-18 13:42:02.498,2017-09-18 13:58:14.452,3.71,6,16.199233333333332,0.22902318422476786,0.6183333333333333,14,41.0,1022.0199666666667,1002.0199666666667,1007.0199666666667,1012.0199666666667,1017.0199666666667
RED,2017-09-18 15:01:00.440,2017-09-18 15:19:45.129,4.15,6,18.74481666666667,0.22139453662301312,0.6916666666666668,14,38.0,1040.7647833333335,1020.7647833333335,1025.7647833333335,1030.7647833333335,1035.7647833333335
RED,2017-09-18 15:57:27.396,2017-09-18 16:21:22.898,5.46,7,23.92503333333333,0.2282128481882993,0.78,14,34.5,1064.6898166666667,1044.6898166666667,1049.6898166666667,1054.6898166666667,1059.6898166666667
RED,2017-09-18 18:12:02.011,2017-09-18 18:37:05.117,5.68,1,25.051766666666666,0.22673051667680125,5.68,14,34.0,1089.7415833333334,1069.7415833333334,1074.7415833333334,1079.7415833333334,1084.7415833333334
RED,2017-09-18 20:32:18.029,2017-09-18 20:45:39.998,3.06,7,13.366150000000001,0.2289365299656221,0.43714285714285717,14,30.5,1103.1077333333335,1083.1077333333335,1088.1077333333335,1093.1077333333335,1098.1077333333335
RED,2017-09-23 22:47:38.580,2017-09-23 23:00:36.849,3.06,4,12.97115,0.2359081500098295,0.765,14,28.5,1116.0788833333336,1096.0788833333336,1101.0788833333336,1106.0788833333336,1111.0788833333336
RED,2017-09-24 16:36:43.228,2017-09-24 16:58:04.523,5.73,6,21.354916666666668,0.26832228331492747,0.9550000000000001,14,25.5,1137.4338000000002,1117.4338000000002,1122.4338000000002,1127.4338000000002,1132.4338000000002
RED,2017-09-24 20:08:07.186,2017-09-24 20:24:52.661,3.71,5,16.757916666666667,0.22138790124070712,0.742,14,23.0,1154.1917166666667,1134.1917166666667,1139.1917166666667,1144.1917166666667,1149.1917166666667
RED,2017-09-25 12:38:07.435,2017-09-25 12:49:48.392,3.13,4,11.682616666666666,0.26791943015049424,0.7825,14,21.0,1165.8743333333334,1145.8743333333334,1150.8743333333334,1155.8743333333334,1160.8743333333334
RED,2017-06-17 11:47:47.753,2017-06-17 16:22:35.496,72.62,286,274.79571666666664,0.26426903912803595,0.25391608391608395,15,-43.0,167.93290000000002,147.93290000000002,152.93290000000002,157.93290000000002,162.93290000000002
RED,2017-07-25 17:53:29.608,2017-07-25 18:51:02.041,14.28,22,57.54055,0.24817281030508048,0.649090909090909,15,31.5,15.6796333333333,-4.3203666666667,0.6796333333332996,5.6796333333333,10.6796333333333
RED,2017-07-28 17:42:06.539,2017-07-28 18:05:38.444,6.57,8,23.53175,0.279197254772807,0.82125,15,27.5,39.21138333333329,19.211383333333288,24.211383333333288,29.211383333333288,34.21138333333329
RED,2017-07-28 18:07:39.891,2017-07-28 18:45:01.146,7.17,7,37.35425,0.19194603023752316,1.0242857142857142,15,24.0,76.56563333333338,56.56563333333338,61.56563333333338,66.56563333333338,71.56563333333338
RED,2017-07-28 19:30:50.840,2017-07-28 19:41:53.941,2.14,2,11.051683333333333,0.19363566032927113,1.07,15,23.0,87.61731666666662,67.61731666666662,72.61731666666662,77.61731666666662,82.61731666666662
RED,2017-08-15 09:21:46.601,2017-08-15 18:49:43.026,66.39,68,567.9404166666667,0.11689606524158563,0.9763235294117647,15,37.0,183.34016666666662,163.34016666666662,168.34016666666662,173.34016666666662,178.34016666666662
RED,2017-08-15 18:50:24.244,2017-08-15 19:03:03.915,2.42,4,12.661183333333334,0.1911353730759763,0.605,15,35.0,196.00135000000012,176.00135000000012,181.00135000000012,186.00135000000012,191.00135000000012
RED,2017-08-15 19:22:32.950,2017-08-15 19:47:01.208,5.04,10,24.470966666666666,0.20595835336841348,0.504,15,30.0,220.47231666666676,200.47231666666676,205.47231666666676,210.47231666666676,215.47231666666676
RED,2017-08-15 21:12:19.490,2017-08-15 21:30:12.639,3.63,7,17.885816666666663,0.2029541098207239,0.5185714285714286,15,26.5,238.3581333333334,218.3581333333334,223.3581333333334,228.3581333333334,233.3581333333334
RED,2017-08-15 21:43:16.800,2017-08-15 21:59:16.498,4.17,5,15.994966666666667,0.26070701408151314,0.834,15,24.0,254.35310000000004,234.35310000000004,239.35310000000004,244.35310000000004,249.35310000000004
RED,2017-08-16 09:12:25.032,2017-08-16 09:30:32.516,4.69,6,18.12473333333333,0.2587624277690523,0.7816666666666667,15,21.0,272.47783333333336,252.47783333333336,257.47783333333336,262.47783333333336,267.47783333333336
RED,2017-09-08 21:06:39.379,2017-09-08 21:23:55.552,3.43,6,17.26955,0.19861548216369276,0.5716666666666667,15,49.5,6.665116666666677,-13.334883333333323,-8.334883333333323,-3.334883333333323,1.6651166666666768
RED,2017-09-09 17:01:49.404,2017-09-09 17:17:14.583,3.03,7,15.419649999999999,0.19650251464851667,0.43285714285714283,15,46.0,22.08476666666661,2.08476666666661,7.08476666666661,12.08476666666661,17.08476666666661
RED,2017-09-10 18:46:05.238,2017-09-10 18:59:35.657,2.62,5,13.506983333333332,0.1939737345743375,0.524,15,43.50000000000001,35.591749999999934,15.591749999999934,20.591749999999934,25.591749999999934,30.591749999999934
RED,2017-09-10 19:31:44.623,2017-09-10 19:36:09.869,1.01,1,4.420766666666666,0.22846715878844545,1.01,15,43.00000000000001,40.01251666666667,20.01251666666667,25.01251666666667,30.01251666666667,35.01251666666667
RED,2017-09-11 10:06:58.706,2017-09-11 10:36:27.756,5.85,13,29.484166666666667,0.19841157683502444,0.44999999999999996,15,36.5,69.4966833333333,49.496683333333294,54.496683333333294,59.496683333333294,64.4966833333333
RED,2017-09-11 13:42:03.921,2017-09-11 14:34:34.666,10.82,5,52.51241666666667,0.2060465064611703,2.164,15,34.0,122.00909999999999,102.00909999999999,107.00909999999999,112.00909999999999,117.00909999999999
RED,2017-09-11 14:39:12.884,2017-09-11 14:57:32.290,5.14,4,18.323433333333334,0.2805151145254801,1.285,15,32.0,140.33253333333334,120.33253333333334,125.33253333333334,130.33253333333334,135.33253333333334
RED,2017-09-11 15:26:38.190,2017-09-11 15:42:10.579,3.23,7,15.539816666666667,0.2078531600008151,0.4614285714285714,15,28.5,155.87234999999998,135.87234999999998,140.87234999999998,145.87234999999998,150.87234999999998
RED,2017-09-11 20:25:43.429,2017-09-11 20:40:19.520,3.03,5,14.601516666666667,0.20751268989180346,0.606,15,26.0,170.4738666666666,150.4738666666666,155.4738666666666,160.4738666666666,165.4738666666666
RED,2017-09-11 20:48:42.054,2017-09-11 21:03:40.072,3.03,4,14.966966666666668,0.20244583070717956,0.7575,15,24.0,185.44083333333333,165.44083333333333,170.44083333333333,175.44083333333333,180.44083333333333
RED,2017-09-13 11:01:26.560,2017-09-13 11:18:15.584,4.43,5,16.817066666666665,0.26342287200304454,0.8859999999999999,15,21.5,202.25789999999995,182.25789999999995,187.25789999999995,192.25789999999995,197.25789999999995
RED,2017-12-01 09:29:20.255,2017-12-01 09:47:02.733,3.93,6,17.707966666666668,0.2219340071041471,0.655,15,22.5,16.521833333333348,-3.4781666666666524,1.5218333333333476,6.521833333333348,11.521833333333348
RED,2017-12-02 18:24:21.040,2017-12-02 18:35:03.844,3.14,3,10.7134,0.29309089551402917,1.0466666666666666,15,21.0,27.235233333333326,7.235233333333326,12.235233333333326,17.235233333333326,22.235233333333326
RED,2017-04-18 16:27:04.868,2017-04-18 16:45:24.927,3.63,5,18.334316666666666,0.19798938056958762,0.726,16,25.5,14.068383333333372,-5.931616666666628,-0.9316166666666277,4.068383333333372,9.068383333333372
RED,2017-04-18 17:01:52.295,2017-04-18 17:11:29.317,2.02,3,9.617033333333334,0.21004398445813158,0.6733333333333333,16,24.0,23.685416666666697,3.685416666666697,8.685416666666697,13.685416666666697,18.685416666666697
RED,2017-04-22 10:31:45.044,2017-04-22 10:39:48.152,2.29,2,8.0518,0.28440845525224173,1.145,16,23.0,31.737216666666654,11.737216666666654,16.737216666666654,21.737216666666654,26.737216666666654
RED,2017-04-22 19:27:41.824,2017-04-22 19:39:39.902,2.42,3,11.967966666666666,0.20220644553934253,0.8066666666666666,16,21.5,43.705183333333366,23.705183333333366,28.705183333333366,33.705183333333366,38.705183333333366
RED,2017-04-24 23:38:06.448,2017-04-24 23:43:17.961,1.01,1,5.191883333333333,0.1945344175042454,1.01,16,21.0,48.89706666666666,28.89706666666666,33.89706666666666,38.89706666666666,43.89706666666666
RED,2017-09-01 10:13:44.646,2017-09-01 10:34:56.660,4.11,4,21.200233333333333,0.19386579078532157,1.0275,17,38.0,2.5203333333332694,-17.47966666666673,-12.47966666666673,-7.479666666666731,-2.4796666666667306
RED,2017-09-01 11:30:03.451,2017-09-01 11:40:22.949,2.02,2,10.324966666666667,0.19564227810259274,1.01,17,37.0,12.845299999999952,-7.154700000000048,-2.154700000000048,2.845299999999952,7.845299999999952
RED,2017-09-01 14:20:47.647,2017-09-01 14:38:12.040,3.51,4,17.40655,0.2016482301202708,0.8775,17,35.0,30.25184999999999,10.25184999999999,15.25184999999999,20.25184999999999,25.25184999999999
RED,2017-09-02 02:11:39.651,2017-09-02 02:19:07.636,1.61,3,7.4664166666666665,0.21563221982878894,0.5366666666666667,17,33.5,37.718266666666636,17.718266666666636,22.718266666666636,27.718266666666636,32.718266666666636
RED,2017-09-02 09:05:01.229,2017-09-02 10:12:03.106,12.67,22,67.03128333333333,0.18901622302223564,0.5759090909090909,17,22.5,104.74955,84.74955,89.74955,94.74955,99.74955
RED,2017-09-28 15:54:21.493,2017-09-28 16:07:48.341,3.06,9,13.447466666666665,0.22755215356547953,0.34,17,21.5,8.47336666666672,-11.52663333333328,-6.5266333333332796,-1.5266333333332796,3.4733666666667204
RED,2017-10-15 18:47:25.031,2017-10-15 19:18:54.489,6.99,11,31.49096666666667,0.2219684163395005,0.6354545454545455,17,43.00000000000001,9.435833333333335,-10.564166666666665,-5.564166666666665,-0.5641666666666652,4.435833333333335
RED,2017-10-17 17:36:56.547,2017-10-17 17:54:47.767,4.15,4,17.853666666666665,0.2324452493418719,1.0375,17,41.0,27.289499999999975,7.289499999999975,12.289499999999975,17.289499999999975,22.289499999999975
RED,2017-10-17 18:45:33.885,2017-10-17 19:16:36.642,8.34,9,31.04595,0.2686340730433438,0.9266666666666666,17,36.5,58.33544999999992,38.33544999999992,43.33544999999992,48.33544999999992,53.33544999999992
RED,2017-10-22 20:03:12.460,2017-10-22 20:16:33.032,3.65,5,13.342866666666668,0.2735544085978525,0.73,17,34.0,71.67831666666666,51.67831666666666,56.67831666666666,61.67831666666666,66.67831666666666
RED,2017-10-25 22:49:14.143,2017-10-25 23:07:34.495,4.95,9,18.3392,0.26991362763915544,0.55,17,29.5,90.01751666666667,70.01751666666667,75.01751666666667,80.01751666666667,85.01751666666667
RED,2017-10-26 19:39:23.412,2017-10-26 20:01:45.238,5.03,7,22.363766666666667,0.2249173886927217,0.7185714285714286,17,26.0,112.38128333333327,92.38128333333327,97.38128333333327,102.38128333333327,107.38128333333327
RED,2017-10-26 20:42:24.678,2017-10-26 21:00:29.240,4.15,9,18.07603333333333,0.22958576826405502,0.46111111111111114,17,21.5,130.45731666666666,110.45731666666666,115.45731666666666,120.45731666666666,125.45731666666666
RED,2017-11-17 15:37:23.250,2017-11-17 15:53:54.529,4.43,5,16.521316666666667,0.26813843529420067,0.8859999999999999,18,31.5,3.0857999999999493,-16.91420000000005,-11.91420000000005,-6.914200000000051,-1.9142000000000507
RED,2017-11-17 20:13:51.095,2017-11-17 20:26:17.726,2.84,3,12.44385,0.22822518754244064,0.9466666666666667,18,30.0,15.529649999999947,-4.470350000000053,0.5296499999999469,5.529649999999947,10.529649999999947
RED,2017-11-20 16:59:08.872,2017-11-20 17:06:51.453,2.29,2,7.709683333333333,0.29702906085636893,1.145,18,29.0,23.23933333333332,3.2393333333333203,8.23933333333332,13.23933333333332,18.23933333333332
RED,2017-11-26 17:38:23.684,2017-11-26 17:46:35.633,1.97,2,8.19915,0.24026880835208528,0.985,18,28.0,31.43848333333335,11.438483333333352,16.43848333333335,21.43848333333335,26.43848333333335
RED,2017-11-30 18:09:15.145,2017-11-30 18:15:40.218,1.53,1,6.417883333333333,0.23839635601561263,1.53,18,27.5,37.856366666666645,17.856366666666645,22.856366666666645,27.856366666666645,32.856366666666645
RED,2017-12-01 10:16:38.970,2017-12-01 10:22:38.622,1.56,2,5.9942,0.2602515765239732,0.78,18,26.5,43.85056666666662,23.850566666666623,28.850566666666623,33.85056666666662,38.85056666666662
RED,2017-12-12 17:14:24.808,2017-12-12 18:13:05.564,15.63,8,58.67926666666666,0.2663632469844545,1.95375,18,22.5,102.52983333333327,82.52983333333327,87.52983333333327,92.52983333333327,97.52983333333327
RED,2017-08-15 15:50:26.935,2017-08-15 16:20:39.100,7.41,12,30.202749999999998,0.24534189767488063,0.6175,20,40.0,2.7845166666666046,-17.215483333333395,-12.215483333333395,-7.215483333333395,-2.2154833333333954
RED,2017-08-15 16:27:43.103,2017-08-15 16:41:28.355,3.65,5,13.754199999999999,0.265373485917029,0.73,20,37.5,16.538716666666687,-3.461283333333313,1.5387166666666872,6.538716666666687,11.538716666666687
RED,2017-08-15 17:12:56.102,2017-08-15 17:18:47.818,1.21,1,5.861933333333334,0.20641654061799858,1.21,20,37.0,22.400649999999928,2.400649999999928,7.400649999999928,12.400649999999928,17.400649999999928
RED,2017-08-15 17:33:39.624,2017-08-15 18:01:45.776,6.99,9,28.102533333333334,0.24873202415915055,0.7766666666666667,20,32.5,50.50318333333337,30.503183333333368,35.50318333333337,40.50318333333337,45.50318333333337
RED,2017-08-15 18:12:06.274,2017-08-15 18:44:16.565,6.33,12,32.17151666666667,0.1967578981614689,0.5275,20,26.5,82.67470000000003,62.67470000000003,67.67470000000003,72.67470000000003,77.67470000000003
RED,2017-08-15 18:50:41.775,2017-08-15 18:57:51.651,1.53,2,7.164599999999999,0.21354995394020604,0.765,20,25.5,89.83929999999998,69.83929999999998,74.83929999999998,79.83929999999998,84.83929999999998
RED,2017-08-15 19:38:13.986,2017-08-15 20:04:09.736,5.24,9,25.929166666666667,0.20208902458621245,0.5822222222222222,20,21.0,115.76846666666665,95.76846666666665,100.76846666666665,105.76846666666665,110.76846666666665
