Rental_state,Start,End,Revenue,Distance,duration_minute,revenue_minute,revenue_km,car_id,accum_distance,battery_left
GREEN,2017-01-01 00:13:10.027,2017-01-01 00:17:56.452,0.0,0,4.773750000000001,0.0,0.0,1,0,100.0
RED,2017-01-01 00:19:04.324,2017-01-01 00:39:20.440,4.57,4,20.2686,0.2254719122189002,1.1425,1,4,98.0
RED,2017-01-01 00:41:27.955,2017-01-01 00:42:43.816,0.0,0,1.26435,0.0,0.0,1,4,98.0
RED,2017-01-01 00:45:17.930,2017-01-01 01:06:59.664,4.44,7,21.695566666666664,0.2046501051674152,0.6342857142857143,1,11,94.5
GREEN,2017-01-01 01:09:10.064,2017-01-01 02:01:13.694,0.0,0,52.060500000000005,0.0,0.0,1,11,94.5
RED,2017-01-01 02:01:34.286,2017-01-01 02:14:07.911,2.62,6,12.560416666666667,0.20859180626969648,0.4366666666666667,1,17,91.5
GREEN,2017-01-01 02:15:10.045,2017-01-01 14:53:59.040,0.0,0,758.8165833333334,0.0,0.0,1,17,91.5
RED,2017-01-01 15:00:22.707,2017-01-01 15:09:30.216,1.82,1,9.12515,0.1994487761845011,1.82,1,18,91.0
RED,2017-01-01 15:31:38.017,2017-01-01 15:40:57.673,2.57,2,9.327599999999999,0.27552639478536817,1.285,1,20,90.0
RED,2017-01-01 15:41:57.207,2017-01-01 15:53:25.459,2.42,4,11.470866666666666,0.21096923801165854,0.605,1,24,88.0
GREEN,2017-01-01 15:59:22.346,2017-01-01 16:27:40.909,0.0,0,28.309383333333336,0.0,0.0,1,24,88.0
RED,2017-01-01 16:33:13.756,2017-01-01 16:47:24.747,2.82,5,14.183183333333334,0.19882701462177624,0.564,1,29,85.5
GREEN,2017-01-01 16:49:17.619,2017-01-01 19:01:27.419,0.0,0,132.16333333333333,0.0,0.0,1,29,85.5
RED,2017-01-01 19:01:36.260,2017-01-01 19:49:18.184,9.48,34,47.69873333333333,0.1987474160739419,0.2788235294117647,1,63,68.5
GREEN,2017-01-01 19:50:06.773,2017-01-01 19:50:50.256,0.0,0,0.7247166666666666,0.0,0.0,1,63,68.5
RED,2017-01-01 20:22:17.993,2017-01-01 20:32:52.971,2.02,4,10.582966666666666,0.1908727546466177,0.505,1,67,66.5
RED,2017-01-01 20:44:26.095,2017-01-01 21:03:12.584,3.71,6,18.774816666666666,0.19760512530526264,0.6183333333333333,1,73,63.5
RED,2017-01-01 21:05:40.377,2017-01-01 21:21:55.574,3.23,11,16.253283333333332,0.19872907730438055,0.29363636363636364,1,84,58.0
GREEN,2017-01-01 21:32:00.254,2017-01-02 07:10:42.212,0.0,0,578.6993,0.0,0.0,1,84,58.0
RED,2017-01-02 07:11:58.843,2017-01-02 07:26:46.838,2.94,5,14.799916666666666,0.19864976717211247,0.588,1,89,55.5
RED,2017-01-02 07:31:17.417,2017-01-02 07:38:38.409,2.0,3,7.349866666666667,0.2721137798418112,0.6666666666666666,1,92,54.0
RED,2017-01-02 07:44:34.762,2017-01-02 08:10:46.601,5.12,8,26.197316666666666,0.19543986375194916,0.64,1,100,50.0
RED,2017-01-02 08:14:54.265,2017-01-02 08:28:50.340,2.46,3,13.934583333333334,0.176539186077804,0.82,1,103,48.5
RED,2017-01-02 08:30:17.063,2017-01-02 08:53:28.836,4.67,7,23.196216666666665,0.2013259346172113,0.6671428571428571,1,110,44.99999999999999
GREEN,2017-01-02 08:53:38.356,2017-01-02 11:23:23.321,0.0,0,149.74941666666666,0.0,0.0,1,110,44.99999999999999
RED,2017-01-02 11:28:57.154,2017-01-02 11:43:19.140,3.03,5,14.366433333333333,0.21090829781458167,0.606,1,115,42.50000000000001
RED,2017-01-02 11:50:20.426,2017-01-02 12:02:53.581,0.0,0,12.552583333333333,0.0,0.0,1,115,42.50000000000001
RED,2017-01-02 12:06:50.774,2017-01-02 16:14:28.072,46.41,46,247.62163333333334,0.1874230428709177,1.0089130434782607,1,46,77.0
GREEN,2017-01-03 01:14:33.236,2017-01-03 11:04:32.784,0.0,0,589.9924666666667,0.0,0.0,1,46,77.0
RED,2017-01-03 11:48:05.937,2017-01-03 12:07:19.741,5.34,7,19.23006666666667,0.2776901449466287,0.7628571428571428,1,53,73.5
RED,2017-01-03 12:16:11.492,2017-01-03 12:27:07.792,2.22,4,10.938333333333333,0.20295596525978976,0.555,1,57,71.5
GREEN,2017-01-03 12:31:59.858,2017-01-03 12:32:06.302,0.0,0,0.1074,0.0,0.0,1,57,71.5
RED,2017-01-03 13:33:10.498,2017-01-03 13:52:30.828,4.03,18,19.338833333333334,0.2083889927865349,0.22388888888888892,1,75,62.5
RED,2017-01-03 13:53:23.735,2017-01-03 14:01:01.938,1.61,2,7.636716666666667,0.21082358692544573,0.805,1,77,61.5
GREEN,2017-01-03 14:08:10.042,2017-01-03 16:08:49.434,0.0,0,120.65653333333333,0.0,0.0,1,77,61.5
RED,2017-01-03 16:13:25.919,2017-01-03 16:34:14.829,4.24,6,20.815166666666666,0.2036976243284144,0.7066666666666667,1,83,58.5
GREEN,2017-01-03 16:34:41.782,2017-01-03 16:40:14.528,0.0,0,5.545766666666666,0.0,0.0,1,83,58.5
RED,2017-01-03 16:40:28.203,2017-01-03 16:50:54.839,2.02,2,10.443933333333332,0.1934137202458844,1.01,1,85,57.5
RED,2017-01-03 16:58:04.935,2017-01-03 17:09:46.278,2.34,2,11.68905,0.20018735483208644,1.17,1,87,56.5
GREEN,2017-01-03 17:10:13.659,2017-01-03 17:46:30.212,0.0,0,36.27588333333333,0.0,0.0,1,87,56.5
RED,2017-01-03 18:09:19.474,2017-01-03 18:21:44.447,2.42,5,12.416216666666665,0.19490639258067072,0.484,1,92,54.0
GREEN,2017-01-03 18:24:14.366,2017-01-03 19:29:33.819,0.0,0,65.32421666666667,0.0,0.0,1,92,54.0
RED,2017-01-03 19:35:11.528,2017-01-03 19:54:20.965,3.95,5,19.157283333333332,0.20618789894530978,0.79,1,97,51.5
GREEN,2017-01-03 19:58:10.989,2017-01-03 20:03:16.546,0.0,0,5.092616666666667,0.0,0.0,1,97,51.5
RED,2017-01-03 20:06:52.244,2017-01-03 20:07:10.253,0.0,0,0.30015000000000003,0.0,0.0,1,97,51.5
RED,2017-01-03 20:10:48.490,2017-01-03 20:35:34.122,5.04,11,24.760533333333335,0.2035497350622496,0.4581818181818182,1,108,46.0
RED,2017-01-03 20:40:59.970,2017-01-03 20:53:20.249,2.62,3,12.337983333333334,0.21235236984974584,0.8733333333333334,1,111,44.49999999999999
RED,2017-01-03 21:04:51.880,2017-01-03 21:13:28.583,1.82,4,8.611716666666666,0.2113399767371198,0.455,1,115,42.50000000000001
RED,2017-01-03 21:16:32.135,2017-01-03 21:25:12.088,1.61,3,8.665883333333333,0.18578602296746052,0.5366666666666667,1,118,41.0
GREEN,2017-01-03 21:30:06.857,2017-01-03 22:57:36.408,0.0,0,87.49251666666667,0.0,0.0,1,118,41.0
RED,2017-01-03 23:00:31.844,2017-01-03 23:18:46.778,4.89,10,18.2489,0.2679613565749168,0.489,1,128,36.0
RED,2017-01-03 23:21:42.640,2017-01-03 23:41:22.147,3.62,3,19.658450000000002,0.18414473165483544,1.2066666666666668,1,131,34.5
RED,2017-01-03 23:42:51.406,2017-01-03 23:43:07.515,0.0,0,0.26848333333333335,0.0,0.0,1,131,34.5
RED,2017-01-03 23:44:03.400,2017-01-03 23:51:22.823,1.61,4,7.323716666666667,0.2198337365135644,0.4025,1,135,32.5
RED,2017-01-04 00:15:58.818,2017-01-04 00:20:15.843,1.14,1,4.2837499999999995,0.2661219725707616,1.14,1,136,32.0
GREEN,2017-01-04 00:33:24.770,2017-01-04 07:30:32.034,0.0,0,417.12106666666665,0.0,0.0,1,136,32.0
RED,2017-01-04 07:44:57.081,2017-01-04 08:06:08.542,4.24,11,21.191016666666666,0.2000847843543766,0.3854545454545455,1,147,26.5
GREEN,2017-01-04 08:06:08.542,2017-01-04 08:06:28.828,0.0,0,0.3381,0.0,0.0,1,147,26.5
RED,2017-01-04 08:07:48.524,2017-01-04 08:25:11.184,3.63,8,17.377666666666666,0.2088888036368519,0.45375,1,155,22.5
GREEN,2017-01-04 08:26:02.376,2017-01-04 08:27:31.065,0.0,0,1.4781499999999999,0.0,0.0,1,155,22.5
RED,2017-01-04 08:27:37.954,2017-01-04 08:44:07.358,3.43,8,16.490066666666667,0.20800401049520723,0.42875,1,8,96.0
GREEN,2017-01-04 17:47:48.272,2017-01-04 17:49:54.926,0.0,0,2.1109,0.0,0.0,1,8,96.0
RED,2017-01-04 17:52:49.048,2017-01-04 19:18:46.719,15.91,18,85.96118333333334,0.18508353867472352,0.883888888888889,1,26,87.0
GREEN,2017-01-04 19:18:55.195,2017-01-04 19:38:55.514,0.0,0,20.005316666666666,0.0,0.0,1,26,87.0
RED,2017-01-04 19:49:26.127,2017-01-04 20:02:47.207,4.0,4,13.351333333333335,0.2995955460128826,1.0,1,30,85.0
GREEN,2017-01-04 20:02:55.841,2017-01-05 05:13:50.888,0.0,0,550.91745,0.0,0.0,1,30,85.0
RED,2017-01-05 05:40:30.063,2017-01-05 06:08:57.129,5.65,15,28.4511,0.19858634639785458,0.3766666666666667,1,45,77.5
RED,2017-01-05 06:12:42.521,2017-01-05 06:30:56.223,3.51,5,18.228366666666666,0.1925570219310196,0.702,1,50,75.0
GREEN,2017-01-05 06:31:10.018,2017-01-05 06:41:41.437,0.0,0,10.52365,0.0,0.0,1,50,75.0
RED,2017-01-05 06:57:41.251,2017-01-05 07:12:49.786,3.03,6,15.142249999999999,0.2001023625947267,0.505,1,56,72.0
RED,2017-01-05 07:13:39.799,2017-01-05 07:29:42.186,3.23,7,16.039783333333332,0.20137429121548817,0.4614285714285714,1,63,68.5
GREEN,2017-01-05 07:37:50.899,2017-01-05 08:05:09.574,0.0,0,27.311249999999998,0.0,0.0,1,63,68.5
RED,2017-01-05 08:23:24.161,2017-01-05 08:32:06.778,1.82,4,8.710283333333333,0.2089484268594401,0.455,1,67,66.5
RED,2017-01-05 08:33:12.998,2017-01-05 16:43:24.123,0.0,0,490.18541666666664,0.0,0.0,1,67,66.5
RED,2017-01-05 16:48:28.010,2017-01-05 17:03:13.537,2.9,1,14.758783333333334,0.19649316169919154,2.9,1,68,66.0
RED,2017-01-05 17:03:18.863,2017-01-05 17:09:43.663,1.21,0,6.413333333333333,0.18866943866943867,inf,1,68,66.0
RED,2017-01-05 17:11:08.268,2017-01-05 17:26:38.970,4.17,5,15.5117,0.268829335275953,0.834,1,73,63.5
RED,2017-01-05 17:28:23.917,2017-01-05 17:52:31.070,4.54,3,24.119216666666667,0.18823165207825296,1.5133333333333334,1,76,62.0
RED,2017-01-05 17:55:35.954,2017-01-05 18:10:48.000,3.03,4,15.200766666666668,0.19933205123425787,0.7575,1,80,60.0
RED,2017-01-05 18:13:43.686,2017-01-05 18:51:13.246,7.03,6,37.492666666666665,0.1875033339853127,1.1716666666666666,1,86,57.0
GREEN,2017-01-05 18:52:39.307,2017-01-05 18:56:46.358,0.0,0,4.117516666666666,0.0,0.0,1,86,57.0
RED,2017-01-05 18:57:17.013,2017-01-05 19:20:23.332,4.64,8,23.105316666666667,0.20081958048616513,0.58,1,94,53.0
GREEN,2017-01-05 19:24:53.137,2017-01-05 19:34:44.626,0.0,0,9.85815,0.0,0.0,1,94,53.0
RED,2017-01-05 19:39:09.830,2017-01-05 19:56:05.416,3.43,9,16.926433333333332,0.20264162759234572,0.3811111111111111,1,103,48.5
GREEN,2017-01-05 20:02:54.639,2017-01-05 20:09:02.099,0.0,0,6.124333333333333,0.0,0.0,1,103,48.5
RED,2017-01-05 20:21:15.317,2017-01-05 20:31:29.411,2.02,3,10.234900000000001,0.197363921484333,0.6733333333333333,1,106,47.0
GREEN,2017-01-05 20:32:28.967,2017-01-06 06:59:44.681,0.0,0,627.2619,0.0,0.0,1,106,47.0
RED,2017-01-06 07:07:33.619,2017-01-06 07:23:40.769,3.23,7,16.119166666666665,0.20038256733702117,0.4614285714285714,1,113,43.50000000000001
GREEN,2017-01-06 07:26:14.891,2017-01-06 07:35:23.344,0.0,0,9.140883333333333,0.0,0.0,1,113,43.50000000000001
RED,2017-01-06 07:49:21.572,2017-01-06 07:58:13.879,1.82,3,8.871783333333333,0.20514477547730917,0.6066666666666667,1,116,42.00000000000001
RED,2017-01-06 07:59:59.579,2017-01-06 08:13:00.747,2.62,5,13.019466666666666,0.20123712184830922,0.524,1,121,39.5
RED,2017-01-06 08:13:11.542,2017-01-06 08:27:49.184,2.82,4,14.627366666666667,0.192789315005435,0.705,1,125,37.5
GREEN,2017-01-06 08:31:19.244,2017-01-06 09:15:08.032,0.0,0,43.81313333333333,0.0,0.0,1,125,37.5
RED,2017-01-06 09:17:23.786,2017-01-06 09:34:11.461,4.43,8,16.794583333333332,0.2637755228620339,0.55375,1,133,33.5
GREEN,2017-01-06 09:39:10.097,2017-01-06 09:41:06.575,0.0,0,1.9412999999999998,0.0,0.0,1,133,33.5
RED,2017-01-06 09:46:42.020,2017-01-06 09:55:12.243,1.82,3,8.503716666666667,0.21402406398770732,0.6066666666666667,1,136,32.0
RED,2017-01-06 10:04:03.070,2017-01-06 10:24:04.351,3.95,4,20.021349999999998,0.19728939357236153,0.9875,1,140,30.0
GREEN,2017-01-06 10:32:21.508,2017-01-06 10:33:54.386,0.0,0,1.5479666666666667,0.0,0.0,1,140,30.0
RED,2017-01-06 10:40:43.368,2017-01-06 10:53:13.569,2.42,5,12.503350000000001,0.1935481291014008,0.484,1,145,27.5
RED,2017-01-06 11:00:41.022,2017-01-06 11:18:03.257,3.93,4,17.370583333333332,0.22624456096753615,0.9825,1,149,25.5
RED,2017-01-06 11:30:28.359,2017-01-06 11:49:48.008,4.03,8,19.32748333333333,0.20851136852616617,0.50375,1,157,21.5
GREEN,2017-01-06 11:54:53.408,2017-01-06 11:58:56.861,0.0,0,4.05755,0.0,0.0,1,157,21.5
RED,2017-01-06 12:36:03.162,2017-01-06 14:46:32.865,22.97,43,130.49505000000002,0.17602200236713955,0.5341860465116279,1,43,78.5
GREEN,2017-01-06 23:47:43.473,2017-01-07 09:37:23.510,0.0,0,589.6672833333333,0.0,0.0,1,43,78.5
RED,2017-01-07 09:40:57.284,2017-01-07 10:13:03.060,6.25,23,32.096266666666665,0.19472669718596555,0.2717391304347826,1,66,67.0
RED,2017-01-07 10:32:03.290,2017-01-07 11:46:51.416,16.88,23,74.80210000000001,0.2256621137641857,0.7339130434782608,1,89,55.5
RED,2017-01-07 11:51:57.769,2017-01-07 12:24:29.518,9.43,14,32.52915,0.28989383368455673,0.6735714285714286,1,103,48.5
RED,2017-01-07 12:24:57.961,2017-01-07 14:09:27.264,25.74,41,104.48838333333333,0.24634317403385989,0.6278048780487805,1,144,28.0
GREEN,2017-01-07 14:16:18.468,2017-01-07 14:26:01.613,0.0,0,9.719083333333334,0.0,0.0,1,144,28.0
RED,2017-01-07 14:54:48.718,2017-01-07 15:08:25.434,2.62,4,13.611933333333333,0.1924781686657296,0.655,1,148,26.0
RED,2017-01-07 15:09:06.019,2017-01-07 15:19:13.556,2.02,2,10.125616666666668,0.19949402258627869,1.01,1,150,25.0
GREEN,2017-01-07 15:31:10.032,2017-01-07 15:37:58.088,0.0,0,6.800933333333333,0.0,0.0,1,150,25.0
RED,2017-01-07 15:39:29.363,2017-01-07 15:50:01.929,2.61,2,10.542766666666667,0.24756310013500565,1.305,1,152,24.0
GREEN,2017-01-07 15:50:19.522,2017-01-07 16:06:16.906,0.0,0,15.9564,0.0,0.0,1,152,24.0
RED,2017-01-07 16:06:19.568,2017-01-07 16:13:34.389,1.41,2,7.247016666666667,0.1945628201029849,0.705,1,154,23.0
GREEN,2017-01-07 16:18:26.697,2017-01-07 16:23:31.319,0.0,0,5.0770333333333335,0.0,0.0,1,154,23.0
RED,2017-01-07 16:29:45.491,2017-01-07 16:32:01.195,0.4,0,2.2617333333333334,0.17685550904910688,inf,1,154,23.0
RED,2017-01-07 16:34:51.689,2017-01-07 16:49:12.471,2.82,5,14.346366666666666,0.1965654486269462,0.564,1,159,20.5
GREEN,2017-01-07 16:49:45.839,2017-01-07 17:18:48.892,0.0,0,29.050883333333335,0.0,0.0,1,159,20.5
RED,2017-01-07 17:31:29.743,2017-01-07 17:53:37.438,6.29,7,22.128249999999998,0.2842520307751404,0.8985714285714286,1,7,96.5
GREEN,2017-01-08 03:19:50.673,2017-01-08 03:20:09.716,0.0,0,0.3173833333333333,0.0,0.0,1,7,96.5
RED,2017-01-08 06:04:53.249,2017-01-08 06:20:08.796,3.97,8,15.259116666666667,0.2601723341346758,0.49625,1,15,92.5
RED,2017-01-08 06:50:33.994,2017-01-08 07:00:09.222,1.82,3,9.587133333333332,0.18983776867607283,0.6066666666666667,1,18,91.0
GREEN,2017-01-08 07:25:24.195,2017-01-08 09:34:29.053,0.0,0,129.08096666666668,0.0,0.0,1,18,91.0
RED,2017-01-08 10:02:54.835,2017-01-08 10:29:38.998,5.45,11,26.73605,0.2038446217747199,0.4954545454545455,1,29,85.5
GREEN,2017-01-08 10:30:10.359,2017-01-08 10:30:38.273,0.0,0,0.46523333333333333,0.0,0.0,1,29,85.5
RED,2017-01-08 10:49:21.811,2017-01-08 11:14:34.817,6.51,12,25.21676666666667,0.25816156710548405,0.5425,1,41,79.5
RED,2017-01-08 11:22:47.712,2017-01-08 11:32:33.498,2.02,5,9.7631,0.20690149645092237,0.404,1,46,77.0
RED,2017-01-08 11:35:04.241,2017-01-08 11:43:35.860,2.34,5,8.526983333333334,0.2744229592724273,0.46799999999999997,1,51,74.5
GREEN,2017-01-08 11:45:27.471,2017-01-08 12:23:48.187,0.0,0,38.34526666666667,0.0,0.0,1,51,74.5
RED,2017-01-08 12:40:27.110,2017-01-08 12:48:41.423,2.34,3,8.23855,0.284030563630736,0.7799999999999999,1,54,73.0
RED,2017-01-08 12:51:19.699,2017-01-08 12:52:01.346,0.0,0,0.6941166666666666,0.0,0.0,1,54,73.0
GREEN,2017-01-08 12:52:41.098,2017-01-08 14:12:47.426,0.0,0,80.10546666666667,0.0,0.0,1,54,73.0
RED,2017-01-08 14:15:44.874,2017-01-08 14:26:07.083,2.22,5,10.370149999999999,0.21407597768595443,0.44400000000000006,1,59,70.5
RED,2017-01-08 14:30:23.838,2017-01-08 17:42:03.755,33.29,76,191.66528333333332,0.17368821009751637,0.43802631578947365,1,135,32.5
GREEN,2017-01-08 17:42:09.988,2017-01-08 20:00:12.364,0.0,0,138.0396,0.0,0.0,1,135,32.5
RED,2017-01-08 20:04:44.335,2017-01-08 20:16:41.762,2.25,2,11.957116666666668,0.18817245517662423,1.125,1,137,31.5
RED,2017-01-08 20:30:52.476,2017-01-08 20:45:04.301,2.82,6,14.197083333333333,0.19863234819358436,0.47,1,143,28.5
RED,2017-01-08 20:48:24.821,2017-01-08 21:10:11.462,4.44,9,21.777350000000002,0.20388155583668352,0.4933333333333334,1,152,24.0
RED,2017-01-08 21:16:08.455,2017-01-08 21:39:07.122,4.64,10,22.97778333333333,0.20193418715324296,0.46399999999999997,1,10,95.0
GREEN,2017-01-09 06:43:10.028,2017-01-09 07:45:17.861,0.0,0,62.13055,0.0,0.0,1,10,95.0
RED,2017-01-09 07:45:31.014,2017-01-09 08:15:35.420,6.05,11,30.073433333333334,0.20117423684026764,0.5499999999999999,1,21,89.5
GREEN,2017-01-09 08:15:57.297,2017-01-09 08:17:24.469,0.0,0,1.4528666666666665,0.0,0.0,1,21,89.5
RED,2017-01-09 08:40:27.392,2017-01-09 09:00:24.890,5.21,4,19.9583,0.26104427731820845,1.3025,1,25,87.5
GREEN,2017-01-09 09:04:24.666,2017-01-09 11:26:28.209,0.0,0,142.05904999999998,0.0,0.0,1,25,87.5
RED,2017-01-09 11:31:43.314,2017-01-09 12:01:40.718,6.05,12,29.956733333333332,0.2019579348883167,0.5041666666666667,1,37,81.5
GREEN,2017-01-09 12:02:35.324,2017-01-09 12:03:04.916,0.0,0,0.49319999999999997,0.0,0.0,1,37,81.5
RED,2017-01-09 12:26:54.459,2017-01-09 12:44:49.781,3.51,7,17.92203333333333,0.1958483133424221,0.5014285714285714,1,44,78.0
RED,2017-01-09 13:01:11.730,2017-01-09 13:19:03.381,3.63,5,17.860850000000003,0.2032378078310942,0.726,1,49,75.5
RED,2017-01-09 13:24:53.713,2017-01-09 13:25:30.949,0.0,0,0.6205999999999999,0.0,0.0,1,49,75.5
GREEN,2017-01-09 13:33:43.608,2017-01-09 15:27:11.425,0.0,0,113.46361666666667,0.0,0.0,1,49,75.5
RED,2017-01-09 15:32:12.601,2017-01-09 15:45:41.760,2.82,5,13.485983333333333,0.20910599770873214,0.564,1,54,73.0
RED,2017-01-09 15:54:27.240,2017-01-09 16:20:36.210,4.87,6,26.1495,0.18623683053213255,0.8116666666666666,1,60,70.0
RED,2017-01-09 16:21:35.846,2017-01-09 16:28:55.656,1.61,2,7.330166666666667,0.2196402992201178,0.805,1,62,69.0
GREEN,2017-01-09 16:35:03.896,2017-01-09 16:37:41.255,0.0,0,2.62265,0.0,0.0,1,62,69.0
RED,2017-01-09 16:40:37.624,2017-01-09 17:07:45.733,5.45,17,27.13515,0.2008465035203417,0.3205882352941177,1,79,60.5
GREEN,2017-01-09 17:08:06.430,2017-01-09 17:08:42.460,0.0,0,0.6005,0.0,0.0,1,79,60.5
RED,2017-01-09 17:21:14.548,2017-01-09 17:45:10.400,6.25,5,23.930866666666667,0.26116897841838854,1.25,1,84,58.0
GREEN,2017-01-09 17:50:40.612,2017-01-09 17:55:30.507,0.0,0,4.831583333333333,0.0,0.0,1,84,58.0
RED,2017-01-09 18:02:31.444,2017-01-09 18:15:13.738,3.19,3,12.7049,0.2510842273453549,1.0633333333333332,1,87,56.5
GREEN,2017-01-09 18:20:36.060,2017-01-09 21:01:36.479,0.0,0,161.00698333333332,0.0,0.0,1,87,56.5
RED,2017-01-09 21:18:06.013,2017-01-09 21:27:47.297,2.86,2,9.688066666666666,0.29520853833926275,1.43,1,89,55.5
RED,2017-01-09 21:28:10.558,2017-01-09 21:47:25.581,4.95,11,19.250383333333332,0.25713773665113165,0.45,1,100,50.0
GREEN,2017-01-09 21:48:18.232,2017-01-09 22:20:14.121,0.0,0,31.931483333333333,0.0,0.0,1,100,50.0
RED,2017-01-09 22:20:23.056,2017-01-09 22:27:37.391,1.82,2,7.238916666666666,0.25141883569134427,0.91,1,102,49.0
GREEN,2017-01-09 22:29:43.162,2017-01-09 22:52:26.570,0.0,0,22.723466666666663,0.0,0.0,1,102,49.0
RED,2017-01-09 23:00:14.963,2017-01-09 23:10:17.254,2.02,4,10.038183333333334,0.20123163055732193,0.505,1,106,47.0
GREEN,2017-01-09 23:10:23.150,2017-01-10 07:18:49.967,0.0,0,488.44694999999996,0.0,0.0,1,106,47.0
RED,2017-01-10 07:36:19.308,2017-01-10 08:10:51.226,7.06,19,34.53196666666667,0.20444824553867477,0.371578947368421,1,125,37.5
RED,2017-01-10 08:13:17.091,2017-01-10 08:42:06.205,5.85,9,28.818566666666666,0.20299413456833962,0.6499999999999999,1,134,33.0
GREEN,2017-01-10 08:43:00.052,2017-01-11 09:09:04.362,0.0,0,1466.0718333333332,0.0,0.0,1,134,33.0
RED,2017-01-11 09:20:00.672,2017-01-11 09:38:21.172,4.95,5,18.341666666666665,0.26987732848705137,0.99,1,139,30.5
RED,2017-01-11 09:39:26.759,2017-01-11 09:49:08.299,2.02,3,9.692333333333332,0.20841214705781205,0.6733333333333333,1,142,29.0
GREEN,2017-01-11 09:51:08.315,2017-01-11 14:00:20.632,0.0,0,249.2052833333333,0.0,0.0,1,142,29.0
RED,2017-01-11 14:08:12.291,2017-01-11 14:18:24.850,2.02,4,10.209316666666666,0.1978584919983218,0.505,1,146,27.0
RED,2017-01-11 14:21:45.332,2017-01-11 14:34:21.908,2.62,3,12.6096,0.20777820073594722,0.8733333333333334,1,149,25.5
GREEN,2017-01-11 14:34:39.893,2017-01-11 14:37:42.834,0.0,0,3.0490166666666667,0.0,0.0,1,149,25.5
RED,2017-01-11 14:53:32.829,2017-01-11 15:03:36.011,1.89,2,10.053033333333333,0.18800295764794042,0.945,1,151,24.5
GREEN,2017-01-11 15:10:20.730,2017-01-11 15:19:47.266,0.0,0,9.442266666666665,0.0,0.0,1,151,24.5
RED,2017-01-11 16:06:52.320,2017-01-11 16:24:00.653,3.43,6,17.138883333333336,0.20012972451530778,0.5716666666666667,1,157,21.5
GREEN,2017-01-11 16:26:17.972,2017-01-11 16:33:35.247,0.0,0,7.287916666666666,0.0,0.0,1,157,21.5
RED,2017-01-11 16:51:25.505,2017-01-11 16:58:49.439,1.41,2,7.3989,0.19056886834529455,0.705,1,159,20.5
RED,2017-01-11 17:06:50.756,2017-01-11 17:25:05.223,3.63,5,18.241116666666667,0.19900097490376595,0.726,1,5,97.5
GREEN,2017-01-12 03:10:00.066,2017-01-12 07:22:22.604,0.0,0,252.37563333333335,0.0,0.0,1,5,97.5
RED,2017-01-12 07:49:59.922,2017-01-12 07:55:27.320,1.13,1,5.4566333333333334,0.20708739821257305,1.13,1,6,97.0
GREEN,2017-01-12 07:58:34.501,2017-01-12 07:59:54.438,0.0,0,1.3322833333333333,0.0,0.0,1,6,97.0
RED,2017-01-12 08:04:11.164,2017-01-12 08:23:15.992,3.75,6,19.080466666666666,0.19653607354117825,0.625,1,12,94.0
RED,2017-01-12 08:25:35.319,2017-01-12 08:45:01.583,3.95,6,19.43773333333333,0.20321299465644146,0.6583333333333333,1,18,91.0
GREEN,2017-01-12 08:53:17.525,2017-01-12 09:03:35.851,0.0,0,10.305433333333333,0.0,0.0,1,18,91.0
RED,2017-01-12 09:21:28.396,2017-01-12 09:42:44.458,3.65,3,21.267699999999998,0.17162175505578883,1.2166666666666666,1,21,89.5
GREEN,2017-01-12 09:44:45.709,2017-01-12 15:24:01.184,0.0,0,339.25791666666663,0.0,0.0,1,21,89.5
RED,2017-01-12 15:24:46.677,2017-01-12 15:37:40.081,2.62,5,12.890066666666666,0.20325728855811453,0.524,1,26,87.0
GREEN,2017-01-12 15:46:36.366,2017-01-12 15:47:29.218,0.0,0,0.8808666666666666,0.0,0.0,1,26,87.0
RED,2017-01-12 15:49:07.857,2017-01-12 15:58:39.420,1.82,2,9.52605,0.1910550542984763,0.91,1,28,86.0
GREEN,2017-01-12 15:59:14.856,2017-01-12 15:59:18.246,0.0,0,0.0565,0.0,0.0,1,28,86.0
RED,2017-01-12 15:59:19.455,2017-01-12 16:16:58.824,3.55,5,17.65615,0.20106308566703385,0.71,1,33,83.5
RED,2017-01-12 16:18:45.666,2017-01-12 16:28:25.620,1.82,4,9.665899999999999,0.18829079547688268,0.455,1,37,81.5
GREEN,2017-01-12 16:28:41.629,2017-01-12 17:02:14.196,0.0,0,33.54278333333333,0.0,0.0,1,37,81.5
RED,2017-01-12 17:07:04.448,2017-01-12 17:14:14.338,1.82,2,7.164833333333333,0.25401846984112214,0.91,1,39,80.5
RED,2017-01-12 17:18:40.531,2017-01-12 17:29:38.075,2.22,4,10.959066666666667,0.20257199518207147,0.555,1,43,78.5
RED,2017-01-12 17:36:45.085,2017-01-12 17:39:42.714,0.61,1,2.9604833333333334,0.20604743594795893,0.61,1,44,78.0
GREEN,2017-01-12 17:41:24.464,2017-01-12 18:08:46.695,0.0,0,27.370516666666667,0.0,0.0,1,44,78.0
RED,2017-01-12 18:09:11.776,2017-01-12 18:18:50.088,2.02,3,9.638533333333333,0.20957545408015052,0.6733333333333333,1,47,76.5
GREEN,2017-01-12 18:21:57.979,2017-01-12 18:22:44.147,0.0,0,0.7694666666666666,0.0,0.0,1,47,76.5
RED,2017-01-12 18:35:01.630,2017-01-12 18:51:34.767,3.23,6,16.55228333333333,0.19513924060829474,0.5383333333333333,1,53,73.5
RED,2017-01-12 18:51:46.585,2017-01-12 19:17:23.264,5.24,11,25.611316666666667,0.20459705637937398,0.4763636363636364,1,64,68.0
GREEN,2017-01-12 19:19:10.024,2017-01-12 19:20:12.427,0.0,0,1.04005,0.0,0.0,1,64,68.0
RED,2017-01-12 19:23:51.001,2017-01-12 19:43:33.573,3.91,6,19.709533333333333,0.19838115565056505,0.6516666666666667,1,70,65.0
RED,2017-01-12 19:47:19.342,2017-01-12 19:55:27.860,1.61,3,8.141966666666667,0.197740922545331,0.5366666666666667,1,73,63.5
RED,2017-01-12 19:56:12.944,2017-01-12 20:03:30.874,1.41,2,7.2988333333333335,0.19318155869659534,0.705,1,75,62.5
RED,2017-01-12 20:07:12.353,2017-01-12 20:20:39.772,3.39,5,13.456983333333334,0.25191381426496035,0.678,1,80,60.0
GREEN,2017-01-12 20:24:18.172,2017-01-12 20:36:16.455,0.0,0,11.971383333333334,0.0,0.0,1,80,60.0
RED,2017-01-12 20:52:48.884,2017-01-12 20:59:04.943,1.21,2,6.267650000000001,0.19305481320750198,0.605,1,82,59.0
GREEN,2017-01-12 21:01:44.768,2017-01-12 22:17:10.878,0.0,0,75.43516666666666,0.0,0.0,1,82,59.0
RED,2017-01-12 22:42:52.903,2017-01-12 22:49:26.838,1.41,2,6.5655833333333335,0.21475624151192454,0.705,1,84,58.0
GREEN,2017-01-12 22:50:39.204,2017-01-12 22:51:02.148,0.0,0,0.38239999999999996,0.0,0.0,1,84,58.0
RED,2017-01-12 22:51:40.677,2017-01-12 23:05:57.219,2.82,5,14.2757,0.19753847447060388,0.564,1,89,55.5
RED,2017-01-12 23:08:22.598,2017-01-12 23:23:03.037,4.29,5,14.673983333333332,0.29235415514305935,0.858,1,94,53.0
RED,2017-01-12 23:36:13.589,2017-01-12 23:43:24.848,1.41,3,7.1876500000000005,0.1961698190646456,0.47,1,97,51.5
GREEN,2017-01-12 23:45:45.484,2017-01-13 06:15:07.038,0.0,0,389.35923333333335,0.0,0.0,1,97,51.5
RED,2017-01-13 06:18:28.198,2017-01-13 06:32:21.458,2.82,5,13.887666666666666,0.20305786909248014,0.564,1,102,49.0
RED,2017-01-13 07:01:12.380,2017-01-13 07:14:43.672,2.62,4,13.521533333333334,0.19376500692722226,0.655,1,106,47.0
GREEN,2017-01-13 07:15:21.086,2017-01-13 07:30:43.104,0.0,0,15.366966666666666,0.0,0.0,1,106,47.0
RED,2017-01-13 07:33:26.895,2017-01-13 08:12:51.724,7.87,20,39.41381666666667,0.19967617108890326,0.3935,1,126,37.0
GREEN,2017-01-13 08:16:42.120,2017-01-13 08:16:46.290,0.0,0,0.06949999999999999,0.0,0.0,1,126,37.0
RED,2017-01-13 08:37:39.281,2017-01-13 09:02:48.685,5.16,8,25.15673333333333,0.20511407151431957,0.645,1,134,33.0
RED,2017-01-13 09:09:49.266,2017-01-13 09:29:52.226,4.11,6,20.049333333333333,0.20499434727671745,0.685,1,140,30.0
GREEN,2017-01-13 09:30:00.042,2017-01-13 11:41:03.862,0.0,0,131.06366666666665,0.0,0.0,1,140,30.0
RED,2017-01-13 11:41:22.482,2017-01-13 11:57:11.899,4.17,5,15.823616666666668,0.26353014534182556,0.834,1,145,27.5
GREEN,2017-01-13 11:57:58.971,2017-01-13 12:06:23.207,0.0,0,8.403933333333333,0.0,0.0,1,145,27.5
RED,2017-01-13 12:35:53.451,2017-01-13 13:06:56.349,6.25,10,31.048299999999998,0.20129926598235653,0.625,1,155,22.5
RED,2017-01-13 13:09:05.036,2017-01-13 13:11:24.980,0.4,0,2.3324,0.17149717029669012,inf,1,155,22.5
GREEN,2017-01-13 13:14:05.986,2017-01-13 14:06:40.672,0.0,0,52.5781,0.0,0.0,1,155,22.5
RED,2017-01-13 14:11:45.550,2017-01-13 14:25:45.275,2.82,6,13.995416666666667,0.20149453690196192,0.47,1,6,97.0
GREEN,2017-01-13 23:29:47.283,2017-01-14 08:07:41.655,0.0,0,517.9062,0.0,0.0,1,6,97.0
RED,2017-01-14 08:50:45.769,2017-01-14 09:04:45.560,2.82,6,13.996516666666668,0.20147870124828673,0.47,1,12,94.0
RED,2017-01-14 09:05:10.682,2017-01-14 09:25:05.381,3.87,10,19.91165,0.19435857902283335,0.387,1,22,89.0
GREEN,2017-01-14 09:30:46.917,2017-01-14 11:27:04.839,0.0,0,116.2987,0.0,0.0,1,22,89.0
RED,2017-01-14 11:36:24.627,2017-01-14 11:54:56.417,3.42,4,18.529833333333332,0.18456722942282267,0.855,1,26,87.0
GREEN,2017-01-14 11:56:58.397,2017-01-14 11:57:54.082,0.0,0,0.9280833333333334,0.0,0.0,1,26,87.0
RED,2017-01-14 11:58:45.994,2017-01-14 12:14:27.441,3.23,5,15.690783333333334,0.2058533300334485,0.646,1,31,84.5
GREEN,2017-01-14 12:14:48.535,2017-01-14 12:35:39.666,0.0,0,20.852183333333336,0.0,0.0,1,31,84.5
RED,2017-01-14 12:56:45.214,2017-01-14 13:35:11.185,9.05,11,38.43285,0.23547564128083137,0.8227272727272728,1,42,79.0
RED,2017-01-14 13:38:45.897,2017-01-14 13:54:31.783,3.14,8,15.764766666666667,0.19917833650143887,0.3925,1,50,75.0
GREEN,2017-01-14 13:54:34.392,2017-01-14 13:58:56.969,0.0,0,4.376283333333333,0.0,0.0,1,50,75.0
RED,2017-01-14 14:01:12.696,2017-01-14 14:44:09.451,7.01,3,42.94591666666667,0.16322855684766305,2.3366666666666664,1,53,73.5
RED,2017-01-14 14:45:08.382,2017-01-14 15:09:04.508,4.84,10,23.935433333333332,0.2022106695373526,0.484,1,63,68.5
RED,2017-01-14 15:09:08.481,2017-01-14 15:29:58.794,4.07,5,20.83855,0.19531109410203684,0.8140000000000001,1,68,66.0
GREEN,2017-01-14 15:31:48.871,2017-01-14 17:07:36.378,0.0,0,95.79178333333333,0.0,0.0,1,68,66.0
RED,2017-01-14 17:14:09.977,2017-01-14 17:22:36.551,2.03,2,8.4429,0.24043871181702967,1.015,1,70,65.0
GREEN,2017-01-14 17:22:50.787,2017-01-14 17:27:04.352,0.0,0,4.226083333333333,0.0,0.0,1,70,65.0
RED,2017-01-14 17:29:31.545,2017-01-14 17:59:47.660,7.41,11,30.268583333333332,0.24480828581890465,0.6736363636363637,1,81,59.5
GREEN,2017-01-14 18:02:16.248,2017-01-14 19:10:51.520,0.0,0,68.58786666666667,0.0,0.0,1,81,59.5
RED,2017-01-14 19:13:43.156,2017-01-14 19:23:47.418,1.89,2,10.071033333333332,0.18766693917539082,0.945,1,83,58.5
RED,2017-01-14 19:26:57.435,2017-01-14 19:35:40.286,1.82,3,8.714183333333333,0.20885491277629767,0.6066666666666667,1,86,57.0
GREEN,2017-01-14 19:38:05.731,2017-01-14 20:11:42.329,0.0,0,33.609966666666665,0.0,0.0,1,86,57.0
RED,2017-01-14 20:16:18.998,2017-01-14 20:29:31.164,3.39,7,13.202766666666667,0.25676436504470024,0.4842857142857143,1,93,53.5
GREEN,2017-01-14 20:29:44.921,2017-01-14 20:33:13.179,0.0,0,3.470966666666667,0.0,0.0,1,93,53.5
RED,2017-01-14 20:35:13.448,2017-01-14 21:06:32.431,9.14,19,31.31638333333333,0.2918600115062244,0.4810526315789474,1,112,43.99999999999999
GREEN,2017-01-14 21:10:34.617,2017-01-14 21:15:18.896,0.0,0,4.737983333333333,0.0,0.0,1,112,43.99999999999999
RED,2017-01-14 21:22:37.315,2017-01-14 21:51:06.799,5.65,18,28.4914,0.1983054535754649,0.3138888888888889,1,130,35.0
RED,2017-01-14 21:51:45.832,2017-01-14 22:00:07.361,1.82,6,8.358816666666666,0.21773416891146877,0.30333333333333334,1,136,32.0
RED,2017-01-14 22:03:07.141,2017-01-14 22:11:15.733,1.61,2,8.1432,0.19771097357304254,0.805,1,138,31.0
GREEN,2017-01-14 22:16:18.530,2017-01-14 22:55:09.781,0.0,0,38.85418333333334,0.0,0.0,1,138,31.0
RED,2017-01-14 22:59:40.967,2017-01-14 23:09:11.112,1.82,2,9.502416666666667,0.19153022476738374,0.91,1,140,30.0
RED,2017-01-14 23:13:44.064,2017-01-14 23:19:44.590,1.21,2,6.008766666666667,0.20137243915834085,0.605,1,142,29.0
GREEN,2017-01-14 23:19:51.710,2017-01-14 23:19:54.960,0.0,0,0.05416666666666667,0.0,0.0,1,142,29.0
RED,2017-01-14 23:28:27.402,2017-01-14 23:39:23.572,2.22,4,10.936166666666667,0.20299617477178172,0.555,1,146,27.0
GREEN,2017-01-14 23:39:23.572,2017-01-15 04:46:01.064,0.0,0,306.62486666666666,0.0,0.0,1,146,27.0
RED,2017-01-15 05:28:21.411,2017-01-15 05:50:05.329,4.44,8,21.731966666666665,0.20430732607418567,0.555,1,154,23.0
RED,2017-01-15 06:18:08.201,2017-01-15 06:32:29.324,2.82,8,14.35205,0.19648760978396812,0.3525,1,8,96.0
GREEN,2017-01-15 15:35:51.185,2017-01-15 18:13:36.615,0.0,0,157.75716666666668,0.0,0.0,1,8,96.0
RED,2017-01-15 18:16:14.070,2017-01-15 18:40:37.339,4.84,9,24.387816666666666,0.19845975005279276,0.5377777777777778,1,17,91.5
GREEN,2017-01-15 18:42:22.272,2017-01-16 00:13:20.534,0.0,0,330.9710333333333,0.0,0.0,1,17,91.5
RED,2017-01-16 02:22:08.935,2017-01-16 02:42:01.348,4.03,12,19.87355,0.20278208976252354,0.3358333333333334,1,29,85.5
RED,2017-01-16 03:42:30.716,2017-01-16 03:52:31.013,2.02,1,10.004950000000001,0.20190005947056205,2.02,1,30,85.0
GREEN,2017-01-16 03:54:50.072,2017-01-16 06:06:42.378,0.0,0,131.87176666666667,0.0,0.0,1,30,85.0
RED,2017-01-16 06:23:45.611,2017-01-16 06:43:01.355,3.62,5,19.2624,0.18793089127003906,0.724,1,35,82.5
GREEN,2017-01-16 06:43:38.504,2017-01-16 06:58:23.264,0.0,0,14.746,0.0,0.0,1,35,82.5
RED,2017-01-16 06:59:18.067,2017-01-16 07:15:08.368,2.89,2,15.83835,0.18246850208512883,1.445,1,37,81.5
GREEN,2017-01-16 07:16:10.027,2017-01-16 07:55:29.842,0.0,0,39.33025,0.0,0.0,1,37,81.5
RED,2017-01-16 08:01:26.357,2017-01-16 08:51:55.498,12.48,11,50.485683333333334,0.24719879332127492,1.1345454545454545,1,48,76.0
GREEN,2017-01-16 08:52:10.595,2017-01-16 11:44:11.838,0.0,0,172.0207166666667,0.0,0.0,1,48,76.0
RED,2017-01-16 11:44:53.848,2017-01-16 12:07:13.131,4.44,8,22.321383333333333,0.19891240312913702,0.555,1,56,72.0
GREEN,2017-01-16 12:13:59.503,2017-01-16 12:51:43.485,0.0,0,37.73303333333333,0.0,0.0,1,56,72.0
RED,2017-01-16 12:53:24.047,2017-01-16 13:19:40.490,6.77,8,26.27405,0.25766868830652295,0.84625,1,64,68.0
RED,2017-01-16 13:20:34.893,2017-01-16 13:32:12.969,2.42,3,11.6346,0.208000275041686,0.8066666666666666,1,67,66.5
RED,2017-01-16 13:33:35.249,2017-01-16 13:39:43.089,1.21,2,6.1306666666666665,0.19736842105263158,0.605,1,69,65.5
RED,2017-01-16 13:41:35.846,2017-01-16 14:29:18.797,12.71,20,47.71585,0.2663685127688179,0.6355000000000001,1,89,55.5
GREEN,2017-01-16 14:32:32.882,2017-01-16 16:05:33.383,0.0,0,93.00835000000001,0.0,0.0,1,89,55.5
RED,2017-01-16 16:07:24.081,2017-01-16 16:19:14.890,2.42,3,11.846816666666665,0.2042742846531206,0.8066666666666666,1,92,54.0
RED,2017-01-16 16:20:27.085,2017-01-16 16:30:57.438,2.02,4,10.505883333333333,0.1922732183395653,0.505,1,96,52.0
GREEN,2017-01-16 16:38:35.713,2017-01-16 17:35:58.441,0.0,0,57.3788,0.0,0.0,1,96,52.0
RED,2017-01-16 17:47:03.335,2017-01-16 17:47:51.522,0.0,0,0.8031166666666666,0.0,0.0,1,96,52.0
GREEN,2017-01-16 17:54:12.368,2017-01-16 17:57:59.299,0.0,0,3.7821833333333337,0.0,0.0,1,96,52.0
RED,2017-01-16 17:58:03.449,2017-01-16 18:34:32.413,7.46,12,36.482733333333336,0.20448029296050552,0.6216666666666667,1,108,46.0
RED,2017-01-16 18:36:15.499,2017-01-16 18:54:08.537,3.63,9,17.883966666666666,0.20297510432994917,0.4033333333333333,1,117,41.5
GREEN,2017-01-16 18:54:37.766,2017-01-16 19:16:02.284,0.0,0,21.408633333333334,0.0,0.0,1,117,41.5
RED,2017-01-16 19:22:04.093,2017-01-16 19:38:20.833,4.57,7,16.279,0.2807297745561767,0.6528571428571429,1,124,38.0
GREEN,2017-01-16 19:38:20.833,2017-01-16 20:19:08.352,0.0,0,40.79198333333333,0.0,0.0,1,124,38.0
RED,2017-01-16 20:19:08.352,2017-01-16 20:22:25.946,0.86,0,3.2932333333333332,0.2611415326376307,inf,1,124,38.0
GREEN,2017-01-16 20:22:26.021,2017-01-16 20:29:22.495,0.0,0,6.941233333333333,0.0,0.0,1,124,38.0
RED,2017-01-16 20:38:35.171,2017-01-16 20:44:05.588,1.01,1,5.50695,0.18340460690581903,1.01,1,125,37.5
RED,2017-01-16 20:45:44.679,2017-01-16 21:02:57.800,4.69,7,17.218683333333335,0.2723785500439929,0.67,1,132,34.0
RED,2017-01-16 21:08:42.788,2017-01-16 21:25:33.496,3.22,4,16.845133333333333,0.19115313225976246,0.805,1,136,32.0
GREEN,2017-01-16 21:43:52.404,2017-01-16 22:56:41.478,0.0,0,72.8179,0.0,0.0,1,136,32.0
RED,2017-01-16 23:17:42.262,2017-01-16 23:33:53.381,3.23,8,16.18531666666667,0.19956359622250205,0.40375,1,144,28.0
GREEN,2017-01-16 23:47:39.403,2017-01-17 03:48:35.345,0.0,0,240.93236666666664,0.0,0.0,1,144,28.0
RED,2017-01-17 05:37:40.140,2017-01-17 05:45:55.134,1.61,3,8.2499,0.19515388065309883,0.5366666666666667,1,147,26.5
GREEN,2017-01-17 05:49:09.975,2017-01-17 06:39:19.159,0.0,0,50.15306666666667,0.0,0.0,1,147,26.5
RED,2017-01-17 07:03:46.355,2017-01-17 07:29:38.871,5.36,9,25.87526666666667,0.2071476235993703,0.5955555555555556,1,156,22.0
GREEN,2017-01-17 07:30:12.667,2017-01-17 07:36:16.081,0.0,0,6.0569,0.0,0.0,1,156,22.0
RED,2017-01-17 07:54:20.843,2017-01-17 09:15:35.579,13.94,5,81.2456,0.17157852240613647,2.788,1,5,97.5
RED,2017-01-17 18:16:07.298,2017-01-17 18:20:51.415,1.3,1,4.735283333333333,0.27453478672518716,1.3,1,6,97.0
GREEN,2017-01-17 18:22:16.690,2017-01-17 18:25:46.949,0.0,0,3.5043166666666665,0.0,0.0,1,6,97.0
RED,2017-01-17 18:29:49.929,2017-01-17 18:49:39.255,4.03,6,19.8221,0.2033084284712518,0.6716666666666667,1,12,94.0
RED,2017-01-17 18:52:02.287,2017-01-17 18:57:16.776,1.21,0,5.241483333333333,0.23085068158186772,inf,1,12,94.0
GREEN,2017-01-17 18:57:16.776,2017-01-17 18:57:20.647,0.0,0,0.06451666666666667,0.0,0.0,1,12,94.0
RED,2017-01-17 19:10:27.349,2017-01-17 19:49:59.381,9.36,17,39.53386666666667,0.23675903191862502,0.5505882352941176,1,29,85.5
RED,2017-01-17 19:55:36.392,2017-01-17 20:16:28.668,4.24,10,20.871266666666667,0.20315010429010857,0.42400000000000004,1,39,80.5
RED,2017-01-17 20:23:43.225,2017-01-17 20:34:52.004,2.22,4,11.146316666666667,0.19916893323504475,0.555,1,43,78.5
RED,2017-01-17 20:37:31.722,2017-01-17 20:45:13.364,1.53,1,7.6940333333333335,0.19885539010748587,1.53,1,44,78.0
GREEN,2017-01-17 20:45:13.364,2017-01-17 21:03:11.843,0.0,0,17.97465,0.0,0.0,1,44,78.0
RED,2017-01-17 21:06:59.657,2017-01-17 21:14:59.609,2.08,2,7.9992,0.26002600260026004,1.04,1,46,77.0
GREEN,2017-01-17 21:22:30.166,2017-01-18 07:26:53.568,0.0,0,604.3900333333333,0.0,0.0,1,46,77.0
RED,2017-01-18 07:27:01.284,2017-01-18 07:56:05.152,5.85,10,29.064466666666664,0.2012767021357121,0.585,1,56,72.0
RED,2017-01-18 07:58:14.991,2017-01-18 08:18:36.457,6.0,4,20.357766666666667,0.29472781067995346,1.5,1,60,70.0
RED,2017-01-18 08:19:42.055,2017-01-18 08:27:12.897,1.61,3,7.514033333333333,0.21426575163804618,0.5366666666666667,1,63,68.5
RED,2017-01-18 08:40:53.348,2017-01-18 08:55:07.574,2.82,5,14.2371,0.1980740459784647,0.564,1,68,66.0
GREEN,2017-01-18 08:55:17.572,2017-01-18 12:24:32.993,0.0,0,209.25701666666666,0.0,0.0,1,68,66.0
RED,2017-01-18 12:41:57.146,2017-01-18 12:48:36.010,1.21,3,6.647733333333333,0.18201692807573508,0.4033333333333333,1,71,64.5
RED,2017-01-18 13:08:21.928,2017-01-18 13:19:13.806,1.97,1,10.864633333333334,0.18132227195886347,1.97,1,72,64.0
RED,2017-01-18 13:25:44.561,2017-01-18 13:33:09.729,0.0,0,7.419466666666667,0.0,0.0,1,72,64.0
GREEN,2017-01-18 13:36:38.503,2017-01-18 14:14:30.913,0.0,0,37.8735,0.0,0.0,1,72,64.0
RED,2017-01-18 14:17:33.425,2017-01-18 14:31:36.579,2.82,6,14.052566666666667,0.20067508426693104,0.47,1,78,61.0
RED,2017-01-18 14:32:08.823,2017-01-18 14:50:47.831,3.83,6,18.650133333333333,0.20536046212359518,0.6383333333333333,1,84,58.0
RED,2017-01-18 14:52:23.271,2017-01-18 15:05:26.363,2.62,3,13.051533333333333,0.20074269689895952,0.8733333333333334,1,87,56.5
GREEN,2017-01-18 15:08:39.280,2017-01-18 15:29:45.361,0.0,0,21.10135,0.0,0.0,1,87,56.5
RED,2017-01-18 15:36:48.415,2017-01-18 15:58:51.505,4.44,11,22.051499999999997,0.20134684715325493,0.4036363636363637,1,98,51.0
GREEN,2017-01-18 16:04:05.171,2017-01-18 16:04:11.729,0.0,0,0.1093,0.0,0.0,1,98,51.0
RED,2017-01-18 16:08:18.387,2017-01-18 16:36:12.739,5.23,7,27.905866666666668,0.18741578831691305,0.7471428571428572,1,105,47.5
RED,2017-01-18 16:37:03.499,2017-01-18 16:48:29.699,2.42,5,11.436666666666667,0.21160011658408626,0.484,1,110,44.99999999999999
GREEN,2017-01-18 16:51:24.104,2017-01-18 17:18:38.200,0.0,0,27.234933333333334,0.0,0.0,1,110,44.99999999999999
RED,2017-01-18 17:24:18.846,2017-01-18 17:35:09.744,2.22,3,10.8483,0.20464035839716824,0.7400000000000001,1,113,43.50000000000001
GREEN,2017-01-18 17:36:56.911,2017-01-19 15:40:49.644,0.0,0,1323.8788833333333,0.0,0.0,1,113,43.50000000000001
RED,2017-01-19 15:44:07.026,2017-01-19 16:00:57.511,3.43,14,16.841416666666667,0.20366457691108725,0.24500000000000002,1,127,36.5
RED,2017-01-19 16:02:08.675,2017-01-19 16:07:18.331,1.3,1,5.160933333333333,0.251892422559227,1.3,1,128,36.0
RED,2017-01-19 16:10:11.427,2017-01-19 16:52:15.871,11.37,12,42.07406666666667,0.27023772363340204,0.9474999999999999,1,140,30.0
GREEN,2017-01-19 16:55:15.817,2017-01-19 16:55:30.921,0.0,0,0.2517333333333333,0.0,0.0,1,140,30.0
RED,2017-01-19 17:01:36.008,2017-01-19 17:14:37.238,0.0,0,13.0205,0.0,0.0,1,140,30.0
RED,2017-01-19 17:15:04.972,2017-01-19 17:56:08.231,8.27,14,41.054316666666665,0.20144044942086886,0.5907142857142856,1,154,23.0
RED,2017-01-19 18:03:22.494,2017-01-19 18:28:36.702,4.96,8,25.236800000000002,0.19653838838521523,0.62,1,8,96.0
RED,2017-01-20 04:45:44.233,2017-01-20 05:01:37.164,3.23,8,15.882183333333334,0.20337254218825918,0.40375,1,16,92.0
RED,2017-01-20 05:34:43.734,2017-01-20 05:50:14.139,3.03,12,15.50675,0.1953987779515372,0.2525,1,28,86.0
RED,2017-01-20 05:52:19.306,2017-01-20 06:23:31.265,7.77,18,31.199316666666668,0.2490439160259386,0.43166666666666664,1,46,77.0
GREEN,2017-01-20 06:38:23.173,2017-01-20 06:47:51.140,0.0,0,9.466116666666666,0.0,0.0,1,46,77.0
RED,2017-01-20 06:52:06.254,2017-01-20 07:08:25.556,3.23,8,16.3217,0.19789605249453182,0.40375,1,54,73.0
RED,2017-01-20 07:08:30.786,2017-01-20 07:54:13.605,7.86,4,45.71365,0.17193989103910975,1.965,1,58,71.0
GREEN,2017-01-20 07:57:55.740,2017-01-20 08:01:48.421,0.0,0,3.878016666666667,0.0,0.0,1,58,71.0
RED,2017-01-20 08:08:28.359,2017-01-20 08:34:54.313,5.36,8,26.432566666666666,0.20278015629709312,0.67,1,66,67.0
GREEN,2017-01-20 08:43:55.200,2017-01-20 08:44:07.193,0.0,0,0.19988333333333333,0.0,0.0,1,66,67.0
RED,2017-01-20 08:50:15.758,2017-01-20 09:02:02.164,3.13,4,11.773433333333333,0.2658527815448906,0.7825,1,70,65.0
RED,2017-01-20 09:03:53.740,2017-01-20 09:12:03.153,1.61,2,8.156883333333333,0.19737930949933902,0.805,1,72,64.0
RED,2017-01-20 09:12:10.008,2017-01-20 09:18:08.259,1.21,2,5.9708499999999995,0.20265121381377862,0.605,1,74,63.0
GREEN,2017-01-20 09:25:10.048,2017-01-20 09:26:35.367,0.0,0,1.4219833333333334,0.0,0.0,1,74,63.0
RED,2017-01-20 09:27:14.373,2017-01-20 09:45:08.700,3.63,6,17.90545,0.20273157055533372,0.605,1,80,60.0
RED,2017-01-20 09:45:19.827,2017-01-20 09:45:28.462,0.0,0,0.14391666666666666,0.0,0.0,1,80,60.0
RED,2017-01-20 09:48:19.143,2017-01-20 09:53:58.701,1.21,2,5.6593,0.21380736133444064,0.605,1,82,59.0
RED,2017-01-20 09:55:23.291,2017-01-20 10:18:19.079,4.64,12,22.9298,0.20235675845406412,0.38666666666666666,1,94,53.0
RED,2017-01-20 10:23:44.075,2017-01-20 10:29:50.942,1.21,1,6.114450000000001,0.19789187907334263,1.21,1,95,52.5
RED,2017-01-20 10:49:16.683,2017-01-20 11:42:22.221,13.56,34,53.0923,0.25540426766216573,0.39882352941176474,1,129,35.5
GREEN,2017-01-20 11:43:42.039,2017-01-20 12:51:37.347,0.0,0,67.9218,0.0,0.0,1,129,35.5
RED,2017-01-20 12:52:38.556,2017-01-20 13:01:46.605,1.82,2,9.13415,0.19925225664128574,0.91,1,131,34.5
GREEN,2017-01-20 13:10:08.190,2017-01-20 13:22:57.612,0.0,0,12.8237,0.0,0.0,1,131,34.5
RED,2017-01-20 13:49:10.812,2017-01-20 13:57:12.839,1.61,2,8.033783333333334,0.2004037118252712,0.805,1,133,33.5
GREEN,2017-01-20 13:59:52.627,2017-01-20 14:39:44.877,0.0,0,39.87083333333333,0.0,0.0,1,133,33.5
RED,2017-01-20 14:52:55.107,2017-01-20 15:11:21.154,3.63,5,18.434116666666668,0.19691749084803808,0.726,1,138,31.0
GREEN,2017-01-20 15:11:53.869,2017-01-20 15:19:55.840,0.0,0,8.03285,0.0,0.0,1,138,31.0
RED,2017-01-20 15:24:49.092,2017-01-20 15:35:04.570,2.02,3,10.257966666666666,0.19692011737218879,0.6733333333333333,1,141,29.5
RED,2017-01-20 15:40:07.365,2017-01-20 15:55:58.045,3.23,6,15.844666666666665,0.2038540833929398,0.5383333333333333,1,147,26.5
GREEN,2017-01-20 15:57:42.314,2017-01-20 18:07:45.798,0.0,0,130.05806666666666,0.0,0.0,1,147,26.5
RED,2017-01-20 18:10:26.751,2017-01-20 18:20:22.872,2.02,2,9.93535,0.20331442777556907,1.01,1,149,25.5
RED,2017-01-20 18:23:29.685,2017-01-20 18:46:00.345,5.59,7,22.511000000000003,0.24832304206832212,0.7985714285714286,1,156,22.0
GREEN,2017-01-20 18:49:24.640,2017-01-20 18:54:49.431,0.0,0,5.4131833333333335,0.0,0.0,1,156,22.0
RED,2017-01-20 18:57:50.045,2017-01-20 19:03:11.710,1.21,0,5.361083333333334,0.22570065129871136,inf,1,156,22.0
GREEN,2017-01-20 19:07:18.418,2017-01-20 19:07:59.808,0.0,0,0.6898333333333333,0.0,0.0,1,156,22.0
RED,2017-01-20 19:14:21.592,2017-01-20 19:24:51.143,2.02,2,10.492516666666667,0.19251815976783454,1.01,1,158,21.0
RED,2017-01-20 19:25:44.075,2017-01-20 19:35:50.503,2.22,4,10.107133333333334,0.21964685007948184,0.555,1,4,98.0
GREEN,2017-01-21 04:37:20.618,2017-01-21 04:37:44.009,0.0,0,0.38985,0.0,0.0,1,4,98.0
RED,2017-01-21 05:03:18.609,2017-01-21 05:16:48.000,2.82,8,13.489849999999999,0.20904606055664074,0.3525,1,12,94.0
GREEN,2017-01-21 05:22:10.023,2017-01-21 05:22:49.307,0.0,0,0.6547333333333333,0.0,0.0,1,12,94.0
RED,2017-01-21 06:34:53.550,2017-01-21 06:45:53.310,2.14,3,10.996,0.19461622408148418,0.7133333333333334,1,15,92.5
GREEN,2017-01-21 06:50:47.787,2017-01-21 07:06:39.774,0.0,0,15.866449999999999,0.0,0.0,1,15,92.5
RED,2017-01-21 07:31:06.008,2017-01-21 07:52:15.386,4.24,10,21.156299999999998,0.20041311571494072,0.42400000000000004,1,25,87.5
GREEN,2017-01-21 08:18:44.099,2017-01-21 08:31:26.482,0.0,0,12.706383333333333,0.0,0.0,1,25,87.5
RED,2017-01-21 08:32:55.571,2017-01-21 08:39:45.519,1.41,4,6.832466666666666,0.2063676368710178,0.3525,1,29,85.5
RED,2017-01-21 08:40:22.511,2017-01-21 09:25:55.874,7.69,3,45.55605,0.16880304591816017,2.5633333333333335,1,32,84.0
GREEN,2017-01-21 09:29:31.425,2017-01-21 10:11:17.865,0.0,0,41.774,0.0,0.0,1,32,84.0
RED,2017-01-21 10:12:20.754,2017-01-21 10:42:53.173,7.87,14,30.54031666666667,0.2576921544690379,0.5621428571428572,1,46,77.0
GREEN,2017-01-21 10:43:10.017,2017-01-21 12:21:35.030,0.0,0,98.41688333333333,0.0,0.0,1,46,77.0
RED,2017-01-21 12:30:01.329,2017-01-21 13:00:05.515,5.88,13,30.069766666666666,0.19554524866061482,0.4523076923076923,1,59,70.5
GREEN,2017-01-21 13:00:26.000,2017-01-21 13:05:36.924,0.0,0,5.182066666666667,0.0,0.0,1,59,70.5
RED,2017-01-21 13:14:53.872,2017-01-21 13:31:47.577,4.86,6,16.895083333333336,0.28765765188097125,0.81,1,65,67.5
GREEN,2017-01-21 13:44:31.148,2017-01-21 13:53:49.390,0.0,0,9.304033333333333,0.0,0.0,1,65,67.5
RED,2017-01-21 13:54:03.959,2017-01-21 14:03:52.238,1.89,2,9.80465,0.19276567751016097,0.945,1,67,66.5
RED,2017-01-21 14:05:00.797,2017-01-21 14:21:28.173,4.43,6,16.456266666666668,0.26919836009787557,0.7383333333333333,1,73,63.5
GREEN,2017-01-21 14:26:52.741,2017-01-21 14:27:12.303,0.0,0,0.32603333333333334,0.0,0.0,1,73,63.5
RED,2017-01-21 14:51:15.073,2017-01-21 14:52:49.011,0.0,0,1.5656333333333334,0.0,0.0,1,73,63.5
GREEN,2017-01-21 14:55:06.294,2017-01-21 14:55:33.586,0.0,0,0.4548666666666667,0.0,0.0,1,73,63.5
RED,2017-01-21 15:00:23.762,2017-01-21 15:32:50.563,7.59,9,32.44668333333333,0.23392221392941548,0.8433333333333333,1,82,59.0
GREEN,2017-01-21 15:39:19.451,2017-01-21 15:51:16.811,0.0,0,11.956,0.0,0.0,1,82,59.0
RED,2017-01-21 16:04:29.464,2017-01-21 16:09:48.271,1.01,1,5.3134500000000005,0.19008365562864052,1.01,1,83,58.5
RED,2017-01-21 16:19:56.983,2017-01-21 17:12:33.054,10.78,8,52.60118333333333,0.20493835531583415,1.3475,1,91,54.5
GREEN,2017-01-21 17:19:10.055,2017-01-21 17:44:31.289,0.0,0,25.3539,0.0,0.0,1,91,54.5
RED,2017-01-21 17:48:32.002,2017-01-21 18:14:27.123,5.24,14,25.918683333333334,0.20217076356116342,0.3742857142857143,1,105,47.5
GREEN,2017-01-21 18:14:57.730,2017-01-21 18:15:02.461,0.0,0,0.07885,0.0,0.0,1,105,47.5
RED,2017-01-21 18:24:30.322,2017-01-21 18:45:52.227,5.73,8,21.365083333333335,0.2681946010039746,0.71625,1,113,43.50000000000001
GREEN,2017-01-21 18:45:53.573,2017-01-21 19:20:20.480,0.0,0,34.44845,0.0,0.0,1,113,43.50000000000001
RED,2017-01-21 19:25:06.341,2017-01-21 19:47:24.737,4.44,10,22.3066,0.19904422906225067,0.44400000000000006,1,123,38.5
GREEN,2017-01-21 19:49:21.413,2017-01-21 20:57:11.398,0.0,0,67.83308333333333,0.0,0.0,1,123,38.5
RED,2017-01-21 21:01:57.534,2017-01-21 21:14:38.588,2.62,6,12.684233333333333,0.20655564519731848,0.4366666666666667,1,129,35.5
GREEN,2017-01-21 21:16:44.693,2017-01-21 22:18:43.623,0.0,0,61.982166666666664,0.0,0.0,1,129,35.5
RED,2017-01-21 22:24:31.524,2017-01-21 22:36:15.569,2.42,4,11.734083333333333,0.20623681724889745,0.605,1,133,33.5
GREEN,2017-01-21 22:40:57.790,2017-01-22 10:02:46.917,0.0,0,681.8187833333334,0.0,0.0,1,133,33.5
RED,2017-01-22 10:06:44.659,2017-01-22 10:25:24.796,4.95,9,18.66895,0.26514613837414536,0.55,1,142,29.0
RED,2017-01-22 10:40:41.069,2017-01-22 11:16:59.875,6.98,16,36.313433333333336,0.19221536933531486,0.43625,1,158,21.0
RED,2017-01-22 11:18:07.674,2017-01-22 11:27:45.812,2.02,3,9.635633333333335,0.2096385292092891,0.6733333333333333,1,3,98.5
RED,2017-01-22 20:28:26.568,2017-01-22 20:36:12.088,1.61,2,7.758666666666667,0.20750988142292492,0.805,1,5,97.5
GREEN,2017-01-22 20:37:28.193,2017-01-22 22:39:52.113,0.0,0,122.39866666666667,0.0,0.0,1,5,97.5
RED,2017-01-22 22:40:57.464,2017-01-22 23:08:53.653,5.65,33,27.936483333333335,0.2022444962948689,0.17121212121212123,1,38,81.0
GREEN,2017-01-22 23:14:43.085,2017-01-23 04:14:39.347,0.0,0,299.9377,0.0,0.0,1,38,81.0
RED,2017-01-23 04:46:18.929,2017-01-23 04:55:43.622,2.86,4,9.41155,0.3038819323065807,0.715,1,42,79.0
GREEN,2017-01-23 04:58:25.115,2017-01-23 06:32:25.392,0.0,0,94.00461666666666,0.0,0.0,1,42,79.0
RED,2017-01-23 06:35:42.421,2017-01-23 06:38:24.197,0.61,1,2.696266666666667,0.22623874987637224,0.61,1,43,78.5
GREEN,2017-01-23 06:39:10.014,2017-01-23 06:46:36.103,0.0,0,7.434816666666666,0.0,0.0,1,43,78.5
RED,2017-01-23 06:57:45.415,2017-01-23 07:05:58.241,1.61,3,8.213766666666666,0.19601238571016952,0.5366666666666667,1,46,77.0
GREEN,2017-01-23 07:12:01.164,2017-01-23 09:56:26.120,0.0,0,164.41593333333333,0.0,0.0,1,46,77.0
RED,2017-01-23 09:58:42.587,2017-01-23 10:15:31.170,3.43,11,16.809716666666667,0.20404865043333073,0.3118181818181818,1,57,71.5
RED,2017-01-23 10:16:06.744,2017-01-23 10:21:03.127,1.01,1,4.9397166666666665,0.20446516838010279,1.01,1,58,71.0
RED,2017-01-23 10:48:15.920,2017-01-23 11:03:28.885,3.03,6,15.216083333333334,0.1991314015323698,0.505,1,64,68.0
GREEN,2017-01-23 11:18:10.027,2017-01-23 11:42:43.737,0.0,0,24.561833333333333,0.0,0.0,1,64,68.0
RED,2017-01-23 12:10:14.437,2017-01-23 12:21:28.938,2.22,3,11.241683333333333,0.19747932175044963,0.7400000000000001,1,67,66.5
RED,2017-01-23 12:29:14.643,2017-01-23 12:40:18.309,2.22,3,11.061100000000001,0.20070336584968945,0.7400000000000001,1,70,65.0
RED,2017-01-23 12:40:58.134,2017-01-23 13:22:58.638,7.83,9,42.0084,0.18639129316993744,0.87,1,79,60.5
RED,2017-01-23 13:25:51.745,2017-01-23 13:45:09.031,3.83,8,19.2881,0.19856802899196915,0.47875,1,87,56.5
RED,2017-01-23 13:46:56.042,2017-01-23 14:27:49.271,7.22,4,40.88715,0.17658359655784275,1.805,1,91,54.5
GREEN,2017-01-23 14:30:40.685,2017-01-23 15:39:03.230,0.0,0,68.37575,0.0,0.0,1,91,54.5
RED,2017-01-23 15:40:00.813,2017-01-23 15:56:40.343,3.35,4,16.658833333333334,0.20109451442177823,0.8375,1,95,52.5
GREEN,2017-01-23 15:58:43.359,2017-01-23 16:28:51.046,0.0,0,30.128116666666664,0.0,0.0,1,95,52.5
RED,2017-01-23 16:41:24.143,2017-01-23 16:54:06.969,2.62,4,12.713766666666666,0.2060758285637878,0.655,1,99,50.5
GREEN,2017-01-23 16:55:10.058,2017-01-23 18:12:53.060,0.0,0,77.7167,0.0,0.0,1,99,50.5
RED,2017-01-23 18:14:44.379,2017-01-23 18:25:18.414,2.22,3,10.56725,0.21008303957983396,0.7400000000000001,1,102,49.0
GREEN,2017-01-23 18:26:15.694,2017-01-24 00:38:51.751,0.0,0,372.60095,0.0,0.0,1,102,49.0
RED,2017-01-24 00:54:05.789,2017-01-24 01:03:22.995,1.82,4,9.286766666666667,0.1959777891838925,0.455,1,106,47.0
GREEN,2017-01-24 01:25:45.497,2017-01-24 08:06:08.825,0.0,0,400.3888,0.0,0.0,1,106,47.0
RED,2017-01-24 08:06:26.717,2017-01-24 08:33:12.810,5.45,8,26.768216666666667,0.20359966701803694,0.68125,1,114,43.00000000000001
RED,2017-01-24 08:34:07.255,2017-01-24 09:09:41.089,6.81,8,35.5639,0.1914863105564913,0.85125,1,122,39.0
RED,2017-01-24 09:15:05.913,2017-01-24 09:40:03.515,6.51,17,24.960033333333335,0.26081695937906063,0.38294117647058823,1,139,30.5
GREEN,2017-01-24 09:50:20.691,2017-01-24 10:26:50.427,0.0,0,36.495599999999996,0.0,0.0,1,139,30.5
RED,2017-01-24 10:59:23.614,2017-01-24 11:20:20.229,5.47,8,20.943583333333333,0.26117784683455153,0.68375,1,147,26.5
RED,2017-01-24 11:23:18.311,2017-01-24 11:31:46.582,1.82,3,8.471183333333334,0.21484601718374646,0.6066666666666667,1,150,25.0
GREEN,2017-01-24 11:39:40.943,2017-01-24 11:45:20.172,0.0,0,5.653816666666667,0.0,0.0,1,150,25.0
RED,2017-01-24 11:49:01.778,2017-01-24 12:05:39.925,3.14,3,16.635783333333332,0.18874975329285168,1.0466666666666666,1,153,23.5
RED,2017-01-24 12:07:06.870,2017-01-24 12:27:58.666,5.75,6,20.863266666666668,0.2756040121553352,0.9583333333333334,1,159,20.5
RED,2017-01-24 12:31:08.897,2017-01-24 12:44:09.804,2.62,5,13.015116666666668,0.20130438067529166,0.524,1,5,97.5
RED,2017-01-24 21:55:10.140,2017-01-24 22:03:19.389,1.61,4,8.15415,0.19744547255078704,0.4025,1,9,95.5
RED,2017-01-24 22:06:33.141,2017-01-24 22:16:48.493,2.02,4,10.255866666666666,0.1969604389032619,0.505,1,13,93.5
RED,2017-01-24 22:17:05.388,2017-01-24 22:38:05.739,4.15,8,21.005850000000002,0.19756401193000997,0.51875,1,21,89.5
RED,2017-01-24 22:38:59.120,2017-01-24 23:10:30.600,6.17,10,31.52466666666667,0.19571975384355106,0.617,1,31,84.5
GREEN,2017-01-24 23:16:45.942,2017-01-25 01:32:52.419,0.0,0,136.10795,0.0,0.0,1,31,84.5
RED,2017-01-25 02:38:37.769,2017-01-25 02:45:25.782,1.82,3,6.800216666666667,0.2676385311252338,0.6066666666666667,1,34,83.0
GREEN,2017-01-25 04:00:10.023,2017-01-25 04:41:49.764,0.0,0,41.662349999999996,0.0,0.0,1,34,83.0
RED,2017-01-25 07:02:16.759,2017-01-25 07:15:02.089,2.62,5,12.755500000000001,0.20540159147034612,0.524,1,39,80.5
RED,2017-01-25 07:42:27.647,2017-01-25 08:00:05.056,3.63,5,17.623483333333336,0.20597517138590646,0.726,1,44,78.0
GREEN,2017-01-25 08:00:19.949,2017-01-25 08:48:11.184,0.0,0,47.85391666666667,0.0,0.0,1,44,78.0
RED,2017-01-25 08:48:51.002,2017-01-25 08:58:58.617,2.02,2,10.126916666666666,0.1994684133867663,1.01,1,46,77.0
GREEN,2017-01-25 09:08:15.615,2017-01-25 14:55:57.301,0.0,0,347.6947666666667,0.0,0.0,1,46,77.0
RED,2017-01-25 15:06:12.621,2017-01-25 15:21:40.500,3.23,4,15.46465,0.208863440168384,0.8075,1,50,75.0
GREEN,2017-01-25 15:25:10.013,2017-01-25 15:25:54.116,0.0,0,0.73505,0.0,0.0,1,50,75.0
RED,2017-01-25 15:36:20.751,2017-01-25 17:53:50.569,24.18,14,137.49696666666665,0.1758584249979818,1.727142857142857,1,64,68.0
RED,2017-01-25 18:03:47.933,2017-01-25 18:18:58.256,3.03,5,15.17205,0.1997093339397115,0.606,1,69,65.5
GREEN,2017-01-25 18:20:35.264,2017-01-25 18:50:05.026,0.0,0,29.496033333333333,0.0,0.0,1,69,65.5
RED,2017-01-25 18:51:03.069,2017-01-25 19:12:58.435,4.44,6,21.922766666666668,0.2025291819919323,0.7400000000000001,1,75,62.5
RED,2017-01-25 19:16:04.885,2017-01-25 19:24:45.440,1.82,2,8.675916666666666,0.20977610435016475,0.91,1,77,61.5
RED,2017-01-25 19:25:58.503,2017-01-25 19:49:18.302,4.64,12,23.329983333333335,0.19888569716080665,0.38666666666666666,1,89,55.5
GREEN,2017-01-25 19:50:01.416,2017-01-25 19:58:54.006,0.0,0,8.8765,0.0,0.0,1,89,55.5
RED,2017-01-25 19:59:13.073,2017-01-25 20:28:12.155,7.55,21,28.9847,0.2604822544307859,0.3595238095238095,1,110,44.99999999999999
GREEN,2017-01-25 20:33:07.803,2017-01-26 07:58:29.836,0.0,0,685.3672166666668,0.0,0.0,1,110,44.99999999999999
RED,2017-01-26 08:01:19.545,2017-01-26 09:03:10.153,14.6,16,61.84346666666667,0.2360799092763234,0.9125,1,126,37.0
GREEN,2017-01-26 09:16:00.548,2017-01-26 11:06:46.996,0.0,0,110.77413333333334,0.0,0.0,1,126,37.0
RED,2017-01-26 11:24:22.167,2017-01-26 11:33:58.656,2.61,3,9.60815,0.27164438523545115,0.87,1,129,35.5
GREEN,2017-01-26 11:50:50.509,2017-01-26 16:40:29.090,0.0,0,289.64301666666665,0.0,0.0,1,129,35.5
RED,2017-01-26 16:50:05.500,2017-01-26 16:58:47.223,2.57,2,8.695383333333332,0.2955591377033407,1.285,1,131,34.5
GREEN,2017-01-26 17:01:53.563,2017-01-26 17:09:32.720,0.0,0,7.652616666666666,0.0,0.0,1,131,34.5
RED,2017-01-26 17:12:05.324,2017-01-26 17:39:57.131,5.56,6,27.86345,0.19954456465369505,0.9266666666666666,1,137,31.5
GREEN,2017-01-26 17:41:22.766,2017-01-26 17:47:48.829,0.0,0,6.434383333333333,0.0,0.0,1,137,31.5
RED,2017-01-26 17:53:10.167,2017-01-26 18:05:19.453,2.21,2,12.154766666666665,0.18182167215605402,1.105,1,139,30.5
RED,2017-01-26 18:15:46.533,2017-01-26 18:30:13.699,2.74,3,14.452766666666667,0.18958307867236493,0.9133333333333334,1,142,29.0
GREEN,2017-01-26 18:36:10.075,2017-01-26 18:36:29.018,0.0,0,0.3157166666666667,0.0,0.0,1,142,29.0
RED,2017-01-26 18:38:04.831,2017-01-26 18:55:56.008,3.55,2,17.85295,0.19884668920262477,1.775,1,144,28.0
GREEN,2017-01-26 19:02:00.909,2017-01-26 19:02:21.187,0.0,0,0.33796666666666664,0.0,0.0,1,144,28.0
RED,2017-01-26 19:14:13.329,2017-01-26 19:16:06.696,0.4,1,1.88945,0.211701817989362,0.4,1,145,27.5
RED,2017-01-26 19:24:40.005,2017-01-26 19:37:15.646,2.62,7,12.594016666666667,0.20803529718477426,0.3742857142857143,1,152,24.0
GREEN,2017-01-26 19:40:27.524,2017-01-26 19:41:10.687,0.0,0,0.7193833333333333,0.0,0.0,1,152,24.0
RED,2017-01-26 19:41:25.757,2017-01-26 19:48:33.122,1.41,4,7.12275,0.19795724965778666,0.3525,1,156,22.0
GREEN,2017-01-26 19:49:07.778,2017-01-26 21:32:24.574,0.0,0,103.27993333333333,0.0,0.0,1,156,22.0
RED,2017-01-26 22:08:55.192,2017-01-26 22:15:54.652,1.41,2,6.991,0.20168788442282934,0.705,1,158,21.0
GREEN,2017-01-26 22:16:33.491,2017-01-27 01:06:17.170,0.0,0,169.72798333333333,0.0,0.0,1,158,21.0
RED,2017-01-27 01:32:51.579,2017-01-27 01:44:07.898,2.09,3,11.271983333333333,0.18541546223010147,0.6966666666666667,1,3,98.5
GREEN,2017-01-27 10:49:59.154,2017-01-27 10:54:46.837,0.0,0,4.794716666666667,0.0,0.0,1,3,98.5
RED,2017-01-27 11:08:16.829,2017-01-27 11:33:02.228,7.14,8,24.756649999999997,0.2884073572151321,0.8925,1,11,94.5
GREEN,2017-01-27 11:45:43.105,2017-01-27 11:45:51.241,0.0,0,0.1356,0.0,0.0,1,11,94.5
RED,2017-01-27 11:46:22.483,2017-01-27 12:04:42.627,3.63,7,18.335733333333334,0.1979740833927195,0.5185714285714286,1,18,91.0
GREEN,2017-01-27 12:08:24.939,2017-01-27 14:14:34.122,0.0,0,126.15305,0.0,0.0,1,18,91.0
RED,2017-01-27 14:50:06.419,2017-01-27 15:00:41.123,2.22,3,10.578399999999998,0.20986160477955082,0.7400000000000001,1,21,89.5
RED,2017-01-27 15:04:40.918,2017-01-27 15:12:35.412,2.08,1,7.9082333333333334,0.26301702445131026,2.08,1,22,89.0
GREEN,2017-01-27 15:17:07.595,2017-01-27 16:12:19.504,0.0,0,55.198483333333336,0.0,0.0,1,22,89.0
RED,2017-01-27 16:13:16.715,2017-01-27 16:34:11.476,4.24,9,20.912683333333334,0.2027477742773325,0.47111111111111115,1,31,84.5
GREEN,2017-01-27 16:34:34.517,2017-01-27 16:34:43.212,0.0,0,0.14491666666666667,0.0,0.0,1,31,84.5
RED,2017-01-27 16:40:34.365,2017-01-27 17:05:40.510,4.79,7,25.102416666666667,0.1908182811083926,0.6842857142857143,1,38,81.0
GREEN,2017-01-27 17:10:34.057,2017-01-27 17:12:41.166,0.0,0,2.1184833333333333,0.0,0.0,1,38,81.0
RED,2017-01-27 17:17:49.869,2017-01-27 17:18:09.028,0.0,0,0.31931666666666664,0.0,0.0,1,38,81.0
GREEN,2017-01-27 17:18:12.566,2017-01-27 17:19:18.890,0.0,0,1.1054,0.0,0.0,1,38,81.0
RED,2017-01-27 17:32:12.280,2017-01-27 17:46:44.016,2.82,5,14.528933333333333,0.19409546009342277,0.564,1,43,78.5
RED,2017-01-27 17:52:45.319,2017-01-27 17:53:02.783,0.0,0,0.29106666666666664,0.0,0.0,1,43,78.5
GREEN,2017-01-27 17:59:52.515,2017-01-27 18:00:32.464,0.0,0,0.6658166666666666,0.0,0.0,1,43,78.5
RED,2017-01-27 18:09:01.803,2017-01-27 18:20:43.006,3.43,4,11.686716666666666,0.293495606835681,0.8575,1,47,76.5
GREEN,2017-01-27 18:21:10.083,2017-01-27 18:23:31.396,0.0,0,2.3552166666666663,0.0,0.0,1,47,76.5
RED,2017-01-27 18:31:41.041,2017-01-27 19:30:45.306,13.65,20,59.071083333333334,0.23107752947367086,0.6825,1,67,66.5
GREEN,2017-01-27 19:31:57.860,2017-01-27 19:32:17.317,0.0,0,0.32428333333333337,0.0,0.0,1,67,66.5
RED,2017-01-27 19:37:02.940,2017-01-27 19:46:19.280,1.82,3,9.272333333333334,0.19628284861775172,0.6066666666666667,1,70,65.0
RED,2017-01-27 19:50:59.120,2017-01-27 19:58:35.427,1.61,2,7.6051166666666665,0.21169957944980025,0.805,1,72,64.0
GREEN,2017-01-27 19:59:01.507,2017-01-28 00:27:35.989,0.0,0,268.5747,0.0,0.0,1,72,64.0
RED,2017-01-28 00:52:30.648,2017-01-28 01:03:27.041,2.22,3,10.939883333333334,0.20292720976610049,0.7400000000000001,1,75,62.5
GREEN,2017-01-28 01:05:06.190,2017-01-28 01:44:30.262,0.0,0,39.4012,0.0,0.0,1,75,62.5
RED,2017-01-28 02:51:14.391,2017-01-28 02:59:57.206,0.0,0,8.713583333333334,0.0,0.0,1,75,62.5
GREEN,2017-01-28 03:06:25.832,2017-01-28 08:32:51.344,0.0,0,326.42519999999996,0.0,0.0,1,75,62.5
RED,2017-01-28 08:34:04.468,2017-01-28 08:39:20.862,1.01,2,5.273233333333334,0.19153334134022768,0.505,1,77,61.5
RED,2017-01-28 08:43:30.169,2017-01-28 09:00:46.855,3.43,8,17.2781,0.19851719807154725,0.42875,1,85,57.5
RED,2017-01-28 09:01:25.760,2017-01-28 09:21:48.041,4.24,11,20.37135,0.20813544512268456,0.3854545454545455,1,96,52.0
RED,2017-01-28 09:26:44.509,2017-01-28 09:55:12.923,5.85,15,28.473566666666667,0.20545371321002986,0.38999999999999996,1,111,44.49999999999999
RED,2017-01-28 09:55:26.201,2017-01-28 10:00:17.714,1.01,1,4.858549999999999,0.20788095213592536,1.01,1,112,43.99999999999999
GREEN,2017-01-28 10:03:10.670,2017-01-28 10:15:11.018,0.0,0,12.005799999999999,0.0,0.0,1,112,43.99999999999999
RED,2017-01-28 10:29:42.726,2017-01-28 10:40:48.858,2.22,5,11.1022,0.1999603682153087,0.44400000000000006,1,117,41.5
GREEN,2017-01-28 10:50:51.837,2017-01-28 10:51:37.177,0.0,0,0.7556666666666667,0.0,0.0,1,117,41.5
RED,2017-01-28 11:01:55.658,2017-01-28 11:18:00.899,3.1,5,16.08735,0.1926979894140427,0.62,1,122,39.0
RED,2017-01-28 11:22:08.288,2017-01-28 11:50:44.413,5.85,11,28.602083333333333,0.20453055575788476,0.5318181818181817,1,133,33.5
RED,2017-01-28 11:51:56.328,2017-01-28 12:10:47.890,3.83,8,18.859366666666666,0.2030821112762712,0.47875,1,141,29.5
GREEN,2017-01-28 12:13:10.021,2017-01-28 12:34:12.226,0.0,0,21.036749999999998,0.0,0.0,1,141,29.5
RED,2017-01-28 12:47:10.773,2017-01-28 14:03:48.941,15.66,8,76.63613333333333,0.20434225108782456,1.9575,1,149,25.5
RED,2017-01-28 14:07:18.568,2017-01-28 14:19:30.771,2.42,2,12.203383333333333,0.19830566113495848,1.21,1,151,24.5
GREEN,2017-01-28 14:22:14.143,2017-01-28 15:28:01.818,0.0,0,65.79458333333334,0.0,0.0,1,151,24.5
RED,2017-01-28 16:00:16.067,2017-01-28 16:10:08.753,1.85,1,9.8781,0.1872829795203531,1.85,1,152,24.0
RED,2017-01-28 16:15:50.018,2017-01-28 16:29:01.384,2.62,5,13.189433333333334,0.1986438639011532,0.524,1,157,21.5
RED,2017-01-28 16:29:57.086,2017-01-28 17:34:44.507,12.02,16,64.79035,0.18552145496976014,0.75125,1,16,92.0
RED,2017-01-29 02:35:10.891,2017-01-29 02:49:30.455,3.03,6,14.326066666666666,0.21150257572443704,0.505,1,22,89.0
RED,2017-01-29 03:08:26.930,2017-01-29 03:21:17.962,2.62,5,12.850533333333335,0.20388258853069652,0.524,1,27,86.5
RED,2017-01-29 03:30:52.212,2017-01-29 03:56:39.732,7.43,15,25.791999999999998,0.2880738213399504,0.4953333333333333,1,42,79.0
RED,2017-01-29 04:58:36.977,2017-01-29 05:19:54.477,4.44,11,21.291666666666668,0.20853228962818005,0.4036363636363637,1,53,73.5
GREEN,2017-01-29 05:49:14.556,2017-01-29 17:12:09.313,0.0,0,682.9126166666666,0.0,0.0,1,53,73.5
RED,2017-01-29 17:16:23.956,2017-01-29 17:20:50.136,1.01,1,4.436333333333334,0.227665489518371,1.01,1,54,73.0
RED,2017-01-29 17:28:59.436,2017-01-29 17:39:53.213,2.87,4,10.896283333333335,0.26339256351936513,0.7175,1,58,71.0
RED,2017-01-29 17:45:05.660,2017-01-29 17:59:59.955,3.03,7,14.904916666666667,0.20328862399991052,0.43285714285714283,1,65,67.5
RED,2017-01-29 18:01:19.909,2017-01-29 18:07:08.913,1.21,2,5.8167333333333335,0.20802053844655075,0.605,1,67,66.5
RED,2017-01-29 18:12:19.188,2017-01-29 19:05:29.948,10.68,8,53.17933333333334,0.20082989632564024,1.335,1,75,62.5
RED,2017-01-29 19:08:06.154,2017-01-29 19:32:10.207,4.84,12,24.06755,0.20110065212287914,0.4033333333333333,1,87,56.5
GREEN,2017-01-29 19:32:16.166,2017-01-29 22:27:48.175,0.0,0,175.53348333333332,0.0,0.0,1,87,56.5
RED,2017-01-29 22:50:30.837,2017-01-29 22:57:34.916,1.41,2,7.067983333333333,0.1994911325484167,0.705,1,89,55.5
RED,2017-01-29 23:03:31.843,2017-01-29 23:11:05.107,1.61,3,7.5544,0.21312083024462566,0.5366666666666667,1,92,54.0
GREEN,2017-01-29 23:13:16.042,2017-01-30 02:39:42.686,0.0,0,206.44406666666666,0.0,0.0,1,92,54.0
RED,2017-01-30 02:50:23.752,2017-01-30 03:03:01.113,2.42,5,12.622683333333333,0.19171834831738102,0.484,1,97,51.5
GREEN,2017-01-30 03:21:25.354,2017-01-30 06:04:56.005,0.0,0,163.51085,0.0,0.0,1,97,51.5
RED,2017-01-30 06:08:43.136,2017-01-30 06:19:12.672,2.02,4,10.492266666666666,0.1925227469120114,0.505,1,101,49.5
GREEN,2017-01-30 06:28:25.460,2017-01-30 07:35:00.946,0.0,0,66.59143333333333,0.0,0.0,1,101,49.5
RED,2017-01-30 07:38:51.747,2017-01-30 07:48:35.598,2.02,2,9.73085,0.2075872097504329,1.01,1,103,48.5
GREEN,2017-01-30 08:01:42.996,2017-01-30 08:11:57.011,0.0,0,10.233583333333334,0.0,0.0,1,103,48.5
RED,2017-01-30 08:14:54.195,2017-01-30 08:21:01.439,1.21,1,6.120733333333334,0.19768873010859264,1.21,1,104,48.0
RED,2017-01-30 08:21:09.652,2017-01-30 08:36:10.841,3.03,5,15.019816666666665,0.20173348764798504,0.606,1,109,45.49999999999999
RED,2017-01-30 08:47:28.680,2017-01-30 09:04:23.199,3.43,5,16.90865,0.20285475185777693,0.686,1,114,43.00000000000001
GREEN,2017-01-30 09:04:58.564,2017-01-30 09:52:47.148,0.0,0,47.809733333333334,0.0,0.0,1,114,43.00000000000001
RED,2017-01-30 10:08:50.185,2017-01-30 10:17:30.857,1.82,2,8.677866666666667,0.20972896564439802,0.91,1,116,42.00000000000001
RED,2017-01-30 10:30:51.088,2017-01-30 10:41:06.541,2.22,2,10.25755,0.21642594966634335,1.11,1,118,41.0
GREEN,2017-01-30 10:54:27.372,2017-01-30 11:41:10.867,0.0,0,46.724916666666665,0.0,0.0,1,118,41.0
RED,2017-01-30 11:55:51.704,2017-01-30 11:57:03.885,0.0,0,1.2030166666666666,0.0,0.0,1,118,41.0
RED,2017-01-30 11:59:06.319,2017-01-30 12:29:00.938,5.68,5,29.910316666666667,0.18990103191819543,1.136,1,123,38.5
RED,2017-01-30 12:51:52.675,2017-01-30 13:05:26.276,2.82,4,13.560016666666666,0.20796434615984985,0.705,1,127,36.5
RED,2017-01-30 13:15:45.497,2017-01-30 13:34:12.429,5.14,5,18.448866666666667,0.27860790003360636,1.028,1,132,34.0
GREEN,2017-01-30 13:42:24.540,2017-01-30 13:50:15.583,0.0,0,7.850716666666667,0.0,0.0,1,132,34.0
RED,2017-01-30 13:52:08.224,2017-01-30 19:49:17.320,59.4,7,357.15160000000003,0.1663159285860682,8.485714285714286,1,139,30.5
RED,2017-01-30 19:56:10.203,2017-01-30 20:22:30.649,5.24,9,26.340766666666664,0.19893118777863975,0.5822222222222222,1,148,26.0
GREEN,2017-01-30 20:23:09.179,2017-01-31 04:55:30.665,0.0,0,512.3581,0.0,0.0,1,148,26.0
RED,2017-01-31 05:27:01.965,2017-01-31 05:35:36.502,1.82,6,8.575616666666667,0.21222963557528418,0.30333333333333334,1,154,23.0
GREEN,2017-01-31 05:41:27.556,2017-01-31 14:57:32.991,0.0,0,556.0905833333333,0.0,0.0,1,154,23.0
RED,2017-01-31 15:01:30.156,2017-01-31 15:19:38.088,4.69,6,18.1322,0.2586558718743451,0.7816666666666667,1,6,97.0
GREEN,2017-02-01 00:28:57.255,2017-02-01 05:58:33.789,0.0,0,329.6089,0.0,0.0,1,6,97.0
RED,2017-02-01 06:13:36.602,2017-02-01 06:24:20.432,2.22,6,10.730500000000001,0.20688691114113975,0.37000000000000005,1,12,94.0
GREEN,2017-02-01 06:24:20.432,2017-02-01 06:39:48.827,0.0,0,15.47325,0.0,0.0,1,12,94.0
RED,2017-02-01 06:55:05.822,2017-02-01 07:14:56.062,4.03,10,19.837333333333333,0.20315230541739482,0.403,1,22,89.0
GREEN,2017-02-01 07:22:33.830,2017-02-01 07:37:18.169,0.0,0,14.738983333333334,0.0,0.0,1,22,89.0
RED,2017-02-01 07:47:29.998,2017-02-01 08:00:38.523,2.74,6,13.142083333333334,0.20849053612757998,0.4566666666666667,1,28,86.0
RED,2017-02-01 08:01:42.896,2017-02-01 08:29:46.028,7.25,7,28.052200000000003,0.2584467528393495,1.0357142857142858,1,35,82.5
RED,2017-02-01 08:30:44.584,2017-02-01 08:45:34.732,3.03,4,14.8358,0.20423570013076475,0.7575,1,39,80.5
RED,2017-02-01 08:49:06.332,2017-02-01 08:58:37.434,2.57,3,9.518366666666667,0.27000430746171433,0.8566666666666666,1,42,79.0
GREEN,2017-02-01 09:01:10.354,2017-02-01 09:05:30.602,0.0,0,4.337466666666667,0.0,0.0,1,42,79.0
RED,2017-02-01 09:13:39.240,2017-02-01 09:23:31.793,2.02,4,9.875883333333332,0.20453866573960475,0.505,1,46,77.0
GREEN,2017-02-01 09:27:14.974,2017-02-01 09:42:17.970,0.0,0,15.049933333333334,0.0,0.0,1,46,77.0
RED,2017-02-01 09:51:20.991,2017-02-01 10:08:00.642,3.43,7,16.66085,0.20587184927539712,0.49000000000000005,1,53,73.5
GREEN,2017-02-01 10:09:11.147,2017-02-01 10:35:54.292,0.0,0,26.719083333333334,0.0,0.0,1,53,73.5
RED,2017-02-01 11:04:02.844,2017-02-01 11:11:16.867,1.41,5,7.233716666666667,0.19492054568536687,0.282,1,58,71.0
GREEN,2017-02-01 11:25:10.794,2017-02-01 11:43:12.724,0.0,0,18.03216666666667,0.0,0.0,1,58,71.0
RED,2017-02-01 11:43:54.406,2017-02-01 11:53:12.375,2.34,3,9.299483333333335,0.2516268824970562,0.7799999999999999,1,61,69.5
GREEN,2017-02-01 12:05:44.599,2017-02-01 12:13:41.404,0.0,0,7.94675,0.0,0.0,1,61,69.5
RED,2017-02-01 12:21:15.145,2017-02-01 12:32:24.423,2.22,2,11.154633333333333,0.19902043694847285,1.11,1,63,68.5
GREEN,2017-02-01 12:46:55.707,2017-02-01 13:58:43.915,0.0,0,71.80346666666667,0.0,0.0,1,63,68.5
RED,2017-02-01 14:03:26.469,2017-02-01 14:12:50.926,2.86,3,9.407616666666666,0.30400898562689455,0.9533333333333333,1,66,67.0
RED,2017-02-01 14:18:56.349,2017-02-01 14:32:43.563,2.82,6,13.786900000000001,0.20454199276124435,0.47,1,72,64.0
GREEN,2017-02-01 14:34:19.495,2017-02-01 14:41:21.599,0.0,0,7.035066666666666,0.0,0.0,1,72,64.0
RED,2017-02-01 14:42:35.250,2017-02-01 14:54:01.300,2.42,3,11.434166666666666,0.21164638145907733,0.8066666666666666,1,75,62.5
RED,2017-02-01 14:56:12.999,2017-02-01 15:05:54.000,2.02,2,9.683349999999999,0.20860549293374714,1.01,1,77,61.5
GREEN,2017-02-01 15:06:40.932,2017-02-01 16:26:57.078,0.0,0,80.2691,0.0,0.0,1,77,61.5
RED,2017-02-01 16:30:19.283,2017-02-01 16:42:01.360,3.13,3,11.701283333333333,0.2674920272277827,1.0433333333333332,1,80,60.0
GREEN,2017-02-01 16:47:22.324,2017-02-01 16:47:27.694,0.0,0,0.0895,0.0,0.0,1,80,60.0
RED,2017-02-01 16:49:19.596,2017-02-01 17:07:12.390,3.63,8,17.879900000000003,0.20302126969390205,0.45375,1,88,56.0
GREEN,2017-02-01 17:08:10.021,2017-02-01 17:55:22.156,0.0,0,47.20225000000001,0.0,0.0,1,88,56.0
RED,2017-02-01 17:57:49.023,2017-02-01 18:20:23.044,4.31,5,22.567016666666667,0.19098669813835972,0.8619999999999999,1,93,53.5
RED,2017-02-01 18:21:14.252,2017-02-01 18:46:48.480,6.77,8,25.57046666666667,0.26475856261259734,0.84625,1,101,49.5
RED,2017-02-01 18:48:36.472,2017-02-01 19:21:53.306,6.77,11,33.280566666666665,0.2034220170529949,0.6154545454545454,1,112,43.99999999999999
GREEN,2017-02-01 19:24:30.646,2017-02-01 20:16:50.440,0.0,0,52.329899999999995,0.0,0.0,1,112,43.99999999999999
RED,2017-02-01 20:21:40.546,2017-02-01 20:22:04.875,0.0,0,0.40548333333333336,0.0,0.0,1,112,43.99999999999999
GREEN,2017-02-01 20:23:28.736,2017-02-01 20:25:25.925,0.0,0,1.95315,0.0,0.0,1,112,43.99999999999999
RED,2017-02-01 20:40:32.689,2017-02-01 20:46:48.391,1.41,2,6.2617,0.22517846591181306,0.705,1,114,43.00000000000001
RED,2017-02-01 20:48:57.517,2017-02-01 20:49:23.887,0.0,0,0.4395,0.0,0.0,1,114,43.00000000000001
GREEN,2017-02-01 21:00:18.889,2017-02-01 21:00:27.507,0.0,0,0.14363333333333334,0.0,0.0,1,114,43.00000000000001
RED,2017-02-01 21:04:07.288,2017-02-01 21:12:00.157,1.61,2,7.881150000000001,0.20428490765941518,0.805,1,116,42.00000000000001
RED,2017-02-01 21:12:03.667,2017-02-01 21:12:40.711,0.0,0,0.6174,0.0,0.0,1,116,42.00000000000001
GREEN,2017-02-01 21:16:00.747,2017-02-02 01:54:11.604,0.0,0,278.18095,0.0,0.0,1,116,42.00000000000001
RED,2017-02-02 02:32:31.126,2017-02-02 02:41:38.155,1.82,5,9.11715,0.19962378594187877,0.364,1,121,39.5
GREEN,2017-02-02 02:51:17.059,2017-02-02 03:16:06.070,0.0,0,24.81685,0.0,0.0,1,121,39.5
RED,2017-02-02 04:51:53.143,2017-02-02 05:10:49.011,3.83,10,18.93113333333333,0.20231224050681948,0.383,1,131,34.5
GREEN,2017-02-02 05:30:09.841,2017-02-02 11:41:43.252,0.0,0,371.55685,0.0,0.0,1,131,34.5
RED,2017-02-02 12:08:21.036,2017-02-02 12:14:27.513,1.21,1,6.10795,0.19810247300649153,1.21,1,132,34.0
RED,2017-02-02 12:17:40.444,2017-02-02 12:25:14.778,2.08,2,7.572233333333333,0.2746877847574692,1.04,1,134,33.0
GREEN,2017-02-02 12:32:10.039,2017-02-02 13:10:31.441,0.0,0,38.356700000000004,0.0,0.0,1,134,33.0
RED,2017-02-02 13:16:33.421,2017-02-02 13:45:59.927,6.05,10,29.44176666666667,0.20549038610681195,0.605,1,144,28.0
GREEN,2017-02-02 13:46:10.435,2017-02-02 13:59:49.502,0.0,0,13.651116666666667,0.0,0.0,1,144,28.0
RED,2017-02-02 14:02:27.407,2017-02-02 14:06:36.422,0.81,1,4.15025,0.19516896572495634,0.81,1,145,27.5
GREEN,2017-02-02 14:09:58.520,2017-02-02 14:10:13.514,0.0,0,0.24989999999999998,0.0,0.0,1,145,27.5
RED,2017-02-02 14:18:02.218,2017-02-02 14:28:08.745,2.02,3,10.108783333333333,0.19982622372952893,0.6733333333333333,1,148,26.0
GREEN,2017-02-02 14:32:21.703,2017-02-02 14:44:09.463,0.0,0,11.796,0.0,0.0,1,148,26.0
RED,2017-02-02 14:57:55.951,2017-02-02 15:20:29.811,4.64,6,22.56433333333333,0.20563426055869885,0.7733333333333333,1,154,23.0
GREEN,2017-02-02 15:23:10.996,2017-02-02 15:27:51.707,0.0,0,4.678516666666667,0.0,0.0,1,154,23.0
RED,2017-02-02 15:47:06.041,2017-02-02 16:10:08.805,4.64,9,23.046066666666665,0.20133587510233128,0.5155555555555555,1,9,95.5
GREEN,2017-02-03 01:44:57.596,2017-02-03 04:41:34.194,0.0,0,176.60996666666668,0.0,0.0,1,9,95.5
RED,2017-02-03 06:06:18.895,2017-02-03 06:19:12.058,2.62,9,12.886050000000001,0.20332064519383364,0.2911111111111111,1,18,91.0
GREEN,2017-02-03 06:23:18.089,2017-02-03 07:24:39.675,0.0,0,61.359766666666665,0.0,0.0,1,18,91.0
RED,2017-02-03 07:28:17.007,2017-02-03 07:31:37.230,0.61,1,3.33705,0.18279618225678368,0.61,1,19,90.5
RED,2017-02-03 07:34:42.633,2017-02-03 07:46:26.311,3.43,3,11.727966666666667,0.29246331418631816,1.1433333333333333,1,22,89.0
GREEN,2017-02-03 07:51:10.062,2017-02-03 08:00:40.329,0.0,0,9.50445,0.0,0.0,1,22,89.0
RED,2017-02-03 08:09:55.215,2017-02-03 08:21:53.248,2.42,5,11.967216666666667,0.20221911806281884,0.484,1,27,86.5
RED,2017-02-03 08:34:10.290,2017-02-03 09:16:45.808,9.48,7,42.591966666666664,0.2225771839603556,1.3542857142857143,1,34,83.0
GREEN,2017-02-03 09:17:10.022,2017-02-03 09:18:02.855,0.0,0,0.8805499999999999,0.0,0.0,1,34,83.0
RED,2017-02-03 09:19:06.649,2017-02-03 10:29:28.137,13.44,33,70.35813333333334,0.19102269152488408,0.40727272727272723,1,67,66.5
GREEN,2017-02-03 10:47:44.476,2017-02-03 13:01:52.606,0.0,0,134.1355,0.0,0.0,1,67,66.5
RED,2017-02-03 13:07:07.546,2017-02-03 13:24:16.917,3.43,3,17.156183333333335,0.19992791714551897,1.1433333333333333,1,70,65.0
RED,2017-02-03 13:32:22.724,2017-02-03 13:46:15.691,2.82,5,13.882783333333332,0.20312929563836263,0.564,1,75,62.5
GREEN,2017-02-03 13:56:16.724,2017-02-03 17:25:14.504,0.0,0,208.96300000000002,0.0,0.0,1,75,62.5
RED,2017-02-03 17:31:26.438,2017-02-03 17:42:52.421,3.43,4,11.43305,0.3000074345865714,0.8575,1,79,60.5
RED,2017-02-03 17:45:18.069,2017-02-03 18:18:14.148,6.77,9,32.93465,0.20555858343720063,0.7522222222222221,1,88,56.0
RED,2017-02-03 18:20:50.046,2017-02-03 18:46:19.230,5.24,8,25.4864,0.20559984933140812,0.655,1,96,52.0
GREEN,2017-02-03 18:50:10.066,2017-02-03 18:51:07.475,0.0,0,0.9568166666666666,0.0,0.0,1,96,52.0
RED,2017-02-03 19:00:32.937,2017-02-03 19:31:26.111,6.25,11,30.886233333333333,0.20235552624847963,0.5681818181818182,1,107,46.5
GREEN,2017-02-03 19:39:08.433,2017-02-03 22:36:05.884,0.0,0,176.95751666666666,0.0,0.0,1,107,46.5
RED,2017-02-03 22:39:34.228,2017-02-03 23:19:09.596,7.98,18,39.58946666666667,0.20156876744992777,0.44333333333333336,1,125,37.5
GREEN,2017-02-03 23:19:20.146,2017-02-03 23:19:36.675,0.0,0,0.27548333333333336,0.0,0.0,1,125,37.5
RED,2017-02-03 23:22:46.674,2017-02-03 23:51:06.737,7.29,6,28.334383333333335,0.2572845829831012,1.215,1,131,34.5
RED,2017-02-03 23:51:39.912,2017-02-04 00:08:44.771,3.43,6,17.080983333333332,0.2008081111645602,0.5716666666666667,1,137,31.5
GREEN,2017-02-04 00:13:06.872,2017-02-04 05:24:05.124,0.0,0,310.97086666666667,0.0,0.0,1,137,31.5
RED,2017-02-04 05:26:56.106,2017-02-04 05:35:15.965,1.82,4,8.330983333333332,0.2184616061729408,0.455,1,141,29.5
GREEN,2017-02-04 05:49:15.288,2017-02-04 11:19:41.170,0.0,0,330.4313666666667,0.0,0.0,1,141,29.5
RED,2017-02-04 11:33:37.041,2017-02-04 11:48:17.348,3.51,2,14.671783333333334,0.23923472152328673,1.755,1,143,28.5
RED,2017-02-04 11:57:04.404,2017-02-04 12:08:03.834,3.14,4,10.990499999999999,0.28570128747554707,0.785,1,147,26.5
RED,2017-02-04 12:11:55.153,2017-02-04 12:16:31.381,0.81,1,4.603800000000001,0.1759416134497589,0.81,1,148,26.0
GREEN,2017-02-04 12:17:33.698,2017-02-04 12:24:04.793,0.0,0,6.51825,0.0,0.0,1,148,26.0
RED,2017-02-04 12:33:16.843,2017-02-04 12:45:59.585,2.42,5,12.712366666666666,0.1903658117685928,0.484,1,153,23.5
GREEN,2017-02-04 12:48:00.335,2017-02-04 16:22:54.084,0.0,0,214.89581666666666,0.0,0.0,1,153,23.5
RED,2017-02-04 16:23:12.512,2017-02-04 16:23:30.360,0.0,0,0.29746666666666666,0.0,0.0,1,153,23.5
RED,2017-02-04 16:26:04.144,2017-02-04 16:59:06.572,8.55,7,33.04046666666667,0.2587735847153087,1.2214285714285715,1,7,96.5
RED,2017-02-05 02:05:18.792,2017-02-05 02:29:07.647,4.84,16,23.81425,0.20323965692809975,0.3025,1,23,88.5
RED,2017-02-05 02:31:53.686,2017-02-05 02:44:14.401,3.13,7,12.34525,0.25353881047366394,0.4471428571428571,1,30,85.0
RED,2017-02-05 03:09:50.994,2017-02-05 03:26:38.898,4.86,6,16.7984,0.28931326793027906,0.81,1,36,82.0
GREEN,2017-02-05 04:21:36.543,2017-02-05 07:00:27.336,0.0,0,158.84655,0.0,0.0,1,36,82.0
RED,2017-02-05 08:17:43.085,2017-02-05 08:30:05.611,2.42,5,12.375433333333332,0.19554870805870772,0.484,1,41,79.5
GREEN,2017-02-05 08:52:10.013,2017-02-05 08:52:29.452,0.0,0,0.32398333333333335,0.0,0.0,1,41,79.5
RED,2017-02-05 08:57:47.799,2017-02-05 09:03:28.644,1.21,2,5.680750000000001,0.21300004400827352,0.605,1,43,78.5
GREEN,2017-02-05 09:05:33.259,2017-02-05 14:06:11.627,0.0,0,300.63946666666664,0.0,0.0,1,43,78.5
RED,2017-02-05 14:27:44.348,2017-02-05 14:48:14.316,4.03,12,20.499466666666667,0.19659048040274218,0.3358333333333334,1,55,72.5
GREEN,2017-02-05 14:50:08.870,2017-02-05 16:33:02.248,0.0,0,102.88963333333332,0.0,0.0,1,55,72.5
RED,2017-02-05 16:43:31.111,2017-02-05 16:52:02.160,1.53,0,8.517483333333333,0.17963052466593224,inf,1,55,72.5
GREEN,2017-02-05 16:53:10.039,2017-02-05 16:53:23.406,0.0,0,0.22278333333333336,0.0,0.0,1,55,72.5
RED,2017-02-05 16:56:38.889,2017-02-05 17:04:53.149,1.61,3,8.237666666666666,0.1954436936025574,0.5366666666666667,1,58,71.0
GREEN,2017-02-05 17:05:26.805,2017-02-05 17:05:47.249,0.0,0,0.34073333333333333,0.0,0.0,1,58,71.0
RED,2017-02-05 17:09:33.250,2017-02-05 17:28:49.466,5.01,6,19.270266666666664,0.2599860233727954,0.835,1,64,68.0
GREEN,2017-02-05 17:30:14.050,2017-02-05 17:34:08.189,0.0,0,3.9023166666666667,0.0,0.0,1,64,68.0
RED,2017-02-05 17:34:52.996,2017-02-05 17:44:03.554,1.82,3,9.175966666666666,0.1983442253132277,0.6066666666666667,1,67,66.5
GREEN,2017-02-05 17:44:33.829,2017-02-05 19:24:26.183,0.0,0,99.87256666666667,0.0,0.0,1,67,66.5
RED,2017-02-05 19:24:30.634,2017-02-05 19:37:44.630,2.62,4,13.233266666666667,0.19798588405986933,0.655,1,71,64.5
GREEN,2017-02-05 19:40:10.077,2017-02-05 19:46:11.612,0.0,0,6.0255833333333335,0.0,0.0,1,71,64.5
RED,2017-02-05 19:50:46.337,2017-02-05 20:15:56.738,7.18,12,25.173350000000003,0.28522226878822243,0.5983333333333333,1,83,58.5
GREEN,2017-02-05 20:21:31.947,2017-02-05 20:40:04.372,0.0,0,18.540416666666665,0.0,0.0,1,83,58.5
RED,2017-02-05 21:09:26.825,2017-02-05 21:20:31.480,2.22,4,11.077583333333333,0.2004047212463609,0.555,1,87,56.5
RED,2017-02-05 21:29:26.662,2017-02-05 21:56:21.372,7.09,8,26.911833333333334,0.2634528800837302,0.88625,1,95,52.5
GREEN,2017-02-05 22:00:08.230,2017-02-05 23:21:19.030,0.0,0,81.18,0.0,0.0,1,95,52.5
RED,2017-02-05 23:21:59.972,2017-02-05 23:37:04.930,3.14,6,15.082633333333332,0.20818645727205023,0.5233333333333333,1,101,49.5
GREEN,2017-02-05 23:37:04.930,2017-02-06 03:24:19.516,0.0,0,227.2431,0.0,0.0,1,101,49.5
RED,2017-02-06 04:29:26.025,2017-02-06 04:48:00.421,3.63,13,18.573266666666665,0.19544219469560192,0.2792307692307692,1,114,43.00000000000001
RED,2017-02-06 05:09:22.412,2017-02-06 05:20:21.719,2.22,4,10.98845,0.20203031364751173,0.555,1,118,41.0
RED,2017-02-06 05:48:00.422,2017-02-06 06:00:08.367,3.13,7,12.132416666666668,0.2579865237071482,0.4471428571428571,1,125,37.5
GREEN,2017-02-06 06:13:10.013,2017-02-06 06:21:59.409,0.0,0,8.823266666666665,0.0,0.0,1,125,37.5
RED,2017-02-06 06:46:55.403,2017-02-06 07:01:08.173,3.03,7,14.212833333333332,0.2131876121345732,0.43285714285714283,1,132,34.0
RED,2017-02-06 07:09:52.631,2017-02-06 07:27:25.524,3.63,6,17.54821666666667,0.20685862666006893,0.605,1,138,31.0
RED,2017-02-06 07:35:19.195,2017-02-06 08:04:48.533,5.97,9,29.488966666666666,0.20244859941966994,0.6633333333333333,1,147,26.5
RED,2017-02-06 08:15:33.009,2017-02-06 08:41:31.607,5.24,10,25.976633333333332,0.20171975069902567,0.524,1,157,21.5
RED,2017-02-06 08:41:57.560,2017-02-06 08:55:36.868,2.7,3,13.655133333333334,0.19772783861502635,0.9,1,3,98.5
GREEN,2017-02-06 17:56:54.139,2017-02-06 17:57:17.753,0.0,0,0.3935666666666667,0.0,0.0,1,3,98.5
RED,2017-02-06 18:00:01.840,2017-02-06 18:18:15.151,3.63,13,18.22185,0.1992113863301476,0.2792307692307692,1,16,92.0
GREEN,2017-02-06 18:18:59.640,2017-02-06 18:21:47.135,0.0,0,2.7915833333333335,0.0,0.0,1,16,92.0
RED,2017-02-06 18:25:40.672,2017-02-06 18:42:58.746,3.35,6,17.301233333333336,0.19362781458739933,0.5583333333333333,1,22,89.0
GREEN,2017-02-06 18:45:21.260,2017-02-06 18:46:33.842,0.0,0,1.2097,0.0,0.0,1,22,89.0
RED,2017-02-06 18:52:45.815,2017-02-06 19:16:02.671,4.64,7,23.280933333333333,0.19930472432376709,0.6628571428571428,1,29,85.5
RED,2017-02-06 19:17:49.397,2017-02-06 19:51:09.503,6.36,11,33.3351,0.19078988813592881,0.5781818181818182,1,40,80.0
GREEN,2017-02-06 19:51:52.173,2017-02-06 19:59:26.246,0.0,0,7.567883333333333,0.0,0.0,1,40,80.0
RED,2017-02-06 20:03:23.225,2017-02-06 20:16:08.396,2.62,6,12.75285,0.2054442732408834,0.4366666666666667,1,46,77.0
GREEN,2017-02-06 20:28:44.376,2017-02-06 20:30:51.945,0.0,0,2.12615,0.0,0.0,1,46,77.0
RED,2017-02-06 20:36:38.438,2017-02-06 20:47:15.602,2.22,4,10.6194,0.2090513588338324,0.555,1,50,75.0
GREEN,2017-02-06 20:48:19.407,2017-02-07 02:15:26.868,0.0,0,327.12435,0.0,0.0,1,50,75.0
RED,2017-02-07 05:53:41.869,2017-02-07 06:11:58.492,3.63,17,18.27705,0.19860973187686198,0.21352941176470588,1,67,66.5
GREEN,2017-02-07 06:18:50.060,2017-02-07 07:38:48.583,0.0,0,79.97538333333334,0.0,0.0,1,67,66.5
RED,2017-02-07 07:42:33.711,2017-02-07 08:13:38.235,6.25,8,31.0754,0.20112371843966612,0.78125,1,75,62.5
RED,2017-02-07 08:21:26.694,2017-02-07 08:35:23.222,2.82,4,13.942133333333334,0.20226459843543787,0.705,1,79,60.5
RED,2017-02-07 08:38:42.772,2017-02-07 09:07:42.466,5.85,9,28.994899999999998,0.20175961979520537,0.6499999999999999,1,88,56.0
GREEN,2017-02-07 09:09:36.472,2017-02-07 09:22:13.224,0.0,0,12.612533333333333,0.0,0.0,1,88,56.0
RED,2017-02-07 09:35:46.053,2017-02-07 09:56:34.318,4.24,5,20.80441666666667,0.20380287839521255,0.8480000000000001,1,93,53.5
RED,2017-02-07 10:00:51.442,2017-02-07 10:10:20.090,1.82,1,9.477466666666666,0.19203443958301095,1.82,1,94,53.0
GREEN,2017-02-07 10:21:38.305,2017-02-07 12:08:36.042,0.0,0,106.96228333333333,0.0,0.0,1,94,53.0
RED,2017-02-07 12:15:10.653,2017-02-07 12:22:31.185,1.61,2,7.3422,0.21928032469831932,0.805,1,96,52.0
GREEN,2017-02-07 12:24:52.550,2017-02-07 12:56:50.146,0.0,0,31.959933333333332,0.0,0.0,1,96,52.0
RED,2017-02-07 13:04:12.712,2017-02-07 13:15:12.546,2.22,4,10.997233333333332,0.2018689549189645,0.555,1,100,50.0
GREEN,2017-02-07 13:22:32.380,2017-02-07 14:24:57.571,0.0,0,62.41985,0.0,0.0,1,100,50.0
RED,2017-02-07 14:37:07.241,2017-02-07 14:47:07.192,2.02,3,9.999183333333333,0.20201649801400448,0.6733333333333333,1,103,48.5
RED,2017-02-07 14:47:26.686,2017-02-07 15:14:26.415,5.15,6,26.995483333333333,0.19077265394396226,0.8583333333333334,1,109,45.49999999999999
RED,2017-02-07 15:15:12.182,2017-02-07 15:26:53.229,2.42,4,11.684116666666666,0.20711878090912592,0.605,1,113,43.50000000000001
GREEN,2017-02-07 15:27:48.570,2017-02-07 15:34:00.090,0.0,0,6.191999999999999,0.0,0.0,1,113,43.50000000000001
RED,2017-02-07 15:38:21.658,2017-02-07 15:52:49.879,2.82,4,14.47035,0.19488125719142937,0.705,1,117,41.5
RED,2017-02-07 15:52:55.349,2017-02-07 16:16:20.074,4.47,7,23.41208333333333,0.1909270497784264,0.6385714285714286,1,124,38.0
RED,2017-02-07 16:18:33.316,2017-02-07 16:24:07.959,1.21,1,5.577383333333333,0.21694761282919411,1.21,1,125,37.5
RED,2017-02-07 16:25:26.502,2017-02-07 16:39:46.404,4.0,4,14.331700000000001,0.2791015720396045,1.0,1,129,35.5
RED,2017-02-07 16:40:44.300,2017-02-07 17:03:03.611,6.29,8,22.321849999999998,0.2817866798674841,0.78625,1,137,31.5
RED,2017-02-07 17:06:42.737,2017-02-07 18:03:35.146,10.19,5,56.87348333333333,0.1791696130211824,2.038,1,142,29.0
GREEN,2017-02-07 18:04:08.550,2017-02-07 18:04:32.848,0.0,0,0.40496666666666664,0.0,0.0,1,142,29.0
RED,2017-02-07 18:13:41.694,2017-02-07 18:46:37.905,6.66,7,32.93685,0.2022051289057697,0.9514285714285714,1,149,25.5
GREEN,2017-02-07 18:50:53.176,2017-02-07 19:03:49.858,0.0,0,12.944700000000001,0.0,0.0,1,149,25.5
RED,2017-02-07 19:06:39.592,2017-02-07 19:20:58.208,3.03,4,14.310266666666667,0.21173609622928058,0.7575,1,153,23.5
RED,2017-02-07 19:21:35.760,2017-02-07 19:40:21.474,3.51,5,18.7619,0.18708126575666642,0.702,1,158,21.0
RED,2017-02-07 19:42:17.351,2017-02-07 19:56:15.360,3.65,6,13.966816666666666,0.2613337088265162,0.6083333333333333,1,6,97.0
GREEN,2017-02-08 05:14:54.703,2017-02-08 05:43:25.535,0.0,0,28.51386666666667,0.0,0.0,1,6,97.0
RED,2017-02-08 06:00:27.995,2017-02-08 06:06:38.478,1.21,4,6.174716666666667,0.19596040843979345,0.3025,1,10,95.0
GREEN,2017-02-08 06:22:17.453,2017-02-08 06:22:24.295,0.0,0,0.11403333333333333,0.0,0.0,1,10,95.0
RED,2017-02-08 06:32:17.553,2017-02-08 06:50:47.048,3.83,8,18.49158333333333,0.20712125786957133,0.47875,1,18,91.0
GREEN,2017-02-08 07:17:20.960,2017-02-08 07:38:46.380,0.0,0,21.42366666666667,0.0,0.0,1,18,91.0
RED,2017-02-08 07:39:30.161,2017-02-08 07:54:25.782,3.03,4,14.927016666666667,0.2029876476768633,0.7575,1,22,89.0
GREEN,2017-02-08 07:55:27.435,2017-02-08 07:57:33.118,0.0,0,2.094716666666667,0.0,0.0,1,22,89.0
RED,2017-02-08 07:59:33.941,2017-02-08 08:10:31.342,2.22,4,10.956683333333332,0.20261605930018364,0.555,1,26,87.0
RED,2017-02-08 08:12:16.568,2017-02-08 08:18:55.494,1.21,2,6.648766666666666,0.1819886394970496,0.605,1,28,86.0
RED,2017-02-08 08:20:14.736,2017-02-08 08:30:01.841,2.02,4,9.785083333333334,0.2064366680576728,0.505,1,32,84.0
GREEN,2017-02-08 08:32:10.060,2017-02-08 08:32:51.495,0.0,0,0.6905833333333333,0.0,0.0,1,32,84.0
RED,2017-02-08 09:19:31.020,2017-02-08 09:31:16.054,2.34,5,11.750566666666666,0.1991393322875209,0.46799999999999997,1,37,81.5
GREEN,2017-02-08 09:33:08.502,2017-02-08 09:37:02.364,0.0,0,3.8977,0.0,0.0,1,37,81.5
RED,2017-02-08 09:38:11.401,2017-02-08 09:49:39.163,2.42,4,11.4627,0.21111954426095073,0.605,1,41,79.5
GREEN,2017-02-08 09:54:11.293,2017-02-08 12:18:09.737,0.0,0,143.97406666666666,0.0,0.0,1,41,79.5
RED,2017-02-08 12:31:55.451,2017-02-08 12:44:05.309,2.42,5,12.164299999999999,0.19894280805307335,0.484,1,46,77.0
GREEN,2017-02-08 12:48:26.900,2017-02-08 12:48:33.718,0.0,0,0.11363333333333332,0.0,0.0,1,46,77.0
RED,2017-02-08 12:54:54.196,2017-02-08 13:05:12.996,2.02,4,10.313333333333333,0.19586296056884295,0.505,1,50,75.0
RED,2017-02-08 13:05:53.121,2017-02-08 13:15:28.877,2.02,2,9.595933333333333,0.2105058392791391,1.01,1,52,74.0
GREEN,2017-02-08 13:16:21.988,2017-02-08 13:21:22.311,0.0,0,5.005383333333333,0.0,0.0,1,52,74.0
RED,2017-02-08 13:28:07.233,2017-02-08 13:50:49.663,4.39,6,22.70716666666667,0.1933310335209882,0.7316666666666666,1,58,71.0
GREEN,2017-02-08 13:51:08.200,2017-02-08 14:12:02.324,0.0,0,20.902066666666666,0.0,0.0,1,58,71.0
RED,2017-02-08 14:16:54.517,2017-02-08 14:24:26.206,2.0,2,7.52815,0.2656695204000983,1.0,1,60,70.0
GREEN,2017-02-08 14:25:47.566,2017-02-08 14:57:35.072,0.0,0,31.791766666666668,0.0,0.0,1,60,70.0
RED,2017-02-08 15:10:36.875,2017-02-08 15:33:59.124,4.51,6,23.370816666666666,0.19297571258742205,0.7516666666666666,1,66,67.0
GREEN,2017-02-08 15:39:49.963,2017-02-08 15:57:53.236,0.0,0,18.05455,0.0,0.0,1,66,67.0
RED,2017-02-08 16:00:24.584,2017-02-08 16:13:50.774,2.46,1,13.4365,0.1830833922524467,2.46,1,67,66.5
GREEN,2017-02-08 16:25:54.597,2017-02-08 16:28:07.430,0.0,0,2.2138833333333334,0.0,0.0,1,67,66.5
RED,2017-02-08 16:43:24.321,2017-02-08 16:58:47.562,4.17,4,15.38735,0.27100182942481976,1.0425,1,71,64.5
GREEN,2017-02-08 17:06:13.736,2017-02-08 17:35:59.309,0.0,0,29.75955,0.0,0.0,1,71,64.5
RED,2017-02-08 17:36:14.301,2017-02-08 17:50:37.161,3.03,4,14.381,0.21069466657395172,0.7575,1,75,62.5
GREEN,2017-02-08 17:51:30.582,2017-02-08 19:13:07.563,0.0,0,81.61635,0.0,0.0,1,75,62.5
RED,2017-02-08 19:35:16.777,2017-02-08 19:46:38.776,2.14,2,11.36665,0.1882700707772299,1.07,1,77,61.5
GREEN,2017-02-08 19:49:49.545,2017-02-08 19:52:31.266,0.0,0,2.69535,0.0,0.0,1,77,61.5
RED,2017-02-08 19:59:41.916,2017-02-08 20:06:44.880,1.41,2,7.0494,0.2000170227253383,0.705,1,79,60.5
RED,2017-02-08 20:09:28.347,2017-02-08 20:20:44.080,2.22,5,11.262216666666665,0.1971192764005902,0.44400000000000006,1,84,58.0
GREEN,2017-02-08 20:21:17.611,2017-02-09 06:28:47.440,0.0,0,607.4971499999999,0.0,0.0,1,84,58.0
RED,2017-02-09 07:27:39.985,2017-02-09 07:47:08.389,4.03,7,19.4734,0.2069489662822106,0.5757142857142857,1,91,54.5
GREEN,2017-02-09 07:48:10.129,2017-02-09 07:48:15.666,0.0,0,0.09228333333333333,0.0,0.0,1,91,54.5
RED,2017-02-09 08:01:51.104,2017-02-09 08:24:26.286,4.56,7,22.586366666666667,0.20189170163122,0.6514285714285714,1,98,51.0
RED,2017-02-09 08:33:46.096,2017-02-09 08:58:09.675,6.31,9,24.392983333333333,0.2586809458184355,0.701111111111111,1,107,46.5
GREEN,2017-02-09 09:06:10.038,2017-02-09 09:06:28.239,0.0,0,0.30335,0.0,0.0,1,107,46.5
RED,2017-02-09 09:15:38.398,2017-02-09 09:29:12.869,3.39,6,13.574516666666666,0.2497326485534783,0.5650000000000001,1,113,43.50000000000001
RED,2017-02-09 09:29:19.192,2017-02-09 09:45:39.505,3.02,2,16.33855,0.18483892389471523,1.51,1,115,42.50000000000001
GREEN,2017-02-09 09:52:15.747,2017-02-09 12:15:41.414,0.0,0,143.42778333333334,0.0,0.0,1,115,42.50000000000001
RED,2017-02-09 12:23:05.268,2017-02-09 12:36:30.948,2.62,4,13.427999999999999,0.19511468573130775,0.655,1,119,40.5
RED,2017-02-09 12:38:34.225,2017-02-09 13:04:47.778,5.24,10,26.225883333333336,0.19980261230476506,0.524,1,129,35.5
GREEN,2017-02-09 13:14:58.852,2017-02-09 13:28:09.648,0.0,0,13.179933333333334,0.0,0.0,1,129,35.5
RED,2017-02-09 13:32:03.926,2017-02-09 13:46:20.389,2.82,4,14.274383333333333,0.19755669538555665,0.705,1,133,33.5
RED,2017-02-09 13:50:46.202,2017-02-09 13:59:44.893,1.82,5,8.978183333333334,0.2027136150409047,0.364,1,138,31.0
GREEN,2017-02-09 14:00:55.550,2017-02-09 14:02:38.423,0.0,0,1.71455,0.0,0.0,1,138,31.0
RED,2017-02-09 14:10:56.987,2017-02-09 14:15:42.947,1.01,1,4.766,0.21191775073436844,1.01,1,139,30.5
GREEN,2017-02-09 14:24:28.477,2017-02-09 14:24:35.590,0.0,0,0.11855,0.0,0.0,1,139,30.5
RED,2017-02-09 14:29:40.686,2017-02-09 14:38:05.048,2.08,1,8.406033333333333,0.24744132190767743,2.08,1,140,30.0
GREEN,2017-02-09 14:39:05.808,2017-02-09 14:39:33.237,0.0,0,0.45715,0.0,0.0,1,140,30.0
RED,2017-02-09 14:50:11.119,2017-02-09 14:55:54.431,1.21,1,5.721866666666667,0.21146945052896488,1.21,1,141,29.5
RED,2017-02-09 14:59:00.576,2017-02-09 15:18:10.267,3.83,8,19.161516666666667,0.19987979378807,0.47875,1,149,25.5
GREEN,2017-02-09 15:19:10.021,2017-02-09 15:25:37.829,0.0,0,6.463466666666666,0.0,0.0,1,149,25.5
RED,2017-02-09 15:33:20.776,2017-02-09 16:30:31.202,10.57,11,57.173766666666666,0.18487499803231436,0.9609090909090909,1,11,94.5
GREEN,2017-02-10 01:30:49.906,2017-02-10 01:31:47.852,0.0,0,0.9657666666666667,0.0,0.0,1,11,94.5
RED,2017-02-10 04:27:59.561,2017-02-10 05:31:37.332,14.92,26,63.62951666666667,0.23448237204379205,0.5738461538461539,1,37,81.5
GREEN,2017-02-10 05:36:08.358,2017-02-10 16:00:27.669,0.0,0,624.32185,0.0,0.0,1,37,81.5
RED,2017-02-10 16:05:28.558,2017-02-10 16:26:28.921,4.24,5,21.006050000000002,0.20184661085734823,0.8480000000000001,1,42,79.0
RED,2017-02-10 16:28:25.720,2017-02-10 16:48:22.410,3.83,5,19.944833333333335,0.1920296818724983,0.766,1,47,76.5
RED,2017-02-10 16:48:25.101,2017-02-10 17:02:16.428,2.82,3,13.85545,0.2035300188734397,0.94,1,50,75.0
RED,2017-02-10 17:02:54.383,2017-02-10 18:41:23.599,17.2,13,98.48693333333334,0.17464245679968374,1.323076923076923,1,63,68.5
GREEN,2017-02-10 18:45:10.129,2017-02-10 19:05:23.547,0.0,0,20.223633333333332,0.0,0.0,1,63,68.5
RED,2017-02-10 19:12:18.756,2017-02-10 19:26:07.978,2.82,4,13.820366666666667,0.2040466847237531,0.705,1,67,66.5
GREEN,2017-02-10 19:26:44.228,2017-02-10 19:27:18.433,0.0,0,0.5700833333333333,0.0,0.0,1,67,66.5
RED,2017-02-10 19:29:06.261,2017-02-10 19:37:27.874,1.61,2,8.360216666666666,0.19257874098159342,0.805,1,69,65.5
GREEN,2017-02-10 19:39:10.123,2017-02-10 19:49:20.558,0.0,0,10.173916666666665,0.0,0.0,1,69,65.5
RED,2017-02-10 19:51:48.040,2017-02-10 20:28:17.904,7.26,12,36.497733333333336,0.19891646239218505,0.605,1,81,59.5
GREEN,2017-02-10 20:30:43.188,2017-02-11 00:01:26.942,0.0,0,210.72923333333335,0.0,0.0,1,81,59.5
RED,2017-02-11 00:03:13.411,2017-02-11 00:27:24.500,4.84,10,24.184816666666666,0.20012556087186933,0.484,1,91,54.5
GREEN,2017-02-11 00:29:50.053,2017-02-11 02:14:26.595,0.0,0,104.60903333333334,0.0,0.0,1,91,54.5
RED,2017-02-11 03:36:16.583,2017-02-11 03:55:53.384,4.03,7,19.61335,0.20547229310648105,0.5757142857142857,1,98,51.0
GREEN,2017-02-11 03:58:27.938,2017-02-11 07:35:13.906,0.0,0,216.76613333333336,0.0,0.0,1,98,51.0
RED,2017-02-11 07:58:52.289,2017-02-11 08:11:32.624,2.62,12,12.67225,0.2067509716111977,0.21833333333333335,1,110,44.99999999999999
GREEN,2017-02-11 08:11:32.624,2017-02-11 09:38:53.578,0.0,0,87.34923333333333,0.0,0.0,1,110,44.99999999999999
RED,2017-02-11 10:03:19.030,2017-02-11 10:18:13.667,3.03,6,14.910616666666666,0.20321091124109555,0.505,1,116,42.00000000000001
GREEN,2017-02-11 10:26:55.803,2017-02-11 10:28:11.226,0.0,0,1.25705,0.0,0.0,1,116,42.00000000000001
RED,2017-02-11 10:40:05.534,2017-02-11 11:09:24.387,6.85,4,29.314216666666667,0.23367501434173293,1.7125,1,120,40.0
RED,2017-02-11 11:13:25.408,2017-02-11 11:24:07.038,2.09,2,10.693833333333334,0.19543973941368076,1.045,1,122,39.0
RED,2017-02-11 11:29:38.323,2017-02-11 11:40:20.755,2.22,5,10.7072,0.2073371189479976,0.44400000000000006,1,127,36.5
GREEN,2017-02-11 11:44:10.055,2017-02-11 11:54:03.346,0.0,0,9.888183333333334,0.0,0.0,1,127,36.5
RED,2017-02-11 11:58:21.290,2017-02-11 12:17:40.234,4.95,9,19.315733333333334,0.2562677748018886,0.55,1,136,32.0
GREEN,2017-02-11 12:18:44.087,2017-02-11 13:59:36.854,0.0,0,100.87944999999999,0.0,0.0,1,136,32.0
RED,2017-02-11 13:59:49.861,2017-02-11 14:14:05.284,3.65,3,14.25705,0.2560136914719384,1.2166666666666666,1,139,30.5
RED,2017-02-11 14:19:56.361,2017-02-11 14:35:20.392,3.91,3,15.400516666666666,0.25388758602254685,1.3033333333333335,1,142,29.0
GREEN,2017-02-11 14:39:26.408,2017-02-11 14:39:33.633,0.0,0,0.12041666666666666,0.0,0.0,1,142,29.0
RED,2017-02-11 14:42:06.480,2017-02-11 15:03:26.633,5.47,6,21.335883333333335,0.2563756051034524,0.9116666666666666,1,148,26.0
GREEN,2017-02-11 15:11:29.584,2017-02-11 15:39:16.415,0.0,0,27.780516666666664,0.0,0.0,1,148,26.0
RED,2017-02-11 15:40:15.815,2017-02-11 15:49:57.531,2.02,3,9.695266666666667,0.20834909130916116,0.6733333333333333,1,151,24.5
GREEN,2017-02-11 15:51:40.741,2017-02-11 15:58:03.677,0.0,0,6.382266666666666,0.0,0.0,1,151,24.5
RED,2017-02-11 16:01:19.154,2017-02-11 16:16:46.178,3.91,4,15.4504,0.2530678817376896,0.9775,1,155,22.5
GREEN,2017-02-11 16:16:57.068,2017-02-11 16:53:37.483,0.0,0,36.67358333333333,0.0,0.0,1,155,22.5
RED,2017-02-11 17:04:37.162,2017-02-11 17:15:42.770,2.22,4,11.093466666666666,0.2001177870458288,0.555,1,159,20.5
GREEN,2017-02-11 17:18:10.056,2017-02-11 17:19:14.954,0.0,0,1.0816333333333332,0.0,0.0,1,159,20.5
RED,2017-02-11 17:22:41.354,2017-02-11 17:27:12.063,1.01,2,4.511816666666666,0.22385661355920936,0.505,1,2,99.0
RED,2017-02-12 02:27:30.654,2017-02-12 02:33:58.301,0.96,0,6.4607833333333335,0.14858879341256348,inf,1,2,99.0
GREEN,2017-02-12 02:43:31.609,2017-02-12 04:32:49.939,0.0,0,109.3055,0.0,0.0,1,2,99.0
RED,2017-02-12 04:36:42.284,2017-02-12 04:50:57.934,2.82,5,14.260833333333332,0.19774440483842692,0.564,1,7,96.5
GREEN,2017-02-12 04:52:18.898,2017-02-12 05:03:16.636,0.0,0,10.9623,0.0,0.0,1,7,96.5
RED,2017-02-12 05:07:57.632,2017-02-12 05:20:22.118,2.42,6,12.4081,0.19503388915305325,0.4033333333333333,1,13,93.5
RED,2017-02-12 05:31:20.516,2017-02-12 05:44:14.503,2.62,7,12.899783333333334,0.2031041865044245,0.3742857142857143,1,20,90.0
GREEN,2017-02-12 05:54:32.479,2017-02-12 06:32:16.629,0.0,0,37.73583333333333,0.0,0.0,1,20,90.0
RED,2017-02-12 06:38:01.715,2017-02-12 06:45:40.356,2.08,2,7.644016666666667,0.2721082502436546,1.04,1,22,89.0
GREEN,2017-02-12 07:09:19.921,2017-02-12 09:38:17.984,0.0,0,148.96771666666666,0.0,0.0,1,22,89.0
RED,2017-02-12 10:08:06.401,2017-02-12 10:14:07.717,1.56,2,6.021933333333333,0.25905301730341307,0.78,1,24,88.0
RED,2017-02-12 10:33:12.715,2017-02-12 10:55:03.589,4.19,10,21.8479,0.1917804457178951,0.41900000000000004,1,34,83.0
GREEN,2017-02-12 10:55:03.589,2017-02-12 11:18:19.441,0.0,0,23.264200000000002,0.0,0.0,1,34,83.0
RED,2017-02-12 11:20:05.492,2017-02-12 11:31:00.197,2.87,5,10.911750000000001,0.26301922239787384,0.5740000000000001,1,39,80.5
GREEN,2017-02-12 11:31:11.600,2017-02-12 11:58:00.152,0.0,0,26.809199999999997,0.0,0.0,1,39,80.5
RED,2017-02-12 11:58:45.055,2017-02-12 12:19:05.461,4.24,6,20.3401,0.20845521900088987,0.7066666666666667,1,45,77.5
GREEN,2017-02-12 12:23:57.105,2017-02-12 13:03:56.292,0.0,0,39.98645,0.0,0.0,1,45,77.5
RED,2017-02-12 13:18:09.249,2017-02-12 13:28:06.643,1.89,2,9.956566666666667,0.1898244709521689,0.945,1,47,76.5
RED,2017-02-12 13:30:24.135,2017-02-12 13:41:16.203,2.22,2,10.867799999999999,0.2042731739634517,1.11,1,49,75.5
GREEN,2017-02-12 13:45:58.273,2017-02-12 13:59:05.605,0.0,0,13.1222,0.0,0.0,1,49,75.5
RED,2017-02-12 13:59:22.829,2017-02-12 14:41:36.710,8.39,18,42.23135,0.19866757752238565,0.46611111111111114,1,67,66.5
GREEN,2017-02-12 14:44:14.735,2017-02-12 16:07:21.540,0.0,0,83.11341666666667,0.0,0.0,1,67,66.5
RED,2017-02-12 16:10:46.741,2017-02-12 16:21:30.165,2.87,4,10.723733333333334,0.2676306758840205,0.7175,1,71,64.5
RED,2017-02-12 16:22:26.792,2017-02-12 16:54:41.710,8.34,20,32.24863333333333,0.25861561058401444,0.417,1,91,54.5
RED,2017-02-12 17:01:47.746,2017-02-12 17:47:30.170,11.78,13,45.70706666666667,0.2577281995781834,0.9061538461538461,1,104,48.0
RED,2017-02-12 17:55:57.875,2017-02-12 18:09:37.581,2.82,4,13.661766666666667,0.20641547091274187,0.705,1,108,46.0
RED,2017-02-12 18:14:29.404,2017-02-12 18:26:57.231,2.42,4,12.463783333333334,0.19416255363874263,0.605,1,112,43.99999999999999
GREEN,2017-02-12 18:27:12.283,2017-02-12 18:29:03.697,0.0,0,1.8569,0.0,0.0,1,112,43.99999999999999
RED,2017-02-12 18:47:17.946,2017-02-12 18:55:25.783,2.29,2,8.130616666666667,0.28165145325180335,1.145,1,114,43.00000000000001
RED,2017-02-12 19:00:57.595,2017-02-12 19:34:41.033,6.61,11,33.72396666666667,0.19600304036990507,0.600909090909091,1,125,37.5
GREEN,2017-02-12 19:35:47.820,2017-02-12 22:16:59.305,0.0,0,161.19141666666667,0.0,0.0,1,125,37.5
RED,2017-02-12 22:23:07.785,2017-02-12 22:45:29.115,4.44,9,22.3555,0.19860884346134064,0.4933333333333334,1,134,33.0
RED,2017-02-12 22:50:37.752,2017-02-12 23:01:00.361,2.22,4,10.376816666666667,0.21393844290718575,0.555,1,138,31.0
GREEN,2017-02-12 23:01:05.257,2017-02-13 07:28:54.791,0.0,0,507.82556666666665,0.0,0.0,1,138,31.0
RED,2017-02-13 07:28:57.209,2017-02-13 07:36:57.380,1.53,2,8.00285,0.1911818914511705,0.765,1,140,30.0
GREEN,2017-02-13 07:37:37.523,2017-02-13 07:38:13.557,0.0,0,0.6005666666666667,0.0,0.0,1,140,30.0
RED,2017-02-13 07:41:46.086,2017-02-13 08:01:58.008,4.03,5,20.1987,0.1995177907489096,0.806,1,145,27.5
GREEN,2017-02-13 08:14:33.057,2017-02-13 11:32:15.564,0.0,0,197.70845,0.0,0.0,1,145,27.5
RED,2017-02-13 11:47:34.400,2017-02-13 11:50:19.152,0.61,1,2.7458666666666667,0.22215208313100904,0.61,1,146,27.0
GREEN,2017-02-13 11:52:20.838,2017-02-13 11:57:10.274,0.0,0,4.823933333333333,0.0,0.0,1,146,27.0
RED,2017-02-13 11:58:32.864,2017-02-13 12:09:06.729,2.22,5,10.564416666666666,0.2101393829916465,0.44400000000000006,1,151,24.5
GREEN,2017-02-13 12:11:10.027,2017-02-13 16:12:12.571,0.0,0,241.0424,0.0,0.0,1,151,24.5
RED,2017-02-13 16:17:39.184,2017-02-13 16:28:32.991,2.22,4,10.896783333333333,0.20372984688141915,0.555,1,155,22.5
RED,2017-02-13 16:31:33.478,2017-02-13 16:45:46.772,2.82,6,14.221566666666666,0.19829038994766165,0.47,1,6,97.0
GREEN,2017-02-14 02:17:25.905,2017-02-14 10:47:48.115,0.0,0,510.37016666666665,0.0,0.0,1,6,97.0
RED,2017-02-14 11:04:03.032,2017-02-14 11:23:46.538,4.03,15,19.7251,0.20430821643489766,0.26866666666666666,1,21,89.5
GREEN,2017-02-14 11:25:19.941,2017-02-14 11:41:09.926,0.0,0,15.833083333333333,0.0,0.0,1,21,89.5
RED,2017-02-14 11:56:08.049,2017-02-14 12:09:33.068,2.62,4,13.416983333333333,0.19527489413293353,0.655,1,25,87.5
RED,2017-02-14 12:09:49.221,2017-02-14 13:04:47.767,11.7,10,54.975766666666665,0.2128210429686292,1.17,1,35,82.5
RED,2017-02-14 13:20:09.792,2017-02-14 13:38:00.517,3.63,7,17.845416666666665,0.20341357491419368,0.5185714285714286,1,42,79.0
RED,2017-02-14 13:42:51.940,2017-02-14 14:03:24.951,4.03,6,20.550183333333333,0.19610530644089957,0.6716666666666667,1,48,76.0
RED,2017-02-14 14:05:25.881,2017-02-14 14:19:51.944,2.82,6,14.434383333333333,0.1953668497557337,0.47,1,54,73.0
RED,2017-02-14 14:23:13.271,2017-02-14 14:31:21.072,1.61,4,8.130016666666666,0.19803157435101612,0.4025,1,58,71.0
RED,2017-02-14 14:37:57.999,2017-02-14 14:53:45.901,4.17,6,15.798366666666668,0.26395133674156185,0.695,1,64,68.0
GREEN,2017-02-14 14:55:48.066,2017-02-14 15:07:10.862,0.0,0,11.379933333333334,0.0,0.0,1,64,68.0
RED,2017-02-14 15:24:34.282,2017-02-14 15:47:22.404,5.99,18,22.802033333333334,0.26269587068989464,0.3327777777777778,1,82,59.0
RED,2017-02-14 15:48:41.797,2017-02-14 16:02:52.687,2.82,4,14.1815,0.1988506152381624,0.705,1,86,57.0
GREEN,2017-02-14 16:10:20.346,2017-02-14 16:17:51.035,0.0,0,7.5114833333333335,0.0,0.0,1,86,57.0
RED,2017-02-14 16:18:42.493,2017-02-14 16:49:37.852,8.08,11,30.922649999999997,0.26129713979882063,0.7345454545454545,1,97,51.5
GREEN,2017-02-14 16:50:38.439,2017-02-14 21:25:49.044,0.0,0,275.17674999999997,0.0,0.0,1,97,51.5
RED,2017-02-14 21:34:38.837,2017-02-14 21:49:07.196,3.35,3,14.47265,0.2314710851157183,1.1166666666666667,1,100,50.0
GREEN,2017-02-14 21:51:58.160,2017-02-14 21:52:25.479,0.0,0,0.45531666666666665,0.0,0.0,1,100,50.0
RED,2017-02-14 22:06:23.924,2017-02-14 22:16:03.529,2.86,4,9.660083333333334,0.29606369855332504,0.715,1,104,48.0
GREEN,2017-02-14 22:22:06.367,2017-02-15 05:44:32.399,0.0,0,442.43386666666663,0.0,0.0,1,104,48.0
RED,2017-02-15 06:11:49.076,2017-02-15 06:23:51.885,2.42,7,12.046816666666667,0.20088294418027444,0.3457142857142857,1,111,44.49999999999999
GREEN,2017-02-15 06:28:38.440,2017-02-15 08:12:10.891,0.0,0,103.54085,0.0,0.0,1,111,44.49999999999999
RED,2017-02-15 08:15:40.532,2017-02-15 08:25:52.585,2.02,3,10.200883333333334,0.19802206671644448,0.6733333333333333,1,114,43.00000000000001
GREEN,2017-02-15 08:27:32.451,2017-02-15 08:29:30.144,0.0,0,1.96155,0.0,0.0,1,114,43.00000000000001
RED,2017-02-15 08:43:04.221,2017-02-15 09:07:00.247,4.64,19,23.933766666666667,0.19386835614396952,0.24421052631578946,1,133,33.5
GREEN,2017-02-15 09:15:16.614,2017-02-15 09:15:20.164,0.0,0,0.059166666666666666,0.0,0.0,1,133,33.5
RED,2017-02-15 09:17:51.290,2017-02-15 09:29:24.888,2.22,3,11.559966666666666,0.19204207624589462,0.7400000000000001,1,136,32.0
RED,2017-02-15 09:36:19.837,2017-02-15 09:57:09.502,4.24,7,20.827749999999998,0.2035745579815391,0.6057142857142858,1,143,28.5
GREEN,2017-02-15 09:57:41.672,2017-02-15 10:22:36.825,0.0,0,24.919216666666667,0.0,0.0,1,143,28.5
RED,2017-02-15 10:38:16.500,2017-02-15 10:54:07.714,3.23,7,15.853566666666667,0.20373964218356752,0.4614285714285714,1,150,25.0
GREEN,2017-02-15 11:14:01.260,2017-02-15 11:19:46.285,0.0,0,5.750416666666666,0.0,0.0,1,150,25.0
RED,2017-02-15 11:48:07.015,2017-02-15 12:01:42.553,2.82,5,13.5923,0.20747040603871308,0.564,1,155,22.5
RED,2017-02-15 12:03:23.234,2017-02-15 12:13:00.684,2.86,3,9.624166666666667,0.29716858602476404,0.9533333333333333,1,158,21.0
RED,2017-02-15 12:13:21.846,2017-02-15 12:24:22.484,2.22,4,11.010633333333335,0.20162327931484414,0.555,1,4,98.0
GREEN,2017-02-15 21:24:23.378,2017-02-16 06:53:15.530,0.0,0,568.8692,0.0,0.0,1,4,98.0
RED,2017-02-16 06:57:25.963,2017-02-16 07:12:34.136,3.03,7,15.136216666666666,0.20018212389049223,0.43285714285714283,1,11,94.5
RED,2017-02-16 07:16:08.664,2017-02-16 07:24:37.525,1.82,3,8.481016666666667,0.21459691349897123,0.6066666666666667,1,14,93.0
GREEN,2017-02-16 07:31:15.963,2017-02-16 08:12:49.308,0.0,0,41.555749999999996,0.0,0.0,1,14,93.0
RED,2017-02-16 08:43:59.616,2017-02-16 09:09:41.337,6.57,6,25.69535,0.2556882860128389,1.095,1,20,90.0
RED,2017-02-16 09:14:17.048,2017-02-16 09:33:30.390,4.03,7,19.22236666666667,0.20965160377407566,0.5757142857142857,1,27,86.5
GREEN,2017-02-16 09:40:01.627,2017-02-16 09:43:24.426,0.0,0,3.3799833333333336,0.0,0.0,1,27,86.5
RED,2017-02-16 09:50:51.598,2017-02-16 09:56:25.471,1.21,1,5.56455,0.21744795176609072,1.21,1,28,86.0
GREEN,2017-02-16 10:01:47.177,2017-02-16 10:03:34.595,0.0,0,1.7903,0.0,0.0,1,28,86.0
RED,2017-02-16 10:09:06.430,2017-02-16 10:43:54.359,9.75,13,34.79881666666667,0.28018194105259325,0.75,1,41,79.5
RED,2017-02-16 10:46:13.198,2017-02-16 11:19:29.925,8.66,12,33.27878333333334,0.2602258596192669,0.7216666666666667,1,53,73.5
GREEN,2017-02-16 11:41:59.333,2017-02-16 11:47:38.673,0.0,0,5.655666666666666,0.0,0.0,1,53,73.5
RED,2017-02-16 12:07:32.533,2017-02-16 12:17:07.875,2.02,2,9.589033333333333,0.2106573133892537,1.01,1,55,72.5
RED,2017-02-16 12:20:04.970,2017-02-16 12:37:20.450,4.86,6,17.258,0.28160852937767994,0.81,1,61,69.5
GREEN,2017-02-16 12:47:41.237,2017-02-16 13:56:42.228,0.0,0,69.01651666666666,0.0,0.0,1,61,69.5
RED,2017-02-16 14:04:34.570,2017-02-16 14:10:57.312,1.21,1,6.379033333333334,0.18968391240052043,1.21,1,62,69.0
RED,2017-02-16 14:24:24.496,2017-02-16 14:36:06.384,2.09,5,11.698133333333335,0.1786609829488465,0.418,1,67,66.5
GREEN,2017-02-16 14:36:10.878,2017-02-16 14:56:00.775,0.0,0,19.831616666666665,0.0,0.0,1,67,66.5
RED,2017-02-16 14:59:27.916,2017-02-16 15:14:42.019,2.94,4,15.23505,0.19297606506050194,0.735,1,71,64.5
GREEN,2017-02-16 15:25:24.395,2017-02-16 16:51:04.019,0.0,0,85.6604,0.0,0.0,1,71,64.5
RED,2017-02-16 16:55:36.579,2017-02-16 17:07:57.460,2.62,4,12.348016666666666,0.2121798237503729,0.655,1,75,62.5
RED,2017-02-16 17:08:20.184,2017-02-16 17:18:55.562,2.22,4,10.589633333333333,0.20963898655603438,0.555,1,79,60.5
RED,2017-02-16 17:20:43.691,2017-02-16 17:42:22.691,4.44,8,21.65,0.205080831408776,0.555,1,87,56.5
RED,2017-02-16 17:42:59.131,2017-02-16 17:58:02.214,3.03,4,15.051383333333332,0.2013104000407493,0.7575,1,91,54.5
GREEN,2017-02-16 17:58:27.663,2017-02-16 21:04:16.314,0.0,0,185.81085,0.0,0.0,1,91,54.5
RED,2017-02-16 21:33:21.425,2017-02-16 21:43:02.732,2.02,7,9.68845,0.2084956830039893,0.2885714285714286,1,98,51.0
RED,2017-02-16 21:46:56.921,2017-02-16 22:18:55.516,8.34,14,31.976583333333334,0.2608158574373435,0.5957142857142858,1,112,43.99999999999999
GREEN,2017-02-16 22:25:05.948,2017-02-16 23:13:27.687,0.0,0,48.362316666666665,0.0,0.0,1,112,43.99999999999999
RED,2017-02-16 23:15:58.399,2017-02-16 23:24:41.806,1.82,3,8.723450000000001,0.20863305229009163,0.6066666666666667,1,115,42.50000000000001
GREEN,2017-02-16 23:26:50.615,2017-02-17 06:05:25.226,0.0,0,398.57685000000004,0.0,0.0,1,115,42.50000000000001
RED,2017-02-17 06:49:15.215,2017-02-17 06:58:29.723,2.02,3,9.241800000000001,0.21857213962647967,0.6733333333333333,1,118,41.0
RED,2017-02-17 06:59:23.186,2017-02-17 07:04:21.012,1.01,1,4.963766666666667,0.20347451196336114,1.01,1,119,40.5
GREEN,2017-02-17 07:04:48.540,2017-02-17 07:56:12.916,0.0,0,51.40626666666667,0.0,0.0,1,119,40.5
RED,2017-02-17 07:58:44.559,2017-02-17 08:38:09.866,8.07,21,39.42178333333333,0.20470915614759524,0.3842857142857143,1,140,30.0
RED,2017-02-17 08:39:37.853,2017-02-17 08:52:38.570,3.39,3,13.01195,0.26052974381241856,1.1300000000000001,1,143,28.5
GREEN,2017-02-17 08:57:08.505,2017-02-17 09:06:03.850,0.0,0,8.922416666666667,0.0,0.0,1,143,28.5
RED,2017-02-17 09:24:30.854,2017-02-17 09:24:48.225,0.0,0,0.28951666666666664,0.0,0.0,1,143,28.5
RED,2017-02-17 09:25:50.488,2017-02-17 09:43:20.745,3.63,5,17.504283333333333,0.20737781323999743,0.726,1,148,26.0
RED,2017-02-17 09:52:11.265,2017-02-17 10:03:26.502,2.22,4,11.25395,0.19726407172592736,0.555,1,152,24.0
GREEN,2017-02-17 10:05:13.204,2017-02-17 10:05:19.548,0.0,0,0.10573333333333333,0.0,0.0,1,152,24.0
RED,2017-02-17 10:17:56.673,2017-02-17 10:31:01.778,2.62,3,13.085083333333333,0.200227994981563,0.8733333333333334,1,155,22.5
RED,2017-02-17 10:38:47.386,2017-02-17 10:39:34.144,0.0,0,0.7793,0.0,0.0,1,155,22.5
GREEN,2017-02-17 10:45:54.657,2017-02-17 23:47:07.284,0.0,0,781.21045,0.0,0.0,1,155,22.5
RED,2017-02-18 00:19:12.690,2017-02-18 00:52:33.977,6.66,21,33.35478333333334,0.1996715113824254,0.31714285714285717,1,21,89.5
RED,2017-02-18 09:57:35.395,2017-02-18 10:12:52.410,4.17,7,15.283583333333333,0.27284177467107956,0.5957142857142858,1,28,86.0
RED,2017-02-18 10:13:12.079,2017-02-18 10:26:42.264,2.82,5,13.503083333333333,0.20884119059227213,0.564,1,33,83.5
RED,2017-02-18 10:27:16.811,2017-02-18 10:43:19.973,3.23,6,16.0527,0.20121225712808435,0.5383333333333333,1,39,80.5
GREEN,2017-02-18 10:52:47.315,2017-02-18 18:26:44.567,0.0,0,453.9542,0.0,0.0,1,39,80.5
RED,2017-02-18 18:38:49.037,2017-02-18 18:50:59.388,2.54,5,12.172516666666667,0.20866679172069322,0.508,1,44,78.0
GREEN,2017-02-18 18:52:44.301,2017-02-18 18:54:22.330,0.0,0,1.6338166666666667,0.0,0.0,1,44,78.0
RED,2017-02-18 18:54:34.006,2017-02-18 19:10:37.425,3.23,5,16.05698333333333,0.20115858209148876,0.646,1,49,75.5
RED,2017-02-18 19:14:57.273,2017-02-18 19:48:15.075,6.66,21,33.2967,0.20001982178414077,0.31714285714285717,1,70,65.0
GREEN,2017-02-18 19:49:08.899,2017-02-18 21:06:25.050,0.0,0,77.26918333333333,0.0,0.0,1,70,65.0
RED,2017-02-18 21:10:45.077,2017-02-18 21:19:11.758,1.82,2,8.444683333333334,0.21552021883591452,0.91,1,72,64.0
RED,2017-02-18 21:29:04.042,2017-02-18 21:39:59.319,2.22,4,10.921283333333333,0.20327281439757539,0.555,1,76,62.0
RED,2017-02-18 22:09:04.048,2017-02-18 22:28:20.541,3.83,8,19.27488333333333,0.1987041858446182,0.47875,1,84,58.0
RED,2017-02-18 22:32:03.417,2017-02-18 22:46:14.377,2.82,7,14.182666666666668,0.19883425777944908,0.40285714285714286,1,91,54.5
GREEN,2017-02-18 22:47:16.816,2017-02-18 22:47:21.884,0.0,0,0.08446666666666666,0.0,0.0,1,91,54.5
RED,2017-02-18 22:55:14.317,2017-02-18 22:59:09.823,0.81,1,3.9251,0.2063641690657563,0.81,1,92,54.0
GREEN,2017-02-18 23:07:36.641,2017-02-19 00:05:13.422,0.0,0,57.61301666666667,0.0,0.0,1,92,54.0
RED,2017-02-19 00:06:41.273,2017-02-19 00:16:57.940,2.02,3,10.277783333333334,0.19654043430246793,0.6733333333333333,1,95,52.5
GREEN,2017-02-19 00:17:50.327,2017-02-19 00:25:29.286,0.0,0,7.6493166666666665,0.0,0.0,1,95,52.5
RED,2017-02-19 00:30:00.744,2017-02-19 00:55:14.857,5.08,8,25.235216666666666,0.20130597914422504,0.635,1,103,48.5
GREEN,2017-02-19 00:55:14.857,2017-02-19 09:20:00.823,0.0,0,504.7661,0.0,0.0,1,103,48.5
RED,2017-02-19 09:35:42.429,2017-02-19 10:54:45.486,20.97,36,79.05095,0.2652719543534897,0.5825,1,139,30.5
RED,2017-02-19 10:57:53.422,2017-02-19 11:01:20.547,0.81,1,3.4520833333333334,0.23464091732045866,0.81,1,140,30.0
GREEN,2017-02-19 11:20:44.060,2017-02-19 11:30:31.683,0.0,0,9.793716666666667,0.0,0.0,1,140,30.0
RED,2017-02-19 11:34:34.975,2017-02-19 11:51:17.114,3.43,8,16.70231666666667,0.20536073339127606,0.42875,1,148,26.0
RED,2017-02-19 11:51:46.882,2017-02-19 12:09:42.252,4.69,8,17.922833333333333,0.26167737615890346,0.58625,1,156,22.0
GREEN,2017-02-19 12:28:45.419,2017-02-19 13:45:44.080,0.0,0,76.97768333333333,0.0,0.0,1,156,22.0
RED,2017-02-19 13:49:57.123,2017-02-19 14:18:07.337,7.29,14,28.170233333333332,0.2587837989745677,0.5207142857142857,1,14,93.0
GREEN,2017-02-19 23:27:35.395,2017-02-19 23:27:58.902,0.0,0,0.3917833333333334,0.0,0.0,1,14,93.0
RED,2017-02-19 23:29:04.576,2017-02-19 23:42:09.824,2.66,4,13.087466666666668,0.20324789111210725,0.665,1,18,91.0
GREEN,2017-02-19 23:45:50.561,2017-02-19 23:53:35.696,0.0,0,7.75225,0.0,0.0,1,18,91.0
RED,2017-02-20 00:00:59.593,2017-02-20 00:16:59.111,3.23,8,15.991966666666666,0.20197640898867975,0.40375,1,26,87.0
GREEN,2017-02-20 00:45:57.520,2017-02-20 06:08:58.215,0.0,0,323.0115833333333,0.0,0.0,1,26,87.0
RED,2017-02-20 06:28:41.001,2017-02-20 06:37:53.831,2.34,3,9.213833333333334,0.2539659569849682,0.7799999999999999,1,29,85.5
GREEN,2017-02-20 06:43:10.047,2017-02-20 06:46:29.031,0.0,0,3.3164000000000002,0.0,0.0,1,29,85.5
RED,2017-02-20 06:54:16.984,2017-02-20 07:02:22.581,1.61,4,8.093283333333334,0.19893038877917285,0.4025,1,33,83.5
GREEN,2017-02-20 07:07:26.384,2017-02-20 07:07:30.223,0.0,0,0.06398333333333334,0.0,0.0,1,33,83.5
RED,2017-02-20 07:35:46.631,2017-02-20 07:59:45.805,4.76,7,23.986233333333335,0.19844716483204947,0.6799999999999999,1,40,80.0
GREEN,2017-02-20 08:00:02.725,2017-02-20 16:44:31.592,0.0,0,524.4811166666666,0.0,0.0,1,40,80.0
RED,2017-02-20 16:47:23.421,2017-02-20 16:55:55.948,1.82,4,8.542116666666667,0.21306194600479586,0.455,1,44,78.0
GREEN,2017-02-20 16:55:58.933,2017-02-20 17:10:29.038,0.0,0,14.50175,0.0,0.0,1,44,78.0
RED,2017-02-20 17:12:49.472,2017-02-20 17:26:10.997,2.62,7,13.358749999999999,0.19612613455600264,0.3742857142857143,1,51,74.5
GREEN,2017-02-20 17:27:10.018,2017-02-20 18:15:06.869,0.0,0,47.947516666666665,0.0,0.0,1,51,74.5
RED,2017-02-20 18:17:33.436,2017-02-20 18:29:55.377,2.54,4,12.365683333333333,0.2054071684945299,0.635,1,55,72.5
RED,2017-02-20 18:31:23.875,2017-02-20 18:46:44.770,3.23,6,15.34825,0.2104474451484697,0.5383333333333333,1,61,69.5
RED,2017-02-20 18:50:17.134,2017-02-20 19:02:07.550,2.42,3,11.840266666666668,0.20438728857458163,0.8066666666666666,1,64,68.0
GREEN,2017-02-20 19:07:57.437,2017-02-20 19:22:04.994,0.0,0,14.12595,0.0,0.0,1,64,68.0
RED,2017-02-20 19:24:13.468,2017-02-20 19:38:02.185,2.82,6,13.81195,0.20417102581460256,0.47,1,70,65.0
RED,2017-02-20 19:40:22.478,2017-02-20 19:54:48.793,2.82,5,14.438583333333334,0.19531002002735723,0.564,1,75,62.5
GREEN,2017-02-20 19:57:53.530,2017-02-20 21:10:28.924,0.0,0,72.5899,0.0,0.0,1,75,62.5
RED,2017-02-20 21:16:27.469,2017-02-20 21:32:53.208,4.86,9,16.428983333333335,0.2958186700536349,0.54,1,84,58.0
GREEN,2017-02-20 21:46:22.379,2017-02-20 21:53:40.624,0.0,0,7.304083333333334,0.0,0.0,1,84,58.0
RED,2017-02-20 22:05:21.615,2017-02-20 22:10:29.425,1.01,2,5.130166666666667,0.1968746954289984,0.505,1,86,57.0
GREEN,2017-02-20 22:29:14.576,2017-02-20 22:39:44.300,0.0,0,10.4954,0.0,0.0,1,86,57.0
RED,2017-02-20 23:14:43.445,2017-02-20 23:38:50.681,6.25,13,24.120600000000003,0.25911461572266026,0.4807692307692308,1,99,50.5
RED,2017-02-20 23:45:57.241,2017-02-20 23:53:34.125,1.61,3,7.614733333333334,0.21143222349655494,0.5366666666666667,1,102,49.0
GREEN,2017-02-20 23:55:18.887,2017-02-21 04:42:03.291,0.0,0,286.7400666666666,0.0,0.0,1,102,49.0
RED,2017-02-21 04:55:02.857,2017-02-21 05:08:03.861,2.62,9,13.016733333333333,0.20127937885081257,0.2911111111111111,1,111,44.49999999999999
RED,2017-02-21 05:50:22.588,2017-02-21 06:00:38.272,2.02,4,10.2614,0.19685423041690217,0.505,1,115,42.50000000000001
RED,2017-02-21 06:24:36.075,2017-02-21 06:40:32.282,3.23,4,15.936783333333333,0.20267578045339557,0.8075,1,119,40.5
GREEN,2017-02-21 06:46:33.354,2017-02-21 09:53:49.995,0.0,0,187.27734999999998,0.0,0.0,1,119,40.5
RED,2017-02-21 10:04:33.812,2017-02-21 10:13:44.337,1.73,3,9.175416666666667,0.18854729576313517,0.5766666666666667,1,122,39.0
RED,2017-02-21 10:14:17.186,2017-02-21 10:45:00.515,6.25,15,30.72215,0.2034362829424373,0.4166666666666667,1,137,31.5
GREEN,2017-02-21 10:52:34.805,2017-02-21 12:09:10.602,0.0,0,76.59661666666666,0.0,0.0,1,137,31.5
RED,2017-02-21 12:13:02.528,2017-02-21 12:29:37.931,3.43,7,16.59005,0.20675043173468433,0.49000000000000005,1,144,28.0
RED,2017-02-21 12:30:24.238,2017-02-21 13:01:51.747,6.45,12,31.458483333333334,0.20503213494611153,0.5375,1,156,22.0
GREEN,2017-02-21 13:01:52.317,2017-02-21 13:02:10.659,0.0,0,0.30569999999999997,0.0,0.0,1,156,22.0
RED,2017-02-21 13:04:25.868,2017-02-21 13:14:52.694,2.22,3,10.4471,0.21249916244699488,0.7400000000000001,1,159,20.5
GREEN,2017-02-21 13:20:13.386,2017-02-21 13:41:02.696,0.0,0,20.821833333333334,0.0,0.0,1,159,20.5
RED,2017-02-21 13:46:09.899,2017-02-21 13:56:44.444,3.14,3,10.57575,0.2969056568092098,1.0466666666666666,1,3,98.5
GREEN,2017-02-21 23:00:15.280,2017-02-22 05:22:37.241,0.0,0,382.36601666666667,0.0,0.0,1,3,98.5
RED,2017-02-22 05:42:12.577,2017-02-22 05:51:25.685,1.82,4,9.218466666666666,0.19742979671239616,0.455,1,7,96.5
GREEN,2017-02-22 05:54:11.721,2017-02-22 06:24:19.683,0.0,0,30.1327,0.0,0.0,1,7,96.5
RED,2017-02-22 06:30:24.576,2017-02-22 06:44:35.536,2.82,6,14.182666666666668,0.19883425777944908,0.47,1,13,93.5
GREEN,2017-02-22 06:49:10.031,2017-02-22 06:55:33.325,0.0,0,6.388233333333333,0.0,0.0,1,13,93.5
RED,2017-02-22 07:09:06.213,2017-02-22 07:24:53.373,4.17,6,15.786,0.26415811478525275,0.695,1,19,90.5
RED,2017-02-22 07:27:59.788,2017-02-22 07:45:36.922,4.49,4,17.6189,0.25483997298355743,1.1225,1,23,88.5
GREEN,2017-02-22 07:45:45.650,2017-02-22 11:39:27.443,0.0,0,233.69655,0.0,0.0,1,23,88.5
RED,2017-02-22 11:42:33.752,2017-02-22 11:54:54.906,2.42,5,12.352566666666666,0.19591070141967795,0.484,1,28,86.0
GREEN,2017-02-22 12:14:43.338,2017-02-22 12:22:10.183,0.0,0,7.447416666666667,0.0,0.0,1,28,86.0
RED,2017-02-22 12:36:43.701,2017-02-22 12:56:32.723,3.87,6,19.81703333333333,0.19528654642218565,0.645,1,34,83.0
RED,2017-02-22 13:06:20.015,2017-02-22 13:17:27.505,2.22,4,11.124833333333333,0.1995535513640654,0.555,1,38,81.0
GREEN,2017-02-22 13:30:25.811,2017-02-22 13:32:01.905,0.0,0,1.6015666666666666,0.0,0.0,1,38,81.0
RED,2017-02-22 13:47:10.124,2017-02-22 13:55:41.834,1.61,3,8.5285,0.18877880049246645,0.5366666666666667,1,41,79.5
RED,2017-02-22 13:58:23.806,2017-02-22 14:05:08.182,1.21,2,6.739599999999999,0.17953587750014838,0.605,1,43,78.5
GREEN,2017-02-22 14:05:47.279,2017-02-22 14:33:51.983,0.0,0,28.0784,0.0,0.0,1,43,78.5
RED,2017-02-22 14:43:59.144,2017-02-22 14:55:34.765,2.42,4,11.593683333333333,0.20873435390823453,0.605,1,47,76.5
RED,2017-02-22 15:01:33.555,2017-02-22 15:07:48.116,1.71,2,6.242683333333333,0.2739206697974429,0.855,1,49,75.5
GREEN,2017-02-22 15:13:18.795,2017-02-22 15:21:38.139,0.0,0,8.3224,0.0,0.0,1,49,75.5
RED,2017-02-22 15:27:57.585,2017-02-22 15:38:23.533,1.89,2,10.432466666666667,0.18116520861157795,0.945,1,51,74.5
GREEN,2017-02-22 15:52:24.424,2017-02-22 16:25:27.224,0.0,0,33.04666666666667,0.0,0.0,1,51,74.5
RED,2017-02-22 16:28:10.193,2017-02-22 16:47:08.906,3.71,5,18.97855,0.19548384887148915,0.742,1,56,72.0
RED,2017-02-22 16:48:40.606,2017-02-22 17:24:11.936,6.89,11,35.522166666666664,0.19396339374944285,0.6263636363636363,1,67,66.5
GREEN,2017-02-22 17:26:10.053,2017-02-22 17:33:24.674,0.0,0,7.243683333333333,0.0,0.0,1,67,66.5
RED,2017-02-22 17:37:56.837,2017-02-22 18:10:34.195,6.07,4,32.62263333333333,0.1860671374373007,1.5175,1,71,64.5
RED,2017-02-22 18:12:02.552,2017-02-22 18:48:09.330,7.38,12,36.112966666666665,0.2043587298744957,0.615,1,83,58.5
RED,2017-02-22 18:48:54.559,2017-02-22 20:10:54.520,15.31,19,81.99935,0.18670879708192809,0.8057894736842105,1,102,49.0
RED,2017-02-22 20:11:01.790,2017-02-22 20:23:46.125,2.42,4,12.738916666666666,0.18996905807008707,0.605,1,106,47.0
GREEN,2017-02-22 20:23:46.125,2017-02-22 21:55:38.712,0.0,0,91.87645,0.0,0.0,1,106,47.0
RED,2017-02-22 22:08:16.389,2017-02-22 22:18:39.742,2.02,4,10.389216666666666,0.19443236817661905,0.505,1,110,44.99999999999999
GREEN,2017-02-22 22:25:01.206,2017-02-23 06:59:23.926,0.0,0,514.3786666666667,0.0,0.0,1,110,44.99999999999999
RED,2017-02-23 07:00:37.847,2017-02-23 07:13:31.973,2.62,5,12.902099999999999,0.2030677176583657,0.524,1,115,42.50000000000001
RED,2017-02-23 07:17:11.196,2017-02-23 07:36:22.539,3.91,5,19.18905,0.2037620413725536,0.782,1,120,40.0
GREEN,2017-02-23 07:56:08.085,2017-02-23 08:12:45.276,0.0,0,16.61985,0.0,0.0,1,120,40.0
RED,2017-02-23 08:14:42.360,2017-02-23 08:44:54.214,6.05,12,30.197566666666667,0.20034726859890475,0.5041666666666667,1,132,34.0
RED,2017-02-23 08:48:13.992,2017-02-23 08:55:33.466,1.61,2,7.324566666666667,0.2198082252875028,0.805,1,134,33.0
GREEN,2017-02-23 08:57:47.302,2017-02-23 14:21:42.466,0.0,0,323.9194,0.0,0.0,1,134,33.0
RED,2017-02-23 14:24:05.904,2017-02-23 14:33:41.921,2.02,3,9.600283333333334,0.21041045663582844,0.6733333333333333,1,137,31.5
RED,2017-02-23 14:33:55.367,2017-02-23 14:53:52.631,5.21,10,19.9544,0.26109529727779335,0.521,1,147,26.5
RED,2017-02-23 14:55:02.279,2017-02-23 15:01:16.757,1.41,2,6.2413,0.2259144729463413,0.705,1,149,25.5
RED,2017-02-23 15:02:17.321,2017-02-23 15:14:07.172,2.42,4,11.83085,0.20454996893714314,0.605,1,153,23.5
RED,2017-02-23 15:16:33.794,2017-02-23 15:27:10.063,2.22,2,10.604483333333333,0.209345418368646,1.11,1,155,22.5
GREEN,2017-02-23 15:28:09.006,2017-02-23 15:59:22.590,0.0,0,31.2264,0.0,0.0,1,155,22.5
RED,2017-02-23 15:59:40.092,2017-02-23 16:06:43.575,1.41,3,7.05805,0.19977189166979548,0.47,1,158,21.0
GREEN,2017-02-23 16:08:23.216,2017-02-23 16:24:36.988,0.0,0,16.229533333333332,0.0,0.0,1,158,21.0
RED,2017-02-23 16:31:14.924,2017-02-23 17:04:04.943,6.66,14,32.83365,0.2028406832624457,0.4757142857142857,1,14,93.0
RED,2017-02-24 02:20:30.108,2017-02-24 02:38:15.824,3.63,8,17.76193333333333,0.20436964444561218,0.45375,1,22,89.0
GREEN,2017-02-24 02:48:47.324,2017-02-24 06:15:46.741,0.0,0,206.99028333333334,0.0,0.0,1,22,89.0
RED,2017-02-24 06:19:10.948,2017-02-24 06:30:31.598,2.42,6,11.344166666666666,0.2133254976860354,0.4033333333333333,1,28,86.0
RED,2017-02-24 06:32:39.186,2017-02-24 06:48:12.740,3.03,5,15.559233333333333,0.19473967226320063,0.606,1,33,83.5
GREEN,2017-02-24 06:55:28.642,2017-02-24 09:37:20.491,0.0,0,161.86415,0.0,0.0,1,33,83.5
RED,2017-02-24 09:51:22.342,2017-02-24 10:05:17.749,3.65,6,13.92345,0.26214767173365794,0.6083333333333333,1,39,80.5
GREEN,2017-02-24 10:06:47.434,2017-02-24 14:28:21.350,0.0,0,261.5652666666667,0.0,0.0,1,39,80.5
RED,2017-02-24 14:29:23.235,2017-02-24 15:13:20.362,7.94,4,43.95211666666667,0.18065114042668404,1.985,1,43,78.5
GREEN,2017-02-24 15:18:17.465,2017-02-24 15:37:45.768,0.0,0,19.47171666666667,0.0,0.0,1,43,78.5
RED,2017-02-24 15:41:38.948,2017-02-24 16:14:26.924,6.36,7,32.799600000000005,0.1939048037171185,0.9085714285714286,1,50,75.0
RED,2017-02-24 16:14:44.010,2017-02-24 16:30:25.807,3.14,5,15.696616666666667,0.20004310907764625,0.628,1,55,72.5
GREEN,2017-02-24 16:37:02.138,2017-02-24 19:38:31.527,0.0,0,181.48981666666666,0.0,0.0,1,55,72.5
RED,2017-02-24 19:39:03.377,2017-02-24 19:55:50.593,3.43,6,16.786933333333334,0.20432558656733016,0.5716666666666667,1,61,69.5
GREEN,2017-02-24 19:59:38.539,2017-02-24 20:00:30.545,0.0,0,0.8667666666666667,0.0,0.0,1,61,69.5
RED,2017-02-24 20:18:01.515,2017-02-24 20:34:08.796,4.17,5,16.12135,0.258663201282771,0.834,1,66,67.0
GREEN,2017-02-24 20:39:23.226,2017-02-24 21:23:38.216,0.0,0,44.24983333333333,0.0,0.0,1,66,67.0
RED,2017-02-24 21:31:24.768,2017-02-24 21:47:36.221,3.23,6,16.190883333333332,0.19949498328792029,0.5383333333333333,1,72,64.0
GREEN,2017-02-24 21:53:25.574,2017-02-24 21:57:46.727,0.0,0,4.35255,0.0,0.0,1,72,64.0
RED,2017-02-24 22:01:03.617,2017-02-24 22:14:37.449,2.82,6,13.563866666666666,0.20790531706789608,0.47,1,78,61.0
RED,2017-02-24 22:15:46.749,2017-02-24 22:23:27.318,1.41,3,7.676150000000001,0.18368583209030567,0.47,1,81,59.5
RED,2017-02-24 22:24:26.239,2017-02-24 22:31:17.183,1.53,2,6.849066666666667,0.2233881015418159,0.765,1,83,58.5
RED,2017-02-24 22:32:32.111,2017-02-24 22:51:36.065,3.83,10,19.0659,0.20088220330537768,0.383,1,93,53.5
GREEN,2017-02-24 22:51:51.567,2017-02-24 23:49:56.443,0.0,0,58.08126666666667,0.0,0.0,1,93,53.5
RED,2017-02-24 23:53:26.085,2017-02-25 00:11:49.673,3.83,8,18.39313333333333,0.20822988289107894,0.47875,1,101,49.5
GREEN,2017-02-25 00:32:06.558,2017-02-25 03:14:40.425,0.0,0,162.56445,0.0,0.0,1,101,49.5
RED,2017-02-25 03:58:45.323,2017-02-25 04:29:51.847,8.08,13,31.10873333333333,0.25973413682331437,0.6215384615384616,1,114,43.00000000000001
RED,2017-02-25 05:10:24.770,2017-02-25 05:23:27.658,3.39,6,13.048133333333334,0.25980727766934736,0.5650000000000001,1,120,40.0
GREEN,2017-02-25 05:29:10.032,2017-02-25 05:34:31.740,0.0,0,5.361800000000001,0.0,0.0,1,120,40.0
RED,2017-02-25 05:41:53.628,2017-02-25 05:58:11.836,4.57,8,16.303466666666665,0.28030848244954043,0.57125,1,128,36.0
RED,2017-02-25 07:03:39.311,2017-02-25 07:10:08.809,1.71,3,6.491633333333334,0.2634159867316392,0.57,1,131,34.5
RED,2017-02-25 07:20:28.576,2017-02-25 07:55:15.473,9.12,24,34.781616666666665,0.2622074783757895,0.37999999999999995,1,155,22.5
GREEN,2017-02-25 07:55:41.123,2017-02-25 08:31:06.906,0.0,0,35.429716666666664,0.0,0.0,1,155,22.5
RED,2017-02-25 09:15:08.704,2017-02-25 09:38:00.709,0.0,0,22.866750000000003,0.0,0.0,1,155,22.5
GREEN,2017-02-25 09:39:51.548,2017-02-25 09:41:27.453,0.0,0,1.5984166666666666,0.0,0.0,1,155,22.5
RED,2017-02-25 09:45:55.219,2017-02-25 09:58:31.736,3.39,4,12.608616666666668,0.2688637532269598,0.8475,1,159,20.5
GREEN,2017-02-25 10:00:42.121,2017-02-25 10:00:49.259,0.0,0,0.11896666666666667,0.0,0.0,1,159,20.5
RED,2017-02-25 10:03:44.063,2017-02-25 19:11:03.331,0.32,0,547.3211333333333,0.000584665894501668,inf,1,159,20.5
GREEN,2017-02-25 19:13:20.242,2017-02-25 19:13:50.767,0.0,0,0.5087499999999999,0.0,0.0,1,159,20.5
RED,2017-02-25 19:14:37.662,2017-02-25 19:47:34.156,6.66,7,32.94156666666667,0.2021761766036224,0.9514285714285714,1,7,96.5
RED,2017-02-26 04:51:02.459,2017-02-26 04:59:24.855,1.82,3,8.373266666666668,0.21735841845874568,0.6066666666666667,1,10,95.0
GREEN,2017-02-26 05:45:46.129,2017-02-26 13:54:37.357,0.0,0,488.8538,0.0,0.0,1,10,95.0
RED,2017-02-26 13:59:13.474,2017-02-26 14:21:01.816,4.44,5,21.8057,0.2036164855978024,0.8880000000000001,1,15,92.5
RED,2017-02-26 14:25:36.105,2017-02-26 14:39:53.448,2.82,6,14.28905,0.19735391786017964,0.47,1,21,89.5
RED,2017-02-26 14:39:59.483,2017-02-26 14:48:03.927,1.61,3,8.074066666666667,0.19940385266408503,0.5366666666666667,1,24,88.0
RED,2017-02-26 14:49:22.930,2017-02-26 15:01:55.068,2.42,3,12.535633333333333,0.19304967971303139,0.8066666666666666,1,27,86.5
GREEN,2017-02-26 15:02:04.303,2017-02-26 15:32:01.410,0.0,0,29.95178333333333,0.0,0.0,1,27,86.5
RED,2017-02-26 15:50:28.344,2017-02-26 16:04:20.230,2.82,5,13.864766666666666,0.20339325340250947,0.564,1,32,84.0
GREEN,2017-02-26 16:09:02.429,2017-02-26 16:28:24.811,0.0,0,19.373033333333336,0.0,0.0,1,32,84.0
RED,2017-02-26 16:38:17.228,2017-02-26 17:57:12.633,13.83,8,78.92341666666667,0.1752331637948602,1.72875,1,40,80.0
GREEN,2017-02-26 17:59:34.221,2017-02-26 18:00:39.292,0.0,0,1.0845166666666666,0.0,0.0,1,40,80.0
RED,2017-02-26 18:04:17.764,2017-02-26 18:18:06.673,3.65,4,13.81515,0.2642027050013934,0.9125,1,44,78.0
GREEN,2017-02-26 18:19:03.690,2017-02-26 18:31:07.884,0.0,0,12.069899999999999,0.0,0.0,1,44,78.0
RED,2017-02-26 18:32:45.007,2017-02-26 18:48:36.885,3.23,4,15.864633333333334,0.2035975198502329,0.8075,1,48,76.0
GREEN,2017-02-26 18:48:36.885,2017-02-27 08:24:37.522,0.0,0,816.0106166666667,0.0,0.0,1,48,76.0
RED,2017-02-27 08:39:01.900,2017-02-27 08:48:34.113,2.86,3,9.536883333333332,0.29988832829732986,0.9533333333333333,1,51,74.5
GREEN,2017-02-27 08:52:10.143,2017-02-27 08:54:51.317,0.0,0,2.6862333333333335,0.0,0.0,1,51,74.5
RED,2017-02-27 08:55:03.786,2017-02-27 09:09:34.735,3.91,5,14.515816666666666,0.26936135181279275,0.782,1,56,72.0
GREEN,2017-02-27 09:13:22.381,2017-02-27 11:38:35.240,0.0,0,145.21431666666666,0.0,0.0,1,56,72.0
RED,2017-02-27 12:07:23.709,2017-02-27 12:16:43.586,1.82,1,9.331283333333333,0.1950428397665916,1.82,1,57,71.5
RED,2017-02-27 12:25:59.873,2017-02-27 12:41:45.443,3.23,7,15.759500000000001,0.2049557409816301,0.4614285714285714,1,64,68.0
RED,2017-02-27 12:42:11.051,2017-02-27 12:50:03.672,1.61,3,7.877016666666666,0.20439210276310196,0.5366666666666667,1,67,66.5
RED,2017-02-27 12:57:18.259,2017-02-27 13:05:07.256,1.53,1,7.8166166666666665,0.19573685972404942,1.53,1,68,66.0
GREEN,2017-02-27 13:09:56.038,2017-02-27 13:55:42.529,0.0,0,45.77485,0.0,0.0,1,68,66.0
RED,2017-02-27 14:10:33.668,2017-02-27 14:20:26.793,2.02,3,9.885416666666666,0.2043414120126449,0.6733333333333333,1,71,64.5
GREEN,2017-02-27 14:31:37.612,2017-02-27 15:04:56.763,0.0,0,33.319183333333335,0.0,0.0,1,71,64.5
RED,2017-02-27 15:22:30.751,2017-02-27 15:35:47.515,2.54,3,13.2794,0.191273702125096,0.8466666666666667,1,74,63.0
RED,2017-02-27 15:43:03.479,2017-02-27 15:57:34.334,3.03,4,14.51425,0.20876035620166386,0.7575,1,78,61.0
GREEN,2017-02-27 16:05:17.978,2017-02-27 16:14:09.808,0.0,0,8.863833333333334,0.0,0.0,1,78,61.0
RED,2017-02-27 16:24:04.804,2017-02-27 16:29:40.659,1.21,2,5.597583333333334,0.21616471393905107,0.605,1,80,60.0
GREEN,2017-02-27 16:37:15.542,2017-02-27 16:42:01.292,0.0,0,4.7625,0.0,0.0,1,80,60.0
RED,2017-02-27 16:44:13.390,2017-02-27 17:12:24.243,5.65,10,28.180883333333334,0.2004905216479493,0.5650000000000001,1,90,55.0
RED,2017-02-27 17:15:20.718,2017-02-27 17:34:17.617,4.95,4,18.948316666666663,0.26123692605939497,1.2375,1,94,53.0
GREEN,2017-02-27 17:35:38.663,2017-02-27 17:35:42.489,0.0,0,0.06376666666666667,0.0,0.0,1,94,53.0
RED,2017-02-27 17:41:02.965,2017-02-27 18:00:19.248,3.83,8,19.271383333333333,0.1987402737911048,0.47875,1,102,49.0
RED,2017-02-27 18:03:06.986,2017-02-27 18:37:19.143,6.4,7,34.20261666666667,0.18712018622356866,0.9142857142857144,1,109,45.49999999999999
GREEN,2017-02-27 18:38:24.161,2017-02-27 18:38:46.279,0.0,0,0.3686333333333333,0.0,0.0,1,109,45.49999999999999
RED,2017-02-27 18:46:43.607,2017-02-27 18:52:19.010,1.56,1,5.590050000000001,0.27906727131242115,1.56,1,110,44.99999999999999
GREEN,2017-02-27 18:56:17.223,2017-02-27 18:56:23.223,0.0,0,0.1,0.0,0.0,1,110,44.99999999999999
RED,2017-02-27 18:57:33.422,2017-02-27 19:12:50.398,3.23,4,15.282933333333334,0.21134686185897994,0.8075,1,114,43.00000000000001
GREEN,2017-02-27 19:16:33.676,2017-02-27 19:18:03.150,0.0,0,1.4912333333333334,0.0,0.0,1,114,43.00000000000001
RED,2017-02-27 19:25:43.573,2017-02-27 19:40:04.349,3.03,5,14.346266666666667,0.21120477336728719,0.606,1,119,40.5
GREEN,2017-02-27 19:40:04.349,2017-02-27 19:45:27.596,0.0,0,5.38745,0.0,0.0,1,119,40.5
RED,2017-02-27 20:02:26.618,2017-02-27 20:07:16.207,1.3,2,4.826483333333333,0.2693472473056643,0.65,1,121,39.5
GREEN,2017-02-27 20:09:46.776,2017-02-27 20:16:42.614,0.0,0,6.930633333333334,0.0,0.0,1,121,39.5
RED,2017-02-27 20:22:15.896,2017-02-27 20:31:02.491,2.34,4,8.776583333333333,0.2666185588545277,0.585,1,125,37.5
GREEN,2017-02-27 20:38:46.718,2017-02-27 21:04:14.848,0.0,0,25.468833333333336,0.0,0.0,1,125,37.5
RED,2017-02-27 21:23:21.773,2017-02-27 21:32:46.620,2.02,5,9.414116666666667,0.21457137950630878,0.404,1,130,35.0
GREEN,2017-02-27 21:34:24.350,2017-02-28 07:10:32.911,0.0,0,576.1426833333334,0.0,0.0,1,130,35.0
RED,2017-02-28 07:11:40.174,2017-02-28 07:29:23.711,3.75,6,17.725616666666667,0.21155822505469954,0.625,1,136,32.0
GREEN,2017-02-28 07:31:13.032,2017-02-28 10:07:31.192,0.0,0,156.30266666666665,0.0,0.0,1,136,32.0
RED,2017-02-28 10:24:22.599,2017-02-28 10:50:33.423,6.77,9,26.180400000000002,0.25859039586866506,0.7522222222222221,1,145,27.5
RED,2017-02-28 10:52:44.819,2017-02-28 11:17:19.229,4.84,9,24.573500000000003,0.19696013998819864,0.5377777777777778,1,154,23.0
GREEN,2017-02-28 11:20:50.160,2017-02-28 13:34:02.953,0.0,0,133.21321666666665,0.0,0.0,1,154,23.0
RED,2017-02-28 13:42:53.997,2017-02-28 13:54:33.538,2.34,4,11.659016666666668,0.20070303241697052,0.585,1,158,21.0
RED,2017-02-28 14:07:14.945,2017-02-28 14:38:02.550,6.25,11,30.793416666666666,0.20296546069100269,0.5681818181818182,1,11,94.5
GREEN,2017-03-01 00:22:40.235,2017-03-01 06:43:14.129,0.0,0,380.5649,0.0,0.0,1,11,94.5
RED,2017-03-01 06:59:35.729,2017-03-01 07:16:02.339,4.48,7,16.4435,0.27244807978836627,0.64,1,18,91.0
RED,2017-03-01 07:16:29.209,2017-03-01 07:54:26.449,9.7,12,37.95399999999999,0.25557253517415823,0.8083333333333332,1,30,85.0
GREEN,2017-03-01 07:58:26.706,2017-03-01 08:12:19.982,0.0,0,13.887933333333333,0.0,0.0,1,30,85.0
RED,2017-03-01 08:12:51.260,2017-03-01 08:17:37.069,1.01,2,4.763483333333334,0.2120297121504221,0.505,1,32,84.0
RED,2017-03-01 08:17:53.040,2017-03-01 08:32:32.662,3.91,4,14.660366666666667,0.26670547121377136,0.9775,1,36,82.0
GREEN,2017-03-01 08:33:10.054,2017-03-01 12:23:03.811,0.0,0,229.89595,0.0,0.0,1,36,82.0
RED,2017-03-01 12:30:28.711,2017-03-01 12:54:16.284,4.76,9,23.792883333333336,0.2000598218094626,0.5288888888888889,1,45,77.5
RED,2017-03-01 12:54:38.405,2017-03-01 13:12:21.766,3.63,7,17.722683333333336,0.2048222569757589,0.5185714285714286,1,52,74.0
RED,2017-03-01 13:18:24.391,2017-03-01 13:40:32.350,4.27,8,22.13265,0.19292764309741486,0.53375,1,60,70.0
RED,2017-03-01 13:52:51.199,2017-03-01 16:00:16.747,27.66,24,127.4258,0.21706750124386115,1.1525,1,84,58.0
RED,2017-03-01 16:00:58.067,2017-03-01 16:18:12.757,4.29,4,17.244833333333336,0.24877016304400348,1.0725,1,88,56.0
RED,2017-03-01 16:19:54.302,2017-03-01 16:26:03.816,1.21,2,6.158566666666667,0.19647428784836296,0.605,1,90,55.0
RED,2017-03-01 16:29:32.182,2017-03-01 16:54:50.304,4.96,8,25.302033333333334,0.1960316759786104,0.62,1,98,51.0
RED,2017-03-01 16:55:51.575,2017-03-01 17:12:20.524,3.1,5,16.48248333333333,0.18807845500627438,0.62,1,103,48.5
RED,2017-03-01 17:21:59.172,2017-03-01 17:44:29.885,4.64,8,22.511883333333333,0.2061133638308064,0.58,1,111,44.49999999999999
GREEN,2017-03-01 17:57:55.169,2017-03-01 17:57:59.543,0.0,0,0.07289999999999999,0.0,0.0,1,111,44.49999999999999
RED,2017-03-01 17:59:45.995,2017-03-01 18:08:25.134,1.82,2,8.652316666666668,0.21034828822338525,0.91,1,113,43.50000000000001
GREEN,2017-03-01 18:09:43.145,2017-03-01 20:12:33.552,0.0,0,122.84011666666667,0.0,0.0,1,113,43.50000000000001
RED,2017-03-01 20:21:53.619,2017-03-01 20:27:54.037,1.21,1,6.006966666666667,0.20143278082670676,1.21,1,114,43.00000000000001
GREEN,2017-03-01 20:32:48.173,2017-03-01 22:51:37.508,0.0,0,138.82225,0.0,0.0,1,114,43.00000000000001
RED,2017-03-01 23:22:37.519,2017-03-01 23:34:51.593,2.42,5,12.234566666666666,0.19780022177600623,0.484,1,119,40.5
GREEN,2017-03-01 23:36:20.185,2017-03-01 23:37:21.430,0.0,0,1.02075,0.0,0.0,1,119,40.5
RED,2017-03-01 23:45:49.789,2017-03-02 00:07:05.118,4.24,11,21.255483333333334,0.19947793863387409,0.3854545454545455,1,130,35.0
GREEN,2017-03-02 00:14:41.284,2017-03-02 00:40:56.575,0.0,0,26.254849999999998,0.0,0.0,1,130,35.0
RED,2017-03-02 00:46:40.730,2017-03-02 00:57:32.504,2.22,5,10.8629,0.2043653168122693,0.44400000000000006,1,135,32.5
GREEN,2017-03-02 01:49:38.195,2017-03-02 02:13:26.484,0.0,0,23.804816666666667,0.0,0.0,1,135,32.5
RED,2017-03-02 02:59:02.380,2017-03-02 03:13:06.177,2.82,6,14.063283333333334,0.20052216350615135,0.47,1,141,29.5
RED,2017-03-02 03:53:35.216,2017-03-02 04:05:52.389,2.42,8,12.286216666666666,0.19696868984620977,0.3025,1,149,25.5
GREEN,2017-03-02 04:13:50.362,2017-03-02 04:39:51.412,0.0,0,26.0175,0.0,0.0,1,149,25.5
RED,2017-03-02 05:33:25.513,2017-03-02 05:36:16.604,0.61,0,2.851516666666667,0.213921246588073,inf,1,149,25.5
GREEN,2017-03-02 05:51:22.860,2017-03-02 06:59:10.909,0.0,0,67.80081666666666,0.0,0.0,1,149,25.5
RED,2017-03-02 07:06:33.845,2017-03-02 07:24:22.648,3.63,9,17.813383333333334,0.2037793681342586,0.4033333333333333,1,158,21.0
GREEN,2017-03-02 07:31:10.056,2017-03-02 07:33:50.575,0.0,0,2.675316666666667,0.0,0.0,1,158,21.0
RED,2017-03-02 07:42:07.843,2017-03-02 07:50:31.520,1.61,3,8.394616666666668,0.1917895794328508,0.5366666666666667,1,3,98.5
GREEN,2017-03-02 16:51:57.373,2017-03-02 16:52:05.460,0.0,0,0.13478333333333334,0.0,0.0,1,3,98.5
RED,2017-03-02 17:11:18.733,2017-03-02 17:44:17.287,6.66,10,32.9759,0.2019656779648167,0.666,1,13,93.5
GREEN,2017-03-02 17:45:29.726,2017-03-02 18:00:18.226,0.0,0,14.808333333333334,0.0,0.0,1,13,93.5
RED,2017-03-02 18:06:21.244,2017-03-02 18:31:01.418,4.84,6,24.669566666666665,0.1961931502647662,0.8066666666666666,1,19,90.5
GREEN,2017-03-02 18:34:03.305,2017-03-02 18:35:23.588,0.0,0,1.33805,0.0,0.0,1,19,90.5
RED,2017-03-02 18:50:28.806,2017-03-02 18:57:11.664,1.82,2,6.7143,0.2710632530569084,0.91,1,21,89.5
GREEN,2017-03-02 18:57:46.790,2017-03-02 19:03:23.280,0.0,0,5.6081666666666665,0.0,0.0,1,21,89.5
RED,2017-03-02 19:06:14.375,2017-03-02 19:32:41.444,5.45,9,26.45115,0.20604019106919738,0.6055555555555556,1,30,85.0
GREEN,2017-03-02 19:35:22.828,2017-03-02 19:35:53.816,0.0,0,0.5164666666666666,0.0,0.0,1,30,85.0
RED,2017-03-02 19:38:03.919,2017-03-02 19:48:28.800,2.22,3,10.414683333333333,0.2131605857755317,0.7400000000000001,1,33,83.5
RED,2017-03-02 19:48:33.404,2017-03-02 20:05:15.179,3.23,7,16.69625,0.1934566145092461,0.4614285714285714,1,40,80.0
GREEN,2017-03-02 20:06:03.871,2017-03-02 20:07:04.426,0.0,0,1.00925,0.0,0.0,1,40,80.0
RED,2017-03-02 20:08:23.673,2017-03-02 20:17:51.777,1.82,3,9.4684,0.19221832622195936,0.6066666666666667,1,43,78.5
GREEN,2017-03-02 20:28:49.989,2017-03-02 22:13:32.625,0.0,0,104.71060000000001,0.0,0.0,1,43,78.5
RED,2017-03-02 22:19:47.773,2017-03-02 22:39:34.269,4.03,7,19.774933333333333,0.20379335454986786,0.5757142857142857,1,50,75.0
GREEN,2017-03-02 22:49:15.091,2017-03-02 22:53:02.624,0.0,0,3.7922166666666666,0.0,0.0,1,50,75.0
RED,2017-03-02 23:12:23.387,2017-03-02 23:18:25.315,1.21,1,6.032133333333333,0.20059238301540638,1.21,1,51,74.5
GREEN,2017-03-02 23:18:39.694,2017-03-03 00:26:44.082,0.0,0,68.07313333333333,0.0,0.0,1,51,74.5
RED,2017-03-03 00:28:23.654,2017-03-03 01:02:30.387,8.99,13,34.11221666666667,0.2635419470932457,0.6915384615384615,1,64,68.0
GREEN,2017-03-03 01:41:52.811,2017-03-03 07:03:42.521,0.0,0,321.82849999999996,0.0,0.0,1,64,68.0
RED,2017-03-03 07:03:54.000,2017-03-03 07:19:39.613,4.57,6,15.760216666666668,0.2899706328064441,0.7616666666666667,1,70,65.0
RED,2017-03-03 07:19:47.449,2017-03-03 07:45:02.770,5.04,11,25.25535,0.19956167703080732,0.4581818181818182,1,81,59.5
RED,2017-03-03 07:48:34.269,2017-03-03 07:58:27.233,2.02,2,9.882733333333334,0.20439689424653096,1.01,1,83,58.5
GREEN,2017-03-03 08:04:47.143,2017-03-03 08:57:36.129,0.0,0,52.81643333333333,0.0,0.0,1,83,58.5
RED,2017-03-03 09:10:29.783,2017-03-03 09:17:45.613,1.41,2,7.263833333333333,0.19411238326870567,0.705,1,85,57.5
GREEN,2017-03-03 09:18:26.847,2017-03-03 14:14:54.546,0.0,0,296.46165,0.0,0.0,1,85,57.5
RED,2017-03-03 14:18:57.932,2017-03-03 14:45:53.927,7.46,4,26.933249999999997,0.2769810550156405,1.865,1,89,55.5
GREEN,2017-03-03 14:47:00.939,2017-03-03 14:57:43.456,0.0,0,10.708616666666668,0.0,0.0,1,89,55.5
RED,2017-03-03 15:09:57.828,2017-03-03 15:21:48.920,2.42,4,11.851533333333332,0.2041929876865441,0.605,1,93,53.5
RED,2017-03-03 15:22:02.460,2017-03-03 15:39:50.044,3.51,5,17.793066666666668,0.19726784964930158,0.702,1,98,51.0
RED,2017-03-03 15:40:55.265,2017-03-03 16:05:05.798,6.11,6,24.175549999999998,0.25273468442289837,1.0183333333333333,1,104,48.0
RED,2017-03-03 16:06:51.988,2017-03-03 16:17:29.775,2.02,3,10.629783333333334,0.19003209535471874,0.6733333333333333,1,107,46.5
GREEN,2017-03-03 16:18:05.931,2017-03-03 16:30:31.562,0.0,0,12.427183333333334,0.0,0.0,1,107,46.5
RED,2017-03-03 16:43:48.548,2017-03-03 17:07:43.269,4.84,8,23.912016666666666,0.20240869130653277,0.605,1,115,42.50000000000001
RED,2017-03-03 17:09:22.486,2017-03-03 17:18:52.709,1.82,3,9.503716666666666,0.1915040256180477,0.6066666666666667,1,118,41.0
GREEN,2017-03-03 17:18:52.709,2017-03-03 17:47:10.604,0.0,0,28.29825,0.0,0.0,1,118,41.0
RED,2017-03-03 17:51:06.176,2017-03-03 19:07:20.256,14.73,30,76.23466666666667,0.1932191828739331,0.491,1,148,26.0
GREEN,2017-03-03 19:09:37.169,2017-03-03 19:10:55.381,0.0,0,1.3035333333333334,0.0,0.0,1,148,26.0
RED,2017-03-03 19:19:01.666,2017-03-03 19:30:00.020,2.22,3,10.972566666666667,0.2023227625259359,0.7400000000000001,1,151,24.5
RED,2017-03-03 19:30:52.705,2017-03-03 19:46:13.860,3.03,6,15.352583333333333,0.19736092188611035,0.505,1,157,21.5
GREEN,2017-03-03 19:46:20.498,2017-03-03 23:38:59.595,0.0,0,232.65161666666665,0.0,0.0,1,157,21.5
RED,2017-03-03 23:39:59.404,2017-03-04 00:11:28.732,8.86,12,31.4888,0.2813698838952262,0.7383333333333333,1,12,94.0
RED,2017-03-04 09:18:23.052,2017-03-04 09:36:42.841,3.83,10,18.329816666666666,0.2089491711591951,0.383,1,22,89.0
GREEN,2017-03-04 09:50:06.036,2017-03-04 09:52:14.347,0.0,0,2.138516666666667,0.0,0.0,1,22,89.0
RED,2017-03-04 09:52:22.961,2017-03-04 12:36:37.363,27.99,15,164.24003333333334,0.17042130004438624,1.8659999999999999,1,37,81.5
GREEN,2017-03-04 12:36:57.305,2017-03-04 12:52:53.031,0.0,0,15.928766666666666,0.0,0.0,1,37,81.5
RED,2017-03-04 13:08:34.851,2017-03-04 13:13:22.795,1.01,1,4.799066666666667,0.21045758897563416,1.01,1,38,81.0
RED,2017-03-04 13:13:23.525,2017-03-04 13:23:31.335,2.14,4,10.130166666666666,0.2112502262220102,0.535,1,42,79.0
GREEN,2017-03-04 13:26:50.692,2017-03-04 13:29:32.366,0.0,0,2.6945666666666668,0.0,0.0,1,42,79.0
RED,2017-03-04 13:33:32.828,2017-03-04 13:41:24.478,1.61,2,7.860833333333333,0.20481289091487334,0.805,1,44,78.0
GREEN,2017-03-04 13:46:55.381,2017-03-04 13:50:03.864,0.0,0,3.141383333333333,0.0,0.0,1,44,78.0
RED,2017-03-04 13:51:32.067,2017-03-04 14:12:05.070,3.86,3,20.55005,0.18783409286108793,1.2866666666666666,1,47,76.5
GREEN,2017-03-04 14:13:10.022,2017-03-04 14:13:14.672,0.0,0,0.0775,0.0,0.0,1,47,76.5
RED,2017-03-04 14:28:51.525,2017-03-04 14:39:02.404,2.86,3,10.181316666666667,0.28090669346957414,0.9533333333333333,1,50,75.0
RED,2017-03-04 14:39:08.635,2017-03-04 14:52:24.240,2.62,5,13.260083333333334,0.19758548525964517,0.524,1,55,72.5
GREEN,2017-03-04 14:56:25.678,2017-03-04 14:56:46.275,0.0,0,0.34328333333333333,0.0,0.0,1,55,72.5
RED,2017-03-04 15:00:06.893,2017-03-04 15:09:25.340,1.82,4,9.30745,0.19554228064614906,0.455,1,59,70.5
GREEN,2017-03-04 15:11:17.784,2017-03-04 15:22:11.814,0.0,0,10.9005,0.0,0.0,1,59,70.5
RED,2017-03-04 15:36:29.187,2017-03-04 15:44:31.271,2.29,1,8.034733333333334,0.28501257042341166,2.29,1,60,70.0
GREEN,2017-03-04 15:48:10.068,2017-03-04 15:53:57.303,0.0,0,5.78725,0.0,0.0,1,60,70.0
RED,2017-03-04 15:55:17.056,2017-03-04 17:58:29.385,34.36,90,123.20548333333333,0.2788836914590787,0.38177777777777777,1,150,25.0
RED,2017-03-04 17:59:42.362,2017-03-04 18:20:24.053,4.24,9,20.69485,0.20488189090522524,0.47111111111111115,1,159,20.5
GREEN,2017-03-04 18:22:03.098,2017-03-04 18:23:09.624,0.0,0,1.1087666666666667,0.0,0.0,1,159,20.5
RED,2017-03-04 18:30:48.454,2017-03-04 18:53:08.682,4.44,7,22.337133333333334,0.198772149216402,0.6342857142857143,1,7,96.5
GREEN,2017-03-05 04:18:10.014,2017-03-05 04:34:58.953,0.0,0,16.815649999999998,0.0,0.0,1,7,96.5
RED,2017-03-05 04:44:18.639,2017-03-05 04:47:45.194,0.78,2,3.4425833333333333,0.2265740359710489,0.39,1,9,95.5
RED,2017-03-05 05:33:43.371,2017-03-05 05:35:29.729,0.32,0,1.7726333333333335,0.1805223866563869,inf,1,9,95.5
RED,2017-03-05 06:34:34.337,2017-03-05 06:44:11.797,2.02,4,9.624333333333334,0.2098846673362657,0.505,1,13,93.5
RED,2017-03-05 06:59:46.969,2017-03-05 07:23:29.024,4.64,20,23.700916666666668,0.19577301862445542,0.23199999999999998,1,33,83.5
GREEN,2017-03-05 07:28:02.378,2017-03-05 16:32:29.461,0.0,0,544.4513833333333,0.0,0.0,1,33,83.5
RED,2017-03-05 16:37:49.150,2017-03-05 16:43:16.178,1.21,2,5.450466666666667,0.22199933950609732,0.605,1,35,82.5
RED,2017-03-05 17:01:15.954,2017-03-05 17:15:24.363,4.0,5,14.14015,0.28288243052584305,0.8,1,40,80.0
GREEN,2017-03-05 17:21:34.014,2017-03-05 18:30:44.901,0.0,0,69.18145,0.0,0.0,1,40,80.0
RED,2017-03-05 18:36:36.625,2017-03-05 18:54:08.037,3.43,10,17.523533333333333,0.19573678063404262,0.343,1,50,75.0
RED,2017-03-05 19:04:43.324,2017-03-05 19:28:59.097,5.04,8,24.26288333333333,0.20772469334161303,0.63,1,58,71.0
RED,2017-03-05 19:31:16.615,2017-03-05 20:00:19.313,5.93,14,29.044966666666667,0.2041661836990689,0.42357142857142854,1,72,64.0
RED,2017-03-05 20:00:24.913,2017-03-05 20:08:53.462,1.82,3,8.475816666666667,0.21472857089484004,0.6066666666666667,1,75,62.5
GREEN,2017-03-05 20:09:48.630,2017-03-05 20:19:43.713,0.0,0,9.91805,0.0,0.0,1,75,62.5
RED,2017-03-05 20:52:31.283,2017-03-05 21:05:35.870,2.62,6,13.07645,0.20036018950097315,0.4366666666666667,1,81,59.5
GREEN,2017-03-05 21:22:17.436,2017-03-09 17:35:48.813,0.0,0,5533.52295,0.0,0.0,1,81,59.5
RED,2017-03-09 17:45:29.778,2017-03-09 18:14:27.882,5.85,6,28.9684,0.20194418745943857,0.975,1,87,56.5
GREEN,2017-03-09 18:15:09.418,2017-03-09 19:26:04.070,0.0,0,70.91086666666666,0.0,0.0,1,87,56.5
RED,2017-03-09 19:28:55.037,2017-03-09 20:20:19.389,12.68,20,51.40586666666666,0.24666445334384665,0.634,1,107,46.5
GREEN,2017-03-09 20:27:48.879,2017-03-09 20:34:59.941,0.0,0,7.184366666666667,0.0,0.0,1,107,46.5
RED,2017-03-09 20:49:28.446,2017-03-09 20:59:29.549,1.93,4,10.018383333333333,0.1926458527074395,0.4825,1,111,44.49999999999999
GREEN,2017-03-09 21:03:10.034,2017-03-09 21:05:38.609,0.0,0,2.47625,0.0,0.0,1,111,44.49999999999999
RED,2017-03-09 21:41:36.092,2017-03-09 22:02:08.721,4.24,10,20.543816666666665,0.2063881346293167,0.42400000000000004,1,121,39.5
RED,2017-03-09 22:05:59.501,2017-03-09 22:22:05.744,3.23,4,16.10405,0.20057066390131673,0.8075,1,125,37.5
RED,2017-03-09 22:23:53.098,2017-03-09 22:35:51.472,2.42,3,11.972900000000001,0.20212312806421165,0.8066666666666666,1,128,36.0
GREEN,2017-03-09 22:43:43.341,2017-03-09 22:43:47.335,0.0,0,0.06656666666666668,0.0,0.0,1,128,36.0
RED,2017-03-09 22:44:54.439,2017-03-09 22:53:38.376,1.82,3,8.732283333333333,0.20842200493570792,0.6066666666666667,1,131,34.5
GREEN,2017-03-09 22:55:47.640,2017-03-10 02:45:35.951,0.0,0,229.80518333333333,0.0,0.0,1,131,34.5
RED,2017-03-10 02:54:02.111,2017-03-10 03:00:50.904,1.41,3,6.8132166666666665,0.20695070610308886,0.47,1,134,33.0
GREEN,2017-03-10 04:16:37.039,2017-03-10 06:53:16.392,0.0,0,156.65588333333332,0.0,0.0,1,134,33.0
RED,2017-03-10 07:06:10.709,2017-03-10 07:20:52.190,2.82,6,14.69135,0.19194968467839918,0.47,1,140,30.0
RED,2017-03-10 07:22:25.042,2017-03-10 07:43:21.742,4.24,17,20.945,0.20243494867510145,0.24941176470588236,1,157,21.5
RED,2017-03-10 07:55:23.609,2017-03-10 08:07:38.227,3.13,6,12.243633333333333,0.2556430689147285,0.5216666666666666,1,6,97.0
GREEN,2017-03-10 17:11:16.901,2017-03-10 17:18:58.841,0.0,0,7.699,0.0,0.0,1,6,97.0
RED,2017-03-10 17:21:05.572,2017-03-10 17:58:45.665,9.9,17,37.668216666666666,0.2628210432048593,0.5823529411764706,1,23,88.5
RED,2017-03-10 17:58:55.439,2017-03-10 18:06:32.598,1.61,3,7.619316666666666,0.21130503829083538,0.5366666666666667,1,26,87.0
GREEN,2017-03-10 18:09:15.046,2017-03-10 18:10:21.559,0.0,0,1.1085500000000001,0.0,0.0,1,26,87.0
RED,2017-03-10 18:22:42.187,2017-03-10 18:30:27.306,1.41,2,7.7519833333333334,0.1818889359497247,0.705,1,28,86.0
RED,2017-03-10 18:30:55.317,2017-03-10 18:55:00.207,4.84,9,24.081500000000002,0.200984157963582,0.5377777777777778,1,37,81.5
GREEN,2017-03-10 18:56:43.354,2017-03-10 18:57:41.060,0.0,0,0.9617666666666668,0.0,0.0,1,37,81.5
RED,2017-03-10 19:06:30.382,2017-03-10 19:19:10.868,3.39,4,12.674766666666667,0.2674605449672972,0.8475,1,41,79.5
GREEN,2017-03-10 19:21:33.057,2017-03-11 09:56:02.511,0.0,0,874.4909,0.0,0.0,1,41,79.5
RED,2017-03-11 10:09:52.281,2017-03-11 10:10:32.434,0.0,0,0.6692166666666667,0.0,0.0,1,41,79.5
RED,2017-03-11 10:11:42.409,2017-03-11 10:32:33.991,4.24,19,20.8597,0.20326275066276123,0.2231578947368421,1,60,70.0
GREEN,2017-03-11 10:42:59.323,2017-03-11 10:43:27.880,0.0,0,0.47595,0.0,0.0,1,60,70.0
RED,2017-03-11 12:09:35.959,2017-03-11 12:34:25.698,4.84,19,24.828983333333333,0.194933474924131,0.25473684210526315,1,79,60.5
GREEN,2017-03-11 12:41:20.805,2017-03-11 12:45:25.130,0.0,0,4.0720833333333335,0.0,0.0,1,79,60.5
RED,2017-03-11 13:02:07.581,2017-03-11 13:20:20.805,3.63,6,18.220399999999998,0.19922723979715046,0.605,1,85,57.5
RED,2017-03-11 13:25:40.088,2017-03-11 13:46:30.086,4.24,11,20.8333,0.203520325632521,0.3854545454545455,1,96,52.0
GREEN,2017-03-11 13:48:24.014,2017-03-11 13:56:03.852,0.0,0,7.663966666666667,0.0,0.0,1,96,52.0
RED,2017-03-11 14:11:04.017,2017-03-11 14:25:10.442,2.82,5,14.107083333333332,0.19989957763534869,0.564,1,101,49.5
RED,2017-03-11 14:25:43.577,2017-03-11 14:33:59.394,1.61,3,8.263616666666667,0.19482994733944176,0.5366666666666667,1,104,48.0
GREEN,2017-03-11 14:34:27.652,2017-03-11 14:58:02.459,0.0,0,23.580116666666665,0.0,0.0,1,104,48.0
RED,2017-03-11 15:18:38.046,2017-03-11 15:25:30.844,1.41,2,6.879966666666666,0.2049428534052975,0.705,1,106,47.0
GREEN,2017-03-11 15:26:54.020,2017-03-11 16:36:57.509,0.0,0,70.05815,0.0,0.0,1,106,47.0
RED,2017-03-11 17:06:15.156,2017-03-11 17:19:21.493,2.5,3,13.105616666666666,0.19075790659729863,0.8333333333333334,1,109,45.49999999999999
GREEN,2017-03-11 17:22:01.214,2017-03-11 17:26:18.816,0.0,0,4.2933666666666666,0.0,0.0,1,109,45.49999999999999
RED,2017-03-11 17:27:05.979,2017-03-11 17:39:48.816,2.62,3,12.71395,0.2060728569799315,0.8733333333333334,1,112,43.99999999999999
RED,2017-03-11 17:39:51.676,2017-03-11 17:51:43.039,3.43,3,11.856050000000002,0.28930377317909417,1.1433333333333333,1,115,42.50000000000001
GREEN,2017-03-11 17:52:58.054,2017-03-11 17:56:56.413,0.0,0,3.9726500000000002,0.0,0.0,1,115,42.50000000000001
RED,2017-03-11 17:59:51.207,2017-03-11 18:12:42.907,2.62,4,12.861666666666668,0.2037061034080601,0.655,1,119,40.5
RED,2017-03-11 18:19:52.885,2017-03-11 18:29:02.388,1.82,2,9.158383333333335,0.19872502970866399,0.91,1,121,39.5
GREEN,2017-03-11 18:31:04.523,2017-03-11 19:20:31.311,0.0,0,49.446466666666666,0.0,0.0,1,121,39.5
RED,2017-03-11 19:24:31.380,2017-03-11 19:33:03.407,2.34,2,8.533783333333334,0.27420429000814406,1.17,1,123,38.5
GREEN,2017-03-11 19:35:33.269,2017-03-11 19:35:40.625,0.0,0,0.1226,0.0,0.0,1,123,38.5
RED,2017-03-11 19:50:42.351,2017-03-11 20:00:59.375,2.61,4,10.283733333333334,0.2537988797842547,0.6525,1,127,36.5
RED,2017-03-11 20:04:15.676,2017-03-11 20:17:33.830,2.82,5,13.302566666666667,0.2119891649982334,0.564,1,132,34.0
GREEN,2017-03-11 20:20:10.087,2017-03-11 20:20:17.560,0.0,0,0.12455,0.0,0.0,1,132,34.0
RED,2017-03-11 20:20:34.707,2017-03-11 21:26:30.526,13.85,15,65.93031666666667,0.2100702787463228,0.9233333333333333,1,147,26.5
GREEN,2017-03-11 21:29:47.500,2017-03-11 22:08:18.542,0.0,0,38.51736666666667,0.0,0.0,1,147,26.5
RED,2017-03-11 22:08:46.169,2017-03-11 22:19:43.905,2.22,4,10.962266666666666,0.20251286230341659,0.555,1,151,24.5
GREEN,2017-03-11 22:24:28.305,2017-03-11 22:48:59.090,0.0,0,24.513083333333334,0.0,0.0,1,151,24.5
RED,2017-03-11 22:50:51.955,2017-03-11 23:05:45.359,3.03,5,14.890066666666666,0.20349136560839218,0.606,1,156,22.0
RED,2017-03-11 23:07:10.347,2017-03-11 23:15:54.460,1.82,3,8.735216666666668,0.20835201569127265,0.6066666666666667,1,159,20.5
RED,2017-03-11 23:19:06.379,2017-03-11 23:48:32.427,5.85,19,29.43413333333333,0.19874884487850838,0.3078947368421052,1,19,90.5
RED,2017-03-12 08:55:44.316,2017-03-12 09:10:47.777,3.23,7,15.057683333333333,0.21450842925151167,0.4614285714285714,1,26,87.0
RED,2017-03-12 09:28:54.829,2017-03-12 09:45:13.680,3.23,6,16.314183333333332,0.1979872319689105,0.5383333333333333,1,32,84.0
GREEN,2017-03-12 09:45:37.742,2017-03-12 09:46:09.064,0.0,0,0.5220333333333333,0.0,0.0,1,32,84.0
RED,2017-03-12 09:46:44.375,2017-03-12 10:03:17.401,3.43,6,16.550433333333334,0.2072453289239154,0.5716666666666667,1,38,81.0
GREEN,2017-03-12 10:16:09.608,2017-03-12 10:55:37.855,0.0,0,39.47078333333333,0.0,0.0,1,38,81.0
RED,2017-03-12 11:01:33.924,2017-03-12 11:15:39.643,2.82,3,14.095316666666667,0.20006645233227582,0.94,1,41,79.5
RED,2017-03-12 11:17:24.077,2017-03-12 11:32:18.931,3.03,5,14.914233333333334,0.20316163307086965,0.606,1,46,77.0
RED,2017-03-12 11:32:25.921,2017-03-12 12:01:24.129,5.77,16,28.970133333333333,0.199170640107513,0.360625,1,62,69.0
RED,2017-03-12 12:03:45.211,2017-03-12 12:08:38.796,1.01,2,4.893083333333333,0.20641381541972512,0.505,1,64,68.0
RED,2017-03-12 12:09:15.164,2017-03-12 12:25:15.564,3.23,7,16.006666666666668,0.20179092044981256,0.4614285714285714,1,71,64.5
RED,2017-03-12 12:33:07.737,2017-03-12 12:46:45.302,2.82,5,13.626083333333334,0.20695602184535783,0.564,1,76,62.0
GREEN,2017-03-12 12:49:53.538,2017-03-12 13:41:05.182,0.0,0,51.194066666666664,0.0,0.0,1,76,62.0
RED,2017-03-12 13:45:16.481,2017-03-12 13:52:31.756,1.41,3,7.254583333333333,0.1943598874274884,0.47,1,79,60.5
GREEN,2017-03-12 14:09:25.976,2017-03-12 14:09:44.029,0.0,0,0.30088333333333334,0.0,0.0,1,79,60.5
RED,2017-03-12 14:11:50.271,2017-03-12 14:17:02.563,1.01,2,5.204866666666666,0.1940491591203105,0.505,1,81,59.5
GREEN,2017-03-12 14:27:54.298,2017-03-12 17:14:55.028,0.0,0,167.01216666666667,0.0,0.0,1,81,59.5
RED,2017-03-12 17:24:58.537,2017-03-12 17:34:02.524,2.02,2,9.06645,0.22279944189842774,1.01,1,83,58.5
RED,2017-03-12 17:34:40.232,2017-03-12 18:05:08.794,6.25,8,30.47603333333333,0.20507918243953446,0.78125,1,91,54.5
RED,2017-03-12 18:05:44.960,2017-03-12 18:13:13.834,1.29,1,7.481233333333334,0.17243146183561534,1.29,1,92,54.0
GREEN,2017-03-12 18:29:01.024,2017-03-12 18:29:36.261,0.0,0,0.5872833333333334,0.0,0.0,1,92,54.0
RED,2017-03-12 18:32:18.221,2017-03-12 18:47:43.180,3.57,3,15.415983333333333,0.23157783209850383,1.19,1,95,52.5
GREEN,2017-03-12 18:57:10.038,2017-03-13 08:18:51.436,0.0,0,801.6899666666667,0.0,0.0,1,95,52.5
RED,2017-03-13 08:36:15.924,2017-03-13 08:50:30.255,2.82,5,14.238850000000001,0.19804970204756703,0.564,1,100,50.0
RED,2017-03-13 08:51:47.583,2017-03-13 09:06:27.163,3.03,5,14.659666666666668,0.20668955637918093,0.606,1,105,47.5
GREEN,2017-03-13 09:12:27.101,2017-03-13 09:12:51.699,0.0,0,0.40996666666666665,0.0,0.0,1,105,47.5
RED,2017-03-13 09:13:18.195,2017-03-13 09:22:52.487,2.02,2,9.571533333333333,0.21104246620186248,1.01,1,107,46.5
GREEN,2017-03-13 09:25:37.614,2017-03-13 09:29:18.619,0.0,0,3.6834166666666666,0.0,0.0,1,107,46.5
RED,2017-03-13 09:46:21.444,2017-03-13 10:01:26.248,3.03,6,15.080066666666665,0.20092749368924098,0.505,1,113,43.50000000000001
RED,2017-03-13 10:10:22.584,2017-03-13 10:27:31.849,3.43,7,17.15441666666667,0.19994850694427574,0.49000000000000005,1,120,40.0
RED,2017-03-13 10:30:45.372,2017-03-13 10:56:55.613,5.08,10,26.170683333333333,0.19411033083456616,0.508,1,130,35.0
GREEN,2017-03-13 10:59:22.840,2017-03-13 13:29:19.498,0.0,0,149.9443,0.0,0.0,1,130,35.0
RED,2017-03-13 13:35:38.635,2017-03-13 13:47:02.137,2.22,3,11.391699999999998,0.19487872749457943,0.7400000000000001,1,133,33.5
RED,2017-03-13 14:02:01.443,2017-03-13 14:43:10.489,7.73,10,41.15076666666666,0.18784583195290816,0.773,1,143,28.5
GREEN,2017-03-13 14:44:01.950,2017-03-13 14:50:44.753,0.0,0,6.713383333333334,0.0,0.0,1,143,28.5
RED,2017-03-13 14:57:34.119,2017-03-13 15:23:48.787,7.71,10,26.244466666666664,0.2937762118745031,0.771,1,153,23.5
RED,2017-03-13 15:28:30.919,2017-03-13 15:46:32.807,3.63,7,18.031466666666667,0.20131473867904995,0.5185714285714286,1,7,96.5
GREEN,2017-03-14 00:52:13.522,2017-03-14 07:37:01.847,0.0,0,404.8054166666667,0.0,0.0,1,7,96.5
RED,2017-03-14 07:39:46.454,2017-03-14 07:50:03.278,2.02,3,10.280399999999998,0.19649040893350456,0.6733333333333333,1,10,95.0
GREEN,2017-03-14 07:53:40.186,2017-03-14 07:54:30.248,0.0,0,0.8343666666666666,0.0,0.0,1,10,95.0
RED,2017-03-14 08:01:13.080,2017-03-14 08:18:26.876,3.43,7,17.229933333333335,0.19907215736953904,0.49000000000000005,1,17,91.5
RED,2017-03-14 08:24:34.263,2017-03-14 08:35:02.561,2.02,5,10.471633333333333,0.1929020942291715,0.404,1,22,89.0
RED,2017-03-14 08:35:16.414,2017-03-14 09:02:57.746,5.36,7,27.68886666666667,0.19357960961445395,0.7657142857142858,1,29,85.5
GREEN,2017-03-14 09:09:25.177,2017-03-14 09:16:03.296,0.0,0,6.635316666666667,0.0,0.0,1,29,85.5
RED,2017-03-14 09:19:58.097,2017-03-14 09:34:26.566,2.66,4,14.474483333333334,0.18377167175800174,0.665,1,33,83.5
RED,2017-03-14 09:38:41.525,2017-03-14 10:10:21.478,6.45,13,31.665883333333333,0.2036892491551107,0.49615384615384617,1,46,77.0
RED,2017-03-14 10:10:36.164,2017-03-14 10:53:44.557,7.99,7,43.13988333333334,0.18521144200281794,1.1414285714285715,1,53,73.5
GREEN,2017-03-14 11:05:07.007,2017-03-14 11:20:14.736,0.0,0,15.128816666666667,0.0,0.0,1,53,73.5
RED,2017-03-14 11:25:07.798,2017-03-14 11:33:21.667,1.82,2,8.231150000000001,0.22111126634795863,0.91,1,55,72.5
GREEN,2017-03-14 11:41:27.514,2017-03-14 12:28:43.081,0.0,0,47.25945,0.0,0.0,1,55,72.5
RED,2017-03-14 12:35:25.023,2017-03-14 13:11:28.858,9.08,19,36.063916666666664,0.25177520467133585,0.47789473684210526,1,74,63.0
RED,2017-03-14 13:14:05.640,2017-03-14 13:27:10.774,2.54,5,13.085566666666667,0.19410699320116057,0.508,1,79,60.5
GREEN,2017-03-14 13:31:05.753,2017-03-14 14:40:13.136,0.0,0,69.12304999999999,0.0,0.0,1,79,60.5
RED,2017-03-14 14:56:12.593,2017-03-14 15:08:30.896,2.62,5,12.30505,0.21292071141523197,0.524,1,84,58.0
GREEN,2017-03-14 15:09:12.053,2017-03-14 15:26:26.386,0.0,0,17.238883333333334,0.0,0.0,1,84,58.0
RED,2017-03-14 15:46:30.634,2017-03-14 15:54:41.912,1.61,1,8.187966666666666,0.19663001396358074,1.61,1,85,57.5
RED,2017-03-14 15:57:47.179,2017-03-14 16:07:05.283,1.82,2,9.301733333333335,0.1956624571764402,0.91,1,87,56.5
GREEN,2017-03-14 16:10:56.759,2017-03-14 16:34:47.628,0.0,0,23.847816666666667,0.0,0.0,1,87,56.5
RED,2017-03-14 16:42:41.658,2017-03-14 17:14:10.552,6.45,12,31.481566666666666,0.20488179855513333,0.5375,1,99,50.5
GREEN,2017-03-14 17:22:55.560,2017-03-14 17:42:03.009,0.0,0,19.12415,0.0,0.0,1,99,50.5
RED,2017-03-14 17:46:25.602,2017-03-14 17:51:10.613,0.8,0,4.750183333333334,0.16841455242078374,inf,1,99,50.5
GREEN,2017-03-14 17:52:24.033,2017-03-14 18:02:49.946,0.0,0,10.431883333333333,0.0,0.0,1,99,50.5
RED,2017-03-14 18:10:15.728,2017-03-14 18:18:40.046,1.82,3,8.4053,0.21653004651826824,0.6066666666666667,1,102,49.0
GREEN,2017-03-14 18:18:44.417,2017-03-14 18:18:48.146,0.0,0,0.062150000000000004,0.0,0.0,1,102,49.0
RED,2017-03-14 18:23:23.640,2017-03-14 18:33:53.238,3.14,3,10.4933,0.29923856174892555,1.0466666666666666,1,105,47.5
GREEN,2017-03-14 18:33:58.278,2017-03-14 18:42:35.301,0.0,0,8.61705,0.0,0.0,1,105,47.5
RED,2017-03-14 18:43:54.898,2017-03-14 18:51:06.625,1.41,2,7.195449999999999,0.19595716737660607,0.705,1,107,46.5
GREEN,2017-03-14 18:53:12.933,2017-03-14 18:55:14.671,0.0,0,2.028966666666667,0.0,0.0,1,107,46.5
RED,2017-03-14 19:04:55.579,2017-03-14 19:17:24.100,2.42,5,12.475349999999999,0.1939825335561728,0.484,1,112,43.99999999999999
RED,2017-03-14 19:21:51.240,2017-03-14 19:53:36.697,6.45,17,31.757616666666667,0.20310088341012156,0.37941176470588234,1,129,35.5
RED,2017-03-14 19:54:53.696,2017-03-14 20:07:54.681,2.62,4,13.016416666666666,0.20128427562629245,0.655,1,133,33.5
RED,2017-03-14 20:07:55.985,2017-03-14 20:08:49.130,0.0,0,0.88575,0.0,0.0,1,133,33.5
RED,2017-03-14 20:21:36.088,2017-03-14 20:32:04.012,2.22,3,10.465399999999999,0.2121275823188794,0.7400000000000001,1,136,32.0
RED,2017-03-14 20:36:42.788,2017-03-14 20:41:29.214,0.81,1,4.773766666666666,0.16967733376159988,0.81,1,137,31.5
GREEN,2017-03-14 20:43:05.525,2017-03-14 21:15:25.903,0.0,0,32.33963333333333,0.0,0.0,1,137,31.5
RED,2017-03-14 21:22:01.893,2017-03-14 21:42:46.156,6.0,7,20.737716666666664,0.28932789932675007,0.8571428571428571,1,144,28.0
RED,2017-03-14 21:47:24.588,2017-03-14 21:59:00.804,2.42,4,11.6036,0.20855596539005136,0.605,1,148,26.0
GREEN,2017-03-14 22:03:05.895,2017-03-14 22:54:33.024,0.0,0,51.452149999999996,0.0,0.0,1,148,26.0
RED,2017-03-14 23:01:42.524,2017-03-14 23:18:24.827,3.35,7,16.70505,0.20053816061610114,0.4785714285714286,1,155,22.5
RED,2017-03-14 23:25:13.146,2017-03-14 23:45:38.339,5.46,9,20.419883333333335,0.2673864444214095,0.6066666666666667,1,9,95.5
RED,2017-03-15 08:46:56.031,2017-03-15 09:11:48.881,4.92,12,24.88083333333333,0.19774257293097097,0.41,1,21,89.5
RED,2017-03-15 09:12:03.678,2017-03-15 09:40:55.417,5.64,10,28.86231666666667,0.19541050932039988,0.564,1,31,84.5
RED,2017-03-15 09:41:33.130,2017-03-15 10:01:42.488,5.21,7,20.155966666666664,0.2584842536287849,0.7442857142857143,1,38,81.0
RED,2017-03-15 10:04:48.741,2017-03-15 10:16:00.812,2.22,4,11.201183333333335,0.19819334564354063,0.555,1,42,79.0
RED,2017-03-15 10:16:44.654,2017-03-15 10:35:16.707,3.83,3,18.53421666666667,0.2066448271799995,1.2766666666666666,1,45,77.5
GREEN,2017-03-15 10:53:39.341,2017-03-15 14:40:54.790,0.0,0,227.25748333333334,0.0,0.0,1,45,77.5
RED,2017-03-15 14:49:14.256,2017-03-15 17:53:34.485,37.98,16,184.33714999999998,0.20603551698613112,2.37375,1,61,69.5
GREEN,2017-03-15 17:55:43.686,2017-03-15 18:21:51.282,0.0,0,26.1266,0.0,0.0,1,61,69.5
RED,2017-03-15 18:31:21.631,2017-03-15 18:58:37.910,5.03,5,27.271316666666667,0.1844428731286046,1.006,1,66,67.0
RED,2017-03-15 19:07:20.334,2017-03-15 19:46:39.358,8.07,21,39.31706666666666,0.2052543763861665,0.3842857142857143,1,87,56.5
GREEN,2017-03-15 19:47:42.429,2017-03-15 20:16:09.586,0.0,0,28.452616666666664,0.0,0.0,1,87,56.5
RED,2017-03-15 20:44:36.143,2017-03-15 21:03:28.668,3.83,6,18.87541666666667,0.20290942804794593,0.6383333333333333,1,93,53.5
GREEN,2017-03-15 21:07:03.359,2017-03-15 21:45:35.990,0.0,0,38.54385,0.0,0.0,1,93,53.5
RED,2017-03-15 22:05:40.052,2017-03-15 22:27:22.690,4.1,4,21.71063333333333,0.1888475539635724,1.025,1,97,51.5
GREEN,2017-03-15 22:29:47.477,2017-03-15 23:02:49.233,0.0,0,33.029266666666665,0.0,0.0,1,97,51.5
RED,2017-03-15 23:21:48.688,2017-03-15 23:47:20.340,4.91,6,25.527533333333334,0.1923413412446169,0.8183333333333334,1,103,48.5
RED,2017-03-16 00:03:57.162,2017-03-16 00:12:28.399,1.61,3,8.520616666666667,0.18895345994127968,0.5366666666666667,1,106,47.0
GREEN,2017-03-16 00:13:17.332,2017-03-16 00:15:14.878,0.0,0,1.9591,0.0,0.0,1,106,47.0
RED,2017-03-16 05:48:56.304,2017-03-16 06:15:10.635,3.03,19,26.23885,0.11547762192321691,0.1594736842105263,1,125,37.5
RED,2017-03-16 06:46:27.891,2017-03-16 07:02:24.485,3.23,7,15.943233333333334,0.20259378586944932,0.4614285714285714,1,132,34.0
GREEN,2017-03-16 07:11:43.257,2017-03-16 07:13:24.513,0.0,0,1.6876,0.0,0.0,1,132,34.0
RED,2017-03-16 07:14:43.547,2017-03-16 07:25:14.203,2.22,4,10.510933333333332,0.2112086462350315,0.555,1,136,32.0
GREEN,2017-03-16 07:26:10.037,2017-03-16 07:26:16.817,0.0,0,0.113,0.0,0.0,1,136,32.0
RED,2017-03-16 07:30:57.805,2017-03-16 07:40:48.780,2.02,2,9.849583333333333,0.20508481746266763,1.01,1,138,31.0
RED,2017-03-16 07:41:39.705,2017-03-16 07:57:59.672,3.23,6,16.33278333333333,0.19776176136543375,0.5383333333333333,1,144,28.0
RED,2017-03-16 08:05:41.762,2017-03-16 08:26:54.973,6.0,7,21.220183333333335,0.28274967778317966,0.8571428571428571,1,151,24.5
GREEN,2017-03-16 08:26:57.865,2017-03-16 09:28:24.490,0.0,0,61.44375,0.0,0.0,1,151,24.5
RED,2017-03-16 09:39:03.313,2017-03-16 10:07:15.133,5.48,9,28.197,0.19434691633861761,0.6088888888888889,1,9,95.5
RED,2017-03-16 19:10:01.126,2017-03-16 19:33:10.606,4.64,9,23.158,0.20036272562397442,0.5155555555555555,1,18,91.0
GREEN,2017-03-16 19:38:46.327,2017-03-16 19:39:52.039,0.0,0,1.0952,0.0,0.0,1,18,91.0
RED,2017-03-16 19:47:17.961,2017-03-16 19:53:24.875,1.21,2,6.115233333333333,0.19786653003156052,0.605,1,20,90.0
GREEN,2017-03-16 19:55:47.279,2017-03-16 20:05:40.978,0.0,0,9.894983333333332,0.0,0.0,1,20,90.0
RED,2017-03-16 20:06:53.568,2017-03-16 20:31:03.507,5.04,10,24.165650000000003,0.20856049806233226,0.504,1,30,85.0
RED,2017-03-16 20:31:04.564,2017-03-16 20:34:27.479,0.61,1,3.3819166666666667,0.18037109134366605,0.61,1,31,84.5
RED,2017-03-16 20:36:38.322,2017-03-16 20:38:56.083,0.61,1,2.2960166666666666,0.26567751395532846,0.61,1,32,84.0
GREEN,2017-03-16 20:44:32.392,2017-03-16 20:47:26.655,0.0,0,2.9043833333333335,0.0,0.0,1,32,84.0
RED,2017-03-16 20:56:29.443,2017-03-16 21:09:02.229,2.42,4,12.546433333333333,0.19288350208425767,0.605,1,36,82.0
GREEN,2017-03-16 21:11:56.299,2017-03-16 21:25:24.777,0.0,0,13.474633333333333,0.0,0.0,1,36,82.0
RED,2017-03-16 21:28:14.588,2017-03-16 21:32:16.609,0.81,2,4.033683333333333,0.20080902070481488,0.405,1,38,81.0
GREEN,2017-03-16 21:32:31.548,2017-03-16 21:32:37.051,0.0,0,0.09171666666666667,0.0,0.0,1,38,81.0
RED,2017-03-16 21:34:01.204,2017-03-16 21:49:14.206,3.23,8,15.2167,0.21226678583398503,0.40375,1,46,77.0
GREEN,2017-03-16 21:53:08.377,2017-03-16 21:59:37.506,0.0,0,6.485483333333334,0.0,0.0,1,46,77.0
RED,2017-03-16 22:31:38.691,2017-03-16 23:39:42.929,12.86,18,68.07063333333333,0.18892140957505413,0.7144444444444444,1,64,68.0
GREEN,2017-03-16 23:52:07.223,2017-03-17 06:47:36.637,0.0,0,415.4902333333333,0.0,0.0,1,64,68.0
RED,2017-03-17 06:51:21.421,2017-03-17 06:58:29.826,1.41,1,7.140083333333333,0.1974766867800329,1.41,1,65,67.5
RED,2017-03-17 07:02:06.187,2017-03-17 07:12:34.437,2.02,6,10.470833333333333,0.19291683247115002,0.33666666666666667,1,71,64.5
GREEN,2017-03-17 07:13:10.020,2017-03-17 07:38:35.212,0.0,0,25.419866666666667,0.0,0.0,1,71,64.5
RED,2017-03-17 07:43:13.290,2017-03-17 08:13:47.364,6.25,18,30.5679,0.20446285155342694,0.3472222222222222,1,89,55.5
GREEN,2017-03-17 08:18:10.053,2017-03-17 08:18:22.672,0.0,0,0.21031666666666665,0.0,0.0,1,89,55.5
RED,2017-03-17 08:33:15.174,2017-03-17 08:44:48.272,2.22,2,11.551633333333333,0.19218061515110418,1.11,1,91,54.5
GREEN,2017-03-17 08:48:10.035,2017-03-17 08:59:55.285,0.0,0,11.754166666666666,0.0,0.0,1,91,54.5
RED,2017-03-17 09:06:46.655,2017-03-17 09:21:02.645,2.94,4,14.2665,0.2060771737987593,0.735,1,95,52.5
GREEN,2017-03-17 09:21:03.743,2017-03-17 10:00:27.987,0.0,0,39.40406666666667,0.0,0.0,1,95,52.5
RED,2017-03-17 10:59:38.811,2017-03-17 11:09:32.237,2.86,4,9.890433333333334,0.28916832090269046,0.715,1,99,50.5
GREEN,2017-03-17 11:17:24.389,2017-03-17 11:33:29.332,0.0,0,16.082383333333333,0.0,0.0,1,99,50.5
RED,2017-03-17 11:39:59.763,2017-03-17 12:13:03.828,6.86,26,33.067750000000004,0.20745288082799707,0.26384615384615384,1,125,37.5
RED,2017-03-17 12:16:54.309,2017-03-17 12:33:36.873,3.43,7,16.7094,0.20527367828886736,0.49000000000000005,1,132,34.0
RED,2017-03-17 12:34:32.103,2017-03-17 12:53:21.807,3.83,6,18.8284,0.20341611607996432,0.6383333333333333,1,138,31.0
GREEN,2017-03-17 12:55:49.233,2017-03-17 14:34:35.533,0.0,0,98.77166666666668,0.0,0.0,1,138,31.0
RED,2017-03-17 14:47:04.754,2017-03-17 14:57:26.433,2.61,4,10.361316666666665,0.2518984878047996,0.6525,1,142,29.0
GREEN,2017-03-17 14:58:47.796,2017-03-17 14:58:58.083,0.0,0,0.17145000000000002,0.0,0.0,1,142,29.0
RED,2017-03-17 15:22:31.786,2017-03-17 15:55:41.481,8.6,11,33.16158333333333,0.25933622992468697,0.7818181818181817,1,153,23.5
GREEN,2017-03-17 15:56:17.687,2017-03-17 16:10:43.840,0.0,0,14.435883333333333,0.0,0.0,1,153,23.5
RED,2017-03-17 16:13:39.426,2017-03-17 17:12:15.092,11.41,20,58.594433333333335,0.19472839570084302,0.5705,1,20,90.0
GREEN,2017-03-18 02:14:27.849,2017-03-18 06:07:29.725,0.0,0,233.03126666666668,0.0,0.0,1,20,90.0
RED,2017-03-18 06:21:10.434,2017-03-18 06:28:26.798,1.41,3,7.272733333333333,0.19387483843763464,0.47,1,23,88.5
GREEN,2017-03-18 07:24:15.728,2017-03-18 08:56:22.069,0.0,0,92.10568333333335,0.0,0.0,1,23,88.5
RED,2017-03-18 09:02:08.331,2017-03-18 09:08:36.397,1.21,2,6.467766666666666,0.18708157890668084,0.605,1,25,87.5
RED,2017-03-18 09:09:01.915,2017-03-18 09:14:48.380,1.01,2,5.774416666666666,0.17490944251223067,0.505,1,27,86.5
GREEN,2017-03-18 09:22:10.033,2017-03-18 09:43:44.939,0.0,0,21.581766666666667,0.0,0.0,1,27,86.5
RED,2017-03-18 09:47:35.505,2017-03-18 10:05:10.639,3.63,6,17.58556666666667,0.2064192794469707,0.605,1,33,83.5
GREEN,2017-03-18 10:05:42.855,2017-03-18 12:28:01.995,0.0,0,142.319,0.0,0.0,1,33,83.5
RED,2017-03-18 12:28:18.980,2017-03-18 12:33:42.565,1.21,1,5.393083333333333,0.22436145062348378,1.21,1,34,83.0
RED,2017-03-18 12:34:34.903,2017-03-18 12:41:25.742,1.33,1,6.847316666666667,0.19423667178627152,1.33,1,35,82.5
GREEN,2017-03-18 12:46:27.641,2017-03-18 13:40:44.727,0.0,0,54.28476666666666,0.0,0.0,1,35,82.5
RED,2017-03-18 13:50:08.192,2017-03-18 14:28:14.383,7.66,18,38.10318333333333,0.20103307203991272,0.4255555555555556,1,53,73.5
GREEN,2017-03-18 14:38:33.711,2017-03-18 14:38:40.216,0.0,0,0.10841666666666666,0.0,0.0,1,53,73.5
RED,2017-03-18 14:53:04.418,2017-03-18 15:21:19.686,5.52,12,28.254466666666666,0.19536734014916815,0.45999999999999996,1,65,67.5
GREEN,2017-03-18 15:24:10.041,2017-03-18 15:49:00.453,0.0,0,24.8402,0.0,0.0,1,65,67.5
RED,2017-03-18 16:03:45.537,2017-03-18 16:20:48.308,3.43,7,17.04618333333333,0.20121806347657495,0.49000000000000005,1,72,64.0
GREEN,2017-03-18 16:28:30.319,2017-03-18 16:37:40.868,0.0,0,9.175816666666666,0.0,0.0,1,72,64.0
RED,2017-03-18 17:08:22.917,2017-03-18 17:23:30.689,3.03,8,15.129533333333335,0.2002705525175925,0.37875,1,80,60.0
RED,2017-03-18 17:24:39.842,2017-03-18 19:05:26.247,16.41,13,100.77341666666666,0.16284056393840637,1.2623076923076924,1,93,53.5
RED,2017-03-18 19:06:11.088,2017-03-18 19:21:46.822,3.03,6,15.595566666666667,0.19428598298234326,0.505,1,99,50.5
RED,2017-03-18 19:29:46.742,2017-03-18 19:50:47.607,5.17,6,21.014416666666666,0.2460215804229636,0.8616666666666667,1,105,47.5
RED,2017-03-18 19:51:17.992,2017-03-18 20:11:22.154,3.95,7,20.069366666666667,0.19681737174898395,0.5642857142857143,1,112,43.99999999999999
GREEN,2017-03-18 20:11:22.154,2017-03-18 20:20:30.269,0.0,0,9.135250000000001,0.0,0.0,1,112,43.99999999999999
RED,2017-03-18 20:46:25.513,2017-03-18 20:58:51.525,2.62,4,12.433533333333333,0.21072047098438096,0.655,1,116,42.00000000000001
GREEN,2017-03-18 21:02:17.957,2017-03-18 21:07:54.270,0.0,0,5.605216666666666,0.0,0.0,1,116,42.00000000000001
RED,2017-03-18 21:13:11.982,2017-03-18 21:32:39.454,4.03,9,19.457866666666668,0.20711417490098263,0.44777777777777783,1,125,37.5
RED,2017-03-18 21:33:22.099,2017-03-18 21:40:26.210,1.82,1,7.068516666666667,0.2574797635524662,1.82,1,126,37.0
RED,2017-03-18 21:42:04.720,2017-03-18 21:47:01.901,1.01,2,4.953016666666667,0.20391613191960456,0.505,1,128,36.0
RED,2017-03-18 21:47:10.227,2017-03-18 22:23:51.784,7.33,10,36.692616666666666,0.19976770985261794,0.733,1,138,31.0
GREEN,2017-03-18 22:38:25.298,2017-03-18 22:39:46.125,0.0,0,1.3471166666666667,0.0,0.0,1,138,31.0
RED,2017-03-18 22:40:13.464,2017-03-18 23:05:19.415,7.14,15,25.099183333333333,0.2844714071042152,0.476,1,153,23.5
GREEN,2017-03-18 23:07:10.035,2017-03-19 00:32:45.833,0.0,0,85.59663333333333,0.0,0.0,1,153,23.5
RED,2017-03-19 00:35:28.588,2017-03-19 00:42:18.578,1.41,2,6.833166666666667,0.20634649625600623,0.705,1,155,22.5
RED,2017-03-19 00:42:29.525,2017-03-19 00:55:30.669,2.62,6,13.019066666666667,0.20124330469158055,0.4366666666666667,1,6,97.0
RED,2017-03-19 10:02:10.375,2017-03-19 10:26:47.927,4.92,11,24.625866666666663,0.19978992279121144,0.44727272727272727,1,17,91.5
RED,2017-03-19 10:28:06.865,2017-03-19 10:38:16.775,2.02,3,10.165166666666666,0.19871784361627126,0.6733333333333333,1,20,90.0
RED,2017-03-19 10:47:36.115,2017-03-19 11:31:27.299,12.57,18,43.85306666666667,0.28663901878393905,0.6983333333333334,1,38,81.0
RED,2017-03-19 11:32:48.627,2017-03-19 11:43:16.822,2.02,3,10.469916666666668,0.19293372280900037,0.6733333333333333,1,41,79.5
GREEN,2017-03-19 11:47:44.953,2017-03-19 12:49:48.314,0.0,0,62.056016666666665,0.0,0.0,1,41,79.5
RED,2017-03-19 12:51:58.675,2017-03-19 13:14:48.646,4.64,10,22.83285,0.2032159804842584,0.46399999999999997,1,51,74.5
RED,2017-03-19 13:23:35.082,2017-03-19 13:51:40.369,5.65,10,28.088116666666668,0.20115268200609154,0.5650000000000001,1,61,69.5
RED,2017-03-19 13:52:03.211,2017-03-19 14:02:25.315,2.02,4,10.368400000000001,0.19482273060452912,0.505,1,65,67.5
GREEN,2017-03-19 14:13:39.512,2017-03-19 14:39:30.015,0.0,0,25.841716666666667,0.0,0.0,1,65,67.5
RED,2017-03-19 14:43:43.444,2017-03-19 14:57:46.776,2.82,5,14.055533333333333,0.20063272827308817,0.564,1,70,65.0
RED,2017-03-19 14:58:53.887,2017-03-19 15:05:34.499,1.41,2,6.676866666666667,0.21117689934400366,0.705,1,72,64.0
RED,2017-03-19 15:15:43.044,2017-03-19 15:32:42.611,3.43,4,16.992783333333332,0.20185039335325686,0.8575,1,76,62.0
RED,2017-03-19 15:33:54.981,2017-03-19 15:45:07.922,2.87,3,11.215683333333335,0.2558916754960687,0.9566666666666667,1,79,60.5
RED,2017-03-19 15:50:56.225,2017-03-19 16:06:33.393,3.23,6,15.619466666666666,0.20679323237669234,0.5383333333333333,1,85,57.5
GREEN,2017-03-19 16:08:26.407,2017-03-19 16:18:42.618,0.0,0,10.270183333333334,0.0,0.0,1,85,57.5
RED,2017-03-19 16:38:19.239,2017-03-19 16:51:52.319,3.71,5,13.551333333333334,0.27377379839622173,0.742,1,90,55.0
GREEN,2017-03-19 16:53:34.983,2017-03-19 17:11:35.486,0.0,0,18.00838333333333,0.0,0.0,1,90,55.0
RED,2017-03-19 17:16:58.167,2017-03-19 17:25:20.274,1.82,3,8.368450000000001,0.21748352442806013,0.6066666666666667,1,93,53.5
GREEN,2017-03-19 17:26:34.304,2017-03-19 17:27:06.503,0.0,0,0.53665,0.0,0.0,1,93,53.5
RED,2017-03-19 17:42:22.730,2017-03-19 18:22:22.101,8.07,13,39.98951666666667,0.201802889173871,0.6207692307692307,1,106,47.0
GREEN,2017-03-19 18:27:02.361,2017-03-19 18:46:41.638,0.0,0,19.654616666666666,0.0,0.0,1,106,47.0
RED,2017-03-19 18:48:16.081,2017-03-19 19:19:37.543,6.45,13,31.3577,0.2056911061716899,0.49615384615384617,1,119,40.5
RED,2017-03-19 19:32:05.856,2017-03-19 19:41:45.846,2.61,3,9.666500000000001,0.27000465525267675,0.87,1,122,39.0
RED,2017-03-19 19:52:34.759,2017-03-19 20:09:21.441,3.43,3,16.778033333333333,0.20443397219777448,1.1433333333333333,1,125,37.5
RED,2017-03-19 20:14:09.987,2017-03-19 21:19:52.445,14.87,16,65.70763333333333,0.22630551802961502,0.929375,1,141,29.5
GREEN,2017-03-19 21:22:19.518,2017-03-20 07:26:29.904,0.0,0,604.1731,0.0,0.0,1,141,29.5
RED,2017-03-20 07:36:52.570,2017-03-20 07:45:41.400,1.82,3,8.813833333333333,0.2064935801675397,0.6066666666666667,1,144,28.0
RED,2017-03-20 07:46:29.099,2017-03-20 08:26:48.319,7.98,11,40.32033333333333,0.19791503046436457,0.7254545454545455,1,155,22.5
GREEN,2017-03-20 08:32:40.652,2017-03-20 08:34:01.362,0.0,0,1.3451666666666666,0.0,0.0,1,155,22.5
RED,2017-03-20 08:35:59.995,2017-03-20 09:04:58.182,5.85,5,28.969783333333332,0.20193454444199616,1.17,1,5,97.5
RED,2017-03-20 18:05:19.908,2017-03-20 18:39:17.451,6.01,2,33.95905,0.17697786009914884,3.005,1,7,96.5
GREEN,2017-03-20 18:46:22.848,2017-03-20 19:09:59.133,0.0,0,23.604750000000003,0.0,0.0,1,7,96.5
RED,2017-03-20 19:10:59.452,2017-03-20 19:25:49.319,3.03,4,14.831116666666667,0.2043001931749351,0.7575,1,11,94.5
RED,2017-03-20 19:27:02.783,2017-03-20 19:51:06.469,6.61,5,24.061433333333333,0.27471347647618666,1.322,1,16,92.0
GREEN,2017-03-20 19:53:10.038,2017-03-20 19:59:45.036,0.0,0,6.5832999999999995,0.0,0.0,1,16,92.0
RED,2017-03-20 20:18:50.918,2017-03-20 20:36:48.358,4.69,8,17.957333333333334,0.26117463617463615,0.58625,1,24,88.0
RED,2017-03-20 20:37:05.099,2017-03-20 20:43:24.345,1.21,2,6.320766666666667,0.19143247390875578,0.605,1,26,87.0
GREEN,2017-03-20 20:45:47.407,2017-03-20 21:21:36.208,0.0,0,35.81335,0.0,0.0,1,26,87.0
RED,2017-03-20 21:23:25.024,2017-03-20 21:38:13.217,3.03,6,14.803216666666666,0.204685242959582,0.505,1,32,84.0
RED,2017-03-20 21:42:55.344,2017-03-20 21:57:07.654,2.82,7,14.205166666666665,0.19851931808848894,0.40285714285714286,1,39,80.5
GREEN,2017-03-20 21:59:27.347,2017-03-21 06:39:07.562,0.0,0,519.67025,0.0,0.0,1,39,80.5
RED,2017-03-21 06:53:17.498,2017-03-21 07:03:00.300,2.02,2,9.713366666666667,0.20796085119817706,1.01,1,41,79.5
RED,2017-03-21 07:03:16.069,2017-03-21 07:25:04.899,4.35,8,21.81383333333333,0.19941474446643184,0.54375,1,49,75.5
GREEN,2017-03-21 07:25:16.472,2017-03-21 07:54:13.192,0.0,0,28.945333333333334,0.0,0.0,1,49,75.5
RED,2017-03-21 08:01:27.121,2017-03-21 08:22:59.599,4.44,6,21.5413,0.20611569403889277,0.7400000000000001,1,55,72.5
GREEN,2017-03-21 08:23:08.393,2017-03-21 10:47:29.495,0.0,0,144.35170000000002,0.0,0.0,1,55,72.5
RED,2017-03-21 11:03:39.661,2017-03-21 13:21:56.312,0.0,0,138.27751666666666,0.0,0.0,1,55,72.5
GREEN,2017-03-21 13:41:23.203,2017-03-21 13:42:44.247,0.0,0,1.3507333333333333,0.0,0.0,1,55,72.5
RED,2017-03-21 13:49:03.980,2017-03-21 14:03:12.329,2.82,4,14.13915,0.19944621847847993,0.705,1,59,70.5
GREEN,2017-03-21 14:03:42.363,2017-03-21 14:35:15.907,0.0,0,31.55906666666667,0.0,0.0,1,59,70.5
RED,2017-03-21 14:37:41.286,2017-03-21 15:06:31.479,5.85,15,28.83655,0.20286754136677237,0.38999999999999996,1,74,63.0
GREEN,2017-03-21 15:13:44.492,2017-03-21 18:18:31.471,0.0,0,184.78298333333333,0.0,0.0,1,74,63.0
RED,2017-03-21 18:29:20.794,2017-03-21 18:43:25.031,2.82,5,14.070616666666666,0.20041765523188393,0.564,1,79,60.5
GREEN,2017-03-21 18:46:35.580,2017-03-21 20:54:56.610,0.0,0,128.35049999999998,0.0,0.0,1,79,60.5
RED,2017-03-21 21:07:35.343,2017-03-21 21:20:25.261,2.62,4,12.831966666666666,0.20417758774311032,0.655,1,83,58.5
RED,2017-03-21 21:20:26.956,2017-03-21 21:29:20.360,1.82,4,8.890066666666666,0.204722874219166,0.455,1,87,56.5
RED,2017-03-21 21:34:13.165,2017-03-21 22:22:21.201,12.3,37,48.13393333333333,0.25553698084095905,0.3324324324324325,1,124,38.0
RED,2017-03-21 22:29:24.737,2017-03-21 22:38:56.855,2.57,4,9.535300000000001,0.2695248183067129,0.6425,1,128,36.0
GREEN,2017-03-21 22:54:09.050,2017-03-22 00:44:51.901,0.0,0,110.71418333333332,0.0,0.0,1,128,36.0
RED,2017-03-22 02:33:18.443,2017-03-22 02:51:22.489,4.49,9,18.067433333333334,0.2485134394665909,0.49888888888888894,1,137,31.5
GREEN,2017-03-22 04:00:58.761,2017-03-22 05:33:01.271,0.0,0,92.04183333333334,0.0,0.0,1,137,31.5
RED,2017-03-22 05:43:21.760,2017-03-22 05:50:20.339,1.41,3,6.9763166666666665,0.20211238499781403,0.47,1,140,30.0
RED,2017-03-22 05:51:24.901,2017-03-22 06:01:45.491,1.93,4,10.343166666666667,0.18659662579158542,0.4825,1,144,28.0
GREEN,2017-03-22 06:03:10.466,2017-03-22 20:06:14.084,0.0,0,843.0603,0.0,0.0,1,144,28.0
RED,2017-03-22 20:13:25.021,2017-03-22 20:17:45.406,1.14,2,4.3397499999999996,0.26268794285385105,0.57,1,146,27.0
GREEN,2017-03-22 20:18:11.014,2017-03-22 20:22:12.446,0.0,0,4.023866666666667,0.0,0.0,1,146,27.0
RED,2017-03-22 20:29:25.639,2017-03-22 20:40:53.792,2.42,3,11.469216666666666,0.21099958875424507,0.8066666666666666,1,149,25.5
GREEN,2017-03-22 20:46:39.902,2017-03-22 20:49:42.706,0.0,0,3.0467333333333335,0.0,0.0,1,149,25.5
RED,2017-03-22 21:11:29.229,2017-03-22 21:16:26.549,1.01,2,4.955333333333333,0.20382079913897486,0.505,1,151,24.5
RED,2017-03-22 21:17:16.229,2017-03-22 21:33:03.816,3.23,6,15.793116666666666,0.2045194794778738,0.5383333333333333,1,157,21.5
RED,2017-03-22 21:34:29.398,2017-03-22 21:39:13.231,1.01,1,4.73055,0.21350582913191912,1.01,1,158,21.0
GREEN,2017-03-22 21:44:13.556,2017-03-22 21:44:19.819,0.0,0,0.10438333333333333,0.0,0.0,1,158,21.0
RED,2017-03-22 21:47:42.888,2017-03-22 22:03:41.356,4.17,6,15.974466666666666,0.26104157885291945,0.695,1,6,97.0
GREEN,2017-03-23 07:05:30.923,2017-03-23 12:13:01.985,0.0,0,307.51770000000005,0.0,0.0,1,6,97.0
RED,2017-03-23 12:16:25.175,2017-03-23 12:44:02.273,5.01,5,27.618299999999998,0.1814014620740596,1.002,1,11,94.5
RED,2017-03-23 12:44:50.154,2017-03-23 13:12:38.976,5.45,12,27.813699999999997,0.19594660185448182,0.45416666666666666,1,23,88.5
RED,2017-03-23 13:16:31.337,2017-03-23 13:28:37.726,2.42,4,12.106483333333333,0.1998928948538593,0.605,1,27,86.5
RED,2017-03-23 13:29:54.554,2017-03-23 13:40:48.060,2.22,4,10.891766666666665,0.20382368333267029,0.555,1,31,84.5
RED,2017-03-23 13:45:35.146,2017-03-23 13:53:57.055,1.61,3,8.36515,0.19246516798861946,0.5366666666666667,1,34,83.0
GREEN,2017-03-23 13:59:49.778,2017-03-23 14:03:20.466,0.0,0,3.5114666666666663,0.0,0.0,1,34,83.0
RED,2017-03-23 14:06:16.712,2017-03-23 14:37:57.097,6.17,15,31.673083333333334,0.19480263209823273,0.41133333333333333,1,49,75.5
GREEN,2017-03-23 14:40:41.595,2017-03-23 15:59:06.013,0.0,0,78.40696666666666,0.0,0.0,1,49,75.5
RED,2017-03-23 16:06:44.162,2017-03-23 16:17:47.705,2.22,4,11.059050000000001,0.200740569940456,0.555,1,53,73.5
RED,2017-03-23 16:18:30.782,2017-03-23 18:24:11.647,34.56,32,125.68108333333333,0.274981716288516,1.08,1,85,57.5
RED,2017-03-23 18:27:09.790,2017-03-23 18:39:35.241,2.3,3,12.424183333333334,0.1851228316817604,0.7666666666666666,1,88,56.0
GREEN,2017-03-23 18:40:24.664,2017-03-23 18:41:25.649,0.0,0,1.0164166666666667,0.0,0.0,1,88,56.0
RED,2017-03-23 18:54:34.040,2017-03-23 19:04:15.973,1.82,3,9.698883333333333,0.187650468352886,0.6066666666666667,1,91,54.5
GREEN,2017-03-23 19:05:10.053,2017-03-23 19:28:23.186,0.0,0,23.218883333333334,0.0,0.0,1,91,54.5
RED,2017-03-23 19:32:50.666,2017-03-23 19:43:18.339,2.87,5,10.461216666666667,0.27434667414402086,0.5740000000000001,1,96,52.0
RED,2017-03-23 19:43:33.978,2017-03-23 19:55:30.506,2.42,4,11.942133333333334,0.20264386039345286,0.605,1,100,50.0
RED,2017-03-23 19:56:33.857,2017-03-23 20:11:08.529,4.0,4,14.577866666666667,0.27438857080139756,1.0,1,104,48.0
GREEN,2017-03-23 20:11:15.370,2017-03-23 20:43:52.842,0.0,0,32.62453333333333,0.0,0.0,1,104,48.0
RED,2017-03-23 20:51:36.047,2017-03-23 21:04:49.314,2.62,5,13.221116666666667,0.19816782999923102,0.524,1,109,45.49999999999999
GREEN,2017-03-23 21:06:10.041,2017-03-23 21:52:26.661,0.0,0,46.277,0.0,0.0,1,109,45.49999999999999
RED,2017-03-23 21:59:40.997,2017-03-23 22:12:43.859,3.39,4,13.047699999999999,0.25981590625167655,0.8475,1,113,43.50000000000001
GREEN,2017-03-23 22:18:17.274,2017-03-24 08:10:21.586,0.0,0,592.0718666666667,0.0,0.0,1,113,43.50000000000001
RED,2017-03-24 08:12:11.577,2017-03-24 08:20:54.687,1.82,3,8.7185,0.20875150541951024,0.6066666666666667,1,116,42.00000000000001
GREEN,2017-03-24 08:32:14.836,2017-03-24 08:32:42.912,0.0,0,0.46793333333333337,0.0,0.0,1,116,42.00000000000001
RED,2017-03-24 08:42:51.572,2017-03-24 09:05:47.085,4.64,6,22.925216666666664,0.20239721471189295,0.7733333333333333,1,122,39.0
GREEN,2017-03-24 09:27:36.881,2017-03-24 10:14:08.575,0.0,0,46.52823333333333,0.0,0.0,1,122,39.0
RED,2017-03-24 10:20:59.473,2017-03-24 10:37:51.476,3.43,16,16.86671666666667,0.20335908095134103,0.214375,1,138,31.0
RED,2017-03-24 10:47:04.425,2017-03-24 11:15:36.340,5.56,11,28.531916666666667,0.19486948826314388,0.5054545454545454,1,149,25.5
GREEN,2017-03-24 11:16:57.980,2017-03-24 11:21:37.715,0.0,0,4.66225,0.0,0.0,1,149,25.5
RED,2017-03-24 11:27:31.724,2017-03-24 16:26:34.901,49.25,13,299.05295,0.16468655467200707,3.7884615384615383,1,13,93.5
GREEN,2017-03-25 01:35:10.021,2017-03-25 08:57:18.119,0.0,0,442.1349666666667,0.0,0.0,1,13,93.5
RED,2017-03-25 09:06:02.222,2017-03-25 09:15:55.245,2.02,5,9.883716666666666,0.2043765587506724,0.404,1,18,91.0
RED,2017-03-25 09:26:00.031,2017-03-25 09:37:13.748,2.22,4,11.228616666666666,0.1977091271260782,0.555,1,22,89.0
RED,2017-03-25 09:38:40.507,2017-03-25 09:49:09.053,2.61,3,10.475766666666667,0.24914644274245637,0.87,1,25,87.5
RED,2017-03-25 09:57:21.480,2017-03-25 10:02:06.810,1.01,1,4.7555,0.21238565871096626,1.01,1,26,87.0
GREEN,2017-03-25 10:04:29.536,2017-03-25 12:42:31.178,0.0,0,158.02736666666667,0.0,0.0,1,26,87.0
RED,2017-03-25 12:51:16.420,2017-03-25 13:22:38.158,8.08,12,31.3623,0.2576341658615599,0.6733333333333333,1,38,81.0
RED,2017-03-25 13:26:35.649,2017-03-25 13:28:57.296,0.4,1,2.360783333333333,0.1694352863103349,0.4,1,39,80.5
GREEN,2017-03-25 13:43:05.719,2017-03-25 15:49:08.271,0.0,0,126.04253333333332,0.0,0.0,1,39,80.5
RED,2017-03-25 15:55:16.042,2017-03-25 16:08:43.929,3.65,5,13.464783333333333,0.2710775145533967,0.73,1,44,78.0
GREEN,2017-03-25 16:09:52.010,2017-03-25 16:22:19.438,0.0,0,12.457133333333333,0.0,0.0,1,44,78.0
RED,2017-03-25 16:24:34.425,2017-03-25 16:39:42.179,3.03,5,15.129233333333334,0.20027452371457463,0.606,1,49,75.5
GREEN,2017-03-25 16:42:30.177,2017-03-25 16:44:51.256,0.0,0,2.351316666666667,0.0,0.0,1,49,75.5
RED,2017-03-25 16:47:10.178,2017-03-25 17:14:12.303,5.2,8,27.035416666666666,0.19234029436695693,0.65,1,57,71.5
RED,2017-03-25 17:19:21.351,2017-03-25 17:27:08.994,1.45,0,7.7940499999999995,0.18603935053021214,inf,1,57,71.5
GREEN,2017-03-25 17:29:55.850,2017-03-25 17:30:49.611,0.0,0,0.8960166666666667,0.0,0.0,1,57,71.5
RED,2017-03-25 17:30:52.411,2017-03-25 18:07:20.920,6.8,9,36.47515,0.18642829433189445,0.7555555555555555,1,66,67.0
RED,2017-03-25 18:09:54.333,2017-03-25 18:28:42.626,3.3,3,18.804883333333333,0.17548633200773203,1.0999999999999999,1,69,65.5
RED,2017-03-25 18:30:10.655,2017-03-25 18:36:01.629,1.21,1,5.849566666666666,0.20685292927681254,1.21,1,70,65.0
GREEN,2017-03-25 18:38:01.392,2017-03-25 18:53:39.927,0.0,0,15.642249999999999,0.0,0.0,1,70,65.0
RED,2017-03-25 18:54:23.197,2017-03-25 19:24:56.798,8.08,11,30.56001666666667,0.2643977615631754,0.7345454545454545,1,81,59.5
GREEN,2017-03-25 19:27:14.785,2017-03-25 19:27:31.640,0.0,0,0.28091666666666665,0.0,0.0,1,81,59.5
RED,2017-03-25 19:32:43.683,2017-03-25 19:40:05.185,1.41,3,7.358366666666667,0.19161861101421962,0.47,1,84,58.0
RED,2017-03-25 19:40:06.619,2017-03-25 20:00:55.253,4.24,6,20.810566666666666,0.2037426499678849,0.7066666666666667,1,90,55.0
RED,2017-03-25 20:02:11.288,2017-03-25 20:09:08.049,1.53,0,6.946016666666667,0.2202701308423773,inf,1,90,55.0
RED,2017-03-25 20:12:10.433,2017-03-25 20:31:15.667,5.43,5,19.087233333333334,0.2844833457616522,1.0859999999999999,1,95,52.5
GREEN,2017-03-25 20:33:07.434,2017-03-25 22:06:13.489,0.0,0,93.10091666666668,0.0,0.0,1,95,52.5
RED,2017-03-25 22:15:43.929,2017-03-25 22:42:05.119,6.77,11,26.353166666666667,0.25689512329321584,0.6154545454545454,1,106,47.0
GREEN,2017-03-25 22:44:50.548,2017-03-25 22:55:35.428,0.0,0,10.748,0.0,0.0,1,106,47.0
RED,2017-03-25 23:11:42.503,2017-03-25 23:20:43.809,1.82,4,9.021766666666668,0.20173432402374994,0.455,1,110,44.99999999999999
GREEN,2017-03-25 23:29:32.239,2017-03-25 23:34:57.394,0.0,0,5.41925,0.0,0.0,1,110,44.99999999999999
RED,2017-03-25 23:38:38.587,2017-03-25 23:52:38.575,4.0,5,13.9998,0.28571836740524864,0.8,1,115,42.50000000000001
GREEN,2017-03-25 23:52:38.575,2017-03-26 04:45:38.551,0.0,0,292.9996,0.0,0.0,1,115,42.50000000000001
RED,2017-03-26 05:01:58.704,2017-03-26 05:16:18.534,2.82,7,14.3305,0.19678308502843583,0.40285714285714286,1,122,39.0
GREEN,2017-03-26 05:27:10.015,2017-03-26 05:32:35.958,0.0,0,5.432383333333333,0.0,0.0,1,122,39.0
RED,2017-03-26 06:53:26.292,2017-03-26 07:05:27.241,2.42,5,12.015816666666666,0.20140120868466424,0.484,1,127,36.5
RED,2017-03-26 07:52:11.602,2017-03-26 07:55:56.560,0.81,1,3.7493,0.21604032752780522,0.81,1,128,36.0
GREEN,2017-03-26 08:17:26.688,2017-03-26 16:21:15.569,0.0,0,483.81468333333333,0.0,0.0,1,128,36.0
RED,2017-03-26 16:24:21.092,2017-03-26 16:48:42.969,5.04,9,24.364616666666667,0.20685734846365322,0.56,1,137,31.5
GREEN,2017-03-26 16:53:16.063,2017-03-26 18:47:17.190,0.0,0,114.01878333333335,0.0,0.0,1,137,31.5
RED,2017-03-26 18:49:25.063,2017-03-26 18:57:33.989,1.61,3,8.148766666666667,0.19757591128309807,0.5366666666666667,1,140,30.0
GREEN,2017-03-26 19:04:35.474,2017-03-26 19:04:53.501,0.0,0,0.30045,0.0,0.0,1,140,30.0
RED,2017-03-26 19:13:49.262,2017-03-26 19:30:52.649,3.43,5,17.056449999999998,0.20109694573020767,0.686,1,145,27.5
GREEN,2017-03-26 19:32:18.772,2017-03-26 19:51:45.611,0.0,0,19.447316666666666,0.0,0.0,1,145,27.5
RED,2017-03-26 20:05:27.892,2017-03-26 20:19:22.185,2.82,8,13.904883333333334,0.2028064480943745,0.3525,1,153,23.5
GREEN,2017-03-26 20:24:31.521,2017-03-26 20:25:39.321,0.0,0,1.13,0.0,0.0,1,153,23.5
RED,2017-03-26 20:39:24.361,2017-03-26 20:52:59.859,2.82,5,13.591633333333334,0.20748058241712425,0.564,1,158,21.0
RED,2017-03-26 20:53:00.349,2017-03-26 21:13:19.404,4.24,9,20.317583333333335,0.2086862364700526,0.47111111111111115,1,9,95.5
GREEN,2017-03-27 06:38:57.464,2017-03-27 07:44:54.629,0.0,0,65.95275,0.0,0.0,1,9,95.5
RED,2017-03-27 07:48:27.902,2017-03-27 08:29:14.912,7.73,12,40.783500000000004,0.18953743548248678,0.6441666666666667,1,21,89.5
GREEN,2017-03-27 08:30:15.544,2017-03-27 08:31:16.147,0.0,0,1.0100500000000001,0.0,0.0,1,21,89.5
RED,2017-03-27 09:13:56.558,2017-03-27 09:35:12.135,4.24,11,21.259616666666666,0.19943915577029064,0.3854545454545455,1,32,84.0
RED,2017-03-27 09:42:59.477,2017-03-27 09:50:39.499,2.08,3,7.667033333333333,0.2712913730212903,0.6933333333333334,1,35,82.5
GREEN,2017-03-27 09:53:08.913,2017-03-27 10:36:59.590,0.0,0,43.84461666666667,0.0,0.0,1,35,82.5
RED,2017-03-27 10:50:36.423,2017-03-27 11:15:09.342,6.51,8,24.548650000000002,0.2651876987125565,0.81375,1,43,78.5
RED,2017-03-27 11:21:56.762,2017-03-27 11:38:07.403,3.23,9,16.17735,0.19966187292727178,0.35888888888888887,1,52,74.0
RED,2017-03-27 11:41:25.118,2017-03-27 11:51:09.859,2.02,3,9.745683333333334,0.2072712534267308,0.6733333333333333,1,55,72.5
RED,2017-03-27 11:57:55.000,2017-03-27 12:33:21.811,6.6,8,35.446850000000005,0.1861942598566586,0.825,1,63,68.5
RED,2017-03-27 12:35:15.149,2017-03-27 12:43:56.914,1.82,3,8.696083333333332,0.20928962272287335,0.6066666666666667,1,66,67.0
GREEN,2017-03-27 12:44:23.395,2017-03-27 12:49:24.284,0.0,0,5.0148166666666665,0.0,0.0,1,66,67.0
RED,2017-03-27 12:52:37.395,2017-03-27 13:01:32.863,1.65,1,8.924466666666666,0.18488499779632023,1.65,1,67,66.5
GREEN,2017-03-27 13:04:54.852,2017-03-27 13:33:09.247,0.0,0,28.239916666666666,0.0,0.0,1,67,66.5
RED,2017-03-27 14:45:16.482,2017-03-27 15:13:04.903,5.65,11,27.807016666666666,0.20318612628347404,0.5136363636363637,1,78,61.0
RED,2017-03-27 15:16:07.332,2017-03-27 15:54:15.266,9.6,7,38.13223333333334,0.25175551392653805,1.3714285714285714,1,85,57.5
GREEN,2017-03-27 16:04:47.060,2017-03-27 16:58:08.126,0.0,0,53.351099999999995,0.0,0.0,1,85,57.5
RED,2017-03-27 16:58:30.381,2017-03-27 17:14:42.035,4.17,3,16.194233333333333,0.25749906859849286,1.39,1,88,56.0
RED,2017-03-27 17:14:54.077,2017-03-27 17:46:38.582,8.4,11,31.741750000000003,0.2646356927390582,0.7636363636363637,1,99,50.5
RED,2017-03-27 17:55:11.633,2017-03-27 18:12:52.734,5.14,7,17.68501666666667,0.29064151291912826,0.7342857142857142,1,106,47.0
RED,2017-03-27 18:13:22.918,2017-03-27 18:41:05.185,5.56,7,27.70445,0.20068978088357645,0.7942857142857143,1,113,43.50000000000001
RED,2017-03-27 18:44:16.824,2017-03-27 19:09:02.362,5.04,9,24.758966666666666,0.20356261502566747,0.56,1,122,39.0
GREEN,2017-03-27 19:12:56.203,2017-03-27 20:40:25.740,0.0,0,87.49228333333333,0.0,0.0,1,122,39.0
RED,2017-03-27 20:41:34.441,2017-03-27 20:53:13.590,3.13,6,11.652483333333333,0.2686122700597441,0.5216666666666666,1,128,36.0
GREEN,2017-03-27 20:58:08.309,2017-03-27 21:01:49.760,0.0,0,3.6908499999999997,0.0,0.0,1,128,36.0
RED,2017-03-27 21:05:26.701,2017-03-27 21:13:56.896,1.82,2,8.50325,0.21403580983741513,0.91,1,130,35.0
RED,2017-03-27 21:18:19.179,2017-03-27 21:43:58.789,6.77,12,25.660166666666665,0.2638330486291983,0.5641666666666666,1,142,29.0
GREEN,2017-03-27 21:55:53.789,2017-03-28 06:52:49.233,0.0,0,536.9240666666667,0.0,0.0,1,142,29.0
RED,2017-03-28 07:49:13.167,2017-03-28 07:59:44.034,2.22,3,10.51445,0.21113800531649304,0.7400000000000001,1,145,27.5
RED,2017-03-28 08:02:04.091,2017-03-28 08:15:50.526,2.82,3,13.773916666666667,0.20473479462994668,0.94,1,148,26.0
GREEN,2017-03-28 08:17:34.181,2017-03-28 09:05:11.245,0.0,0,47.617733333333334,0.0,0.0,1,148,26.0
RED,2017-03-28 09:12:42.569,2017-03-28 09:50:32.571,10.86,9,37.83336666666666,0.28704820524387203,1.2066666666666666,1,157,21.5
RED,2017-03-28 09:54:37.520,2017-03-28 10:02:31.285,2.08,1,7.896083333333333,0.26342173862568996,2.08,1,158,21.0
RED,2017-03-28 10:12:58.361,2017-03-28 10:18:38.508,1.21,1,5.669116666666667,0.21343713159310532,1.21,1,159,20.5
RED,2017-03-28 10:25:14.169,2017-03-28 10:54:00.919,5.6,9,28.779166666666665,0.1945852034168235,0.6222222222222222,1,9,95.5
GREEN,2017-03-28 19:54:19.015,2017-03-28 20:07:44.625,0.0,0,13.426833333333333,0.0,0.0,1,9,95.5
RED,2017-03-28 20:30:45.814,2017-03-28 20:54:46.367,6.86,17,24.009216666666667,0.28572360753127446,0.4035294117647059,1,26,87.0
GREEN,2017-03-28 20:56:10.022,2017-03-28 20:56:35.287,0.0,0,0.42108333333333337,0.0,0.0,1,26,87.0
RED,2017-03-28 21:05:58.172,2017-03-28 21:26:56.532,4.15,11,20.972666666666665,0.1978766012905687,0.3772727272727273,1,37,81.5
GREEN,2017-03-28 21:29:01.576,2017-03-28 22:35:22.890,0.0,0,66.35523333333333,0.0,0.0,1,37,81.5
RED,2017-03-28 22:35:44.126,2017-03-28 22:54:28.754,3.83,9,18.7438,0.2043342331864403,0.4255555555555556,1,46,77.0
GREEN,2017-03-28 22:56:53.007,2017-03-29 06:40:39.402,0.0,0,463.77325,0.0,0.0,1,46,77.0
RED,2017-03-29 06:44:31.739,2017-03-29 07:17:08.875,6.45,15,32.61893333333333,0.1977379190817603,0.43,1,61,69.5
GREEN,2017-03-29 07:17:10.032,2017-03-29 08:37:24.855,0.0,0,80.24705,0.0,0.0,1,61,69.5
RED,2017-03-29 08:47:37.770,2017-03-29 09:26:41.896,7.87,12,39.06876666666667,0.20143968370300913,0.6558333333333334,1,73,63.5
RED,2017-03-29 09:28:05.695,2017-03-29 09:46:51.026,3.83,8,18.755516666666665,0.2042065845515675,0.47875,1,81,59.5
GREEN,2017-03-29 10:16:34.126,2017-03-29 13:31:25.475,0.0,0,194.85581666666667,0.0,0.0,1,81,59.5
RED,2017-03-29 13:33:35.812,2017-03-29 13:44:37.227,2.42,5,11.023583333333333,0.21952934239471436,0.484,1,86,57.0
RED,2017-03-29 13:45:54.743,2017-03-29 13:59:20.055,2.82,4,13.421866666666666,0.21010490344115076,0.705,1,90,55.0
RED,2017-03-29 14:04:14.581,2017-03-29 14:14:58.145,2.22,4,10.726066666666666,0.20697242232318777,0.555,1,94,53.0
RED,2017-03-29 14:23:04.878,2017-03-29 14:54:14.155,6.25,14,31.154616666666666,0.200612322304292,0.44642857142857145,1,108,46.0
RED,2017-03-29 14:59:08.373,2017-03-29 16:42:31.290,18.96,7,103.38195,0.18339758536185474,2.7085714285714286,1,115,42.50000000000001
RED,2017-03-29 16:43:06.090,2017-03-29 17:04:24.693,4.44,8,21.31005,0.2083523971084066,0.555,1,123,38.5
GREEN,2017-03-29 17:09:54.657,2017-03-29 17:11:19.902,0.0,0,1.4207500000000002,0.0,0.0,1,123,38.5
RED,2017-03-29 17:18:07.584,2017-03-29 17:45:56.431,7.09,7,27.814116666666667,0.254906531275785,1.012857142857143,1,130,35.0
GREEN,2017-03-29 17:46:21.090,2017-03-29 18:20:21.201,0.0,0,34.001850000000005,0.0,0.0,1,130,35.0
RED,2017-03-29 18:23:25.654,2017-03-29 18:30:32.132,1.41,3,7.107966666666667,0.1983689662772757,0.47,1,133,33.5
GREEN,2017-03-29 18:31:19.385,2017-03-29 18:31:31.861,0.0,0,0.20793333333333336,0.0,0.0,1,133,33.5
RED,2017-03-29 18:34:29.012,2017-03-29 19:06:43.640,6.37,11,32.2438,0.1975573598645321,0.5790909090909091,1,144,28.0
GREEN,2017-03-29 19:09:00.973,2017-03-29 23:20:54.460,0.0,0,251.89145,0.0,0.0,1,144,28.0
RED,2017-03-29 23:29:13.455,2017-03-29 23:40:35.002,2.42,8,11.359116666666667,0.2130447349925977,0.3025,1,152,24.0
GREEN,2017-03-29 23:48:24.034,2017-03-30 00:14:20.619,0.0,0,25.943083333333334,0.0,0.0,1,152,24.0
RED,2017-03-30 00:34:16.203,2017-03-30 00:40:39.910,1.21,2,6.395116666666667,0.18920686878269097,0.605,1,154,23.0
GREEN,2017-03-30 00:40:39.910,2017-03-30 06:00:52.122,0.0,0,320.2035333333333,0.0,0.0,1,154,23.0
RED,2017-03-30 06:17:24.845,2017-03-30 06:25:01.693,1.41,3,7.614133333333333,0.18518194235281757,0.47,1,157,21.5
GREEN,2017-03-30 06:27:00.923,2017-03-30 07:20:23.411,0.0,0,53.3748,0.0,0.0,1,157,21.5
RED,2017-03-30 07:35:47.616,2017-03-30 07:51:25.700,3.23,6,15.634733333333333,0.20659130738825093,0.5383333333333333,1,6,97.0
GREEN,2017-03-30 16:55:48.660,2017-03-30 19:44:15.126,0.0,0,168.4411,0.0,0.0,1,6,97.0
RED,2017-03-30 20:25:35.685,2017-03-30 20:41:35.153,3.23,5,15.991133333333332,0.20198693442616117,0.646,1,11,94.5
RED,2017-03-30 20:45:06.887,2017-03-30 21:00:00.267,3.02,4,14.889666666666667,0.20282522554791912,0.755,1,15,92.5
RED,2017-03-30 21:01:17.036,2017-03-30 21:08:53.802,1.61,3,7.612766666666667,0.21148684446740781,0.5366666666666667,1,18,91.0
GREEN,2017-03-30 21:14:52.934,2017-03-30 21:16:24.862,0.0,0,1.5321333333333333,0.0,0.0,1,18,91.0
RED,2017-03-30 21:32:55.990,2017-03-30 21:42:09.097,1.61,0,9.218449999999999,0.1746497513139411,inf,1,18,91.0
GREEN,2017-03-30 21:46:42.064,2017-03-30 21:57:02.121,0.0,0,10.334283333333333,0.0,0.0,1,18,91.0
RED,2017-03-30 22:14:33.574,2017-03-30 22:50:46.691,7.21,30,36.21861666666667,0.19906889504798866,0.24033333333333334,1,48,76.0
RED,2017-03-30 22:50:57.952,2017-03-30 23:15:16.870,4.84,9,24.315299999999997,0.1990516259309982,0.5377777777777778,1,57,71.5
GREEN,2017-03-30 23:17:09.808,2017-03-30 23:19:36.370,0.0,0,2.4427000000000003,0.0,0.0,1,57,71.5
RED,2017-03-30 23:19:46.736,2017-03-31 00:15:13.837,11.21,25,55.451683333333335,0.2021579747654189,0.4484,1,82,59.0
GREEN,2017-03-31 00:16:01.717,2017-03-31 06:10:13.265,0.0,0,354.19246666666663,0.0,0.0,1,82,59.0
RED,2017-03-31 06:30:24.117,2017-03-31 06:51:55.679,4.24,16,21.52603333333333,0.1969707996983498,0.265,1,98,51.0
RED,2017-03-31 06:53:09.292,2017-03-31 07:07:45.182,3.91,5,14.598166666666666,0.2678418522873877,0.782,1,103,48.5
GREEN,2017-03-31 07:23:10.036,2017-03-31 07:24:51.482,0.0,0,1.6907666666666665,0.0,0.0,1,103,48.5
RED,2017-03-31 07:29:32.552,2017-03-31 07:44:13.819,3.03,7,14.687783333333334,0.20629389277029547,0.43285714285714283,1,110,44.99999999999999
GREEN,2017-03-31 07:47:39.088,2017-03-31 07:52:09.204,0.0,0,4.501933333333333,0.0,0.0,1,110,44.99999999999999
RED,2017-03-31 08:08:55.674,2017-03-31 08:37:22.668,8.0,10,28.4499,0.2811960674729964,0.8,1,120,40.0
GREEN,2017-03-31 08:37:35.382,2017-03-31 08:44:26.962,0.0,0,6.859666666666667,0.0,0.0,1,120,40.0
RED,2017-03-31 08:51:17.223,2017-03-31 09:10:29.361,3.95,7,19.202299999999997,0.2057045249787786,0.5642857142857143,1,127,36.5
GREEN,2017-03-31 09:11:29.812,2017-03-31 14:54:00.954,0.0,0,342.5190333333333,0.0,0.0,1,127,36.5
RED,2017-03-31 14:56:09.865,2017-03-31 15:01:49.557,1.01,2,5.661533333333334,0.17839690072183034,0.505,1,129,35.5
GREEN,2017-03-31 15:05:40.539,2017-03-31 15:11:12.870,0.0,0,5.53885,0.0,0.0,1,129,35.5
RED,2017-03-31 15:35:37.439,2017-03-31 15:45:59.121,2.02,1,10.361366666666667,0.19495497698180098,2.02,1,130,35.0
GREEN,2017-03-31 15:46:59.772,2017-03-31 16:37:33.930,0.0,0,50.5693,0.0,0.0,1,130,35.0
RED,2017-03-31 16:52:11.992,2017-03-31 17:30:55.482,10.16,17,38.72483333333333,0.2623639438947446,0.5976470588235294,1,147,26.5
GREEN,2017-03-31 17:30:55.482,2017-03-31 20:26:28.229,0.0,0,175.54578333333333,0.0,0.0,1,147,26.5
RED,2017-03-31 20:32:14.348,2017-03-31 20:47:32.372,3.91,5,15.3004,0.25554887453922775,0.782,1,152,24.0
GREEN,2017-03-31 20:47:32.372,2017-03-31 23:03:24.930,0.0,0,135.87596666666667,0.0,0.0,1,152,24.0
RED,2017-03-31 23:03:29.434,2017-03-31 23:22:54.385,4.71,7,19.41585,0.24258531045511786,0.6728571428571428,1,159,20.5
GREEN,2017-03-31 23:25:14.491,2017-03-31 23:25:20.454,0.0,0,0.09938333333333334,0.0,0.0,1,159,20.5
RED,2017-03-31 23:29:09.640,2017-03-31 23:52:30.902,4.84,10,23.354366666666667,0.2072417577869092,0.484,1,10,95.0
